-- -------------------------------------------------------------
-- TablePlus 3.7.1(332)
--
-- https://tableplus.com/
--
-- Database: devdb
-- Generation Time: 2026-06-14 01:21:04.6080
-- -------------------------------------------------------------


DROP TABLE IF EXISTS "public"."athletic_test_results";
-- This script only contains the table creation statements and does not fully represent the table in the database. It's still missing: indices, triggers. Do not use it as a backup.

-- Sequence and defined type
CREATE SEQUENCE IF NOT EXISTS athletic_test_results_id_seq;

-- Table Definition
CREATE TABLE "public"."athletic_test_results" (
    "id" int4 NOT NULL DEFAULT nextval('athletic_test_results_id_seq'::regclass),
    "player_team_id" int4 NOT NULL,
    "athletic_test_type_id" int4 NOT NULL,
    "test_date" date NOT NULL,
    "value" numeric(8,2) NOT NULL,
    "notes" text,
    "created_by" varchar(100),
    "updated_by" varchar(100),
    "created_at" timestamp NOT NULL DEFAULT CURRENT_TIMESTAMP,
    "updated_at" timestamp NOT NULL DEFAULT CURRENT_TIMESTAMP,
    PRIMARY KEY ("id")
);

DROP TABLE IF EXISTS "public"."athletic_test_types";
-- This script only contains the table creation statements and does not fully represent the table in the database. It's still missing: indices, triggers. Do not use it as a backup.

-- Sequence and defined type
CREATE SEQUENCE IF NOT EXISTS athletic_test_types_id_seq;

-- Table Definition
CREATE TABLE "public"."athletic_test_types" (
    "id" int4 NOT NULL DEFAULT nextval('athletic_test_types_id_seq'::regclass),
    "code" varchar(50) NOT NULL,
    "description" varchar(100) NOT NULL,
    "unit" varchar(50) NOT NULL,
    "lower_is_better" bool NOT NULL DEFAULT false,
    "active" bool NOT NULL DEFAULT true,
    "created_at" timestamp NOT NULL DEFAULT CURRENT_TIMESTAMP,
    "updated_at" timestamp NOT NULL DEFAULT CURRENT_TIMESTAMP,
    PRIMARY KEY ("id")
);

DROP TABLE IF EXISTS "public"."attendance_records";
-- This script only contains the table creation statements and does not fully represent the table in the database. It's still missing: indices, triggers. Do not use it as a backup.

-- Sequence and defined type
CREATE SEQUENCE IF NOT EXISTS attendance_records_id_seq;

-- Table Definition
CREATE TABLE "public"."attendance_records" (
    "id" int4 NOT NULL DEFAULT nextval('attendance_records_id_seq'::regclass),
    "player_team_id" int4 NOT NULL,
    "training_session_id" int4 NOT NULL,
    "attendance_status_id" int4 NOT NULL,
    "notes" text,
    "created_by" varchar(100),
    "updated_by" varchar(100),
    "created_at" timestamp NOT NULL DEFAULT CURRENT_TIMESTAMP,
    "updated_at" timestamp NOT NULL DEFAULT CURRENT_TIMESTAMP,
    PRIMARY KEY ("id")
);

DROP TABLE IF EXISTS "public"."attendance_statuses";
-- This script only contains the table creation statements and does not fully represent the table in the database. It's still missing: indices, triggers. Do not use it as a backup.

-- Sequence and defined type
CREATE SEQUENCE IF NOT EXISTS attendance_statuses_id_seq;

-- Table Definition
CREATE TABLE "public"."attendance_statuses" (
    "id" int4 NOT NULL DEFAULT nextval('attendance_statuses_id_seq'::regclass),
    "code" varchar(50) NOT NULL,
    "description" varchar(100) NOT NULL,
    "active" bool NOT NULL DEFAULT true,
    "created_at" timestamp NOT NULL DEFAULT CURRENT_TIMESTAMP,
    "updated_at" timestamp NOT NULL DEFAULT CURRENT_TIMESTAMP,
    PRIMARY KEY ("id")
);

DROP TABLE IF EXISTS "public"."clubs";
-- This script only contains the table creation statements and does not fully represent the table in the database. It's still missing: indices, triggers. Do not use it as a backup.

-- Sequence and defined type
CREATE SEQUENCE IF NOT EXISTS clubs_id_seq;

-- Table Definition
CREATE TABLE "public"."clubs" (
    "id" int4 NOT NULL DEFAULT nextval('clubs_id_seq'::regclass),
    "name" varchar(100) NOT NULL,
    "short_name" varchar(50),
    "active" bool NOT NULL DEFAULT true,
    "created_at" timestamp NOT NULL DEFAULT CURRENT_TIMESTAMP,
    "updated_at" timestamp NOT NULL DEFAULT CURRENT_TIMESTAMP,
    PRIMARY KEY ("id")
);

DROP TABLE IF EXISTS "public"."coach_roles";
-- This script only contains the table creation statements and does not fully represent the table in the database. It's still missing: indices, triggers. Do not use it as a backup.

-- Sequence and defined type
CREATE SEQUENCE IF NOT EXISTS coach_roles_id_seq;

-- Table Definition
CREATE TABLE "public"."coach_roles" (
    "id" int4 NOT NULL DEFAULT nextval('coach_roles_id_seq'::regclass),
    "code" varchar(50) NOT NULL,
    "description" varchar(100) NOT NULL,
    "active" bool NOT NULL DEFAULT true,
    "created_at" timestamp NOT NULL DEFAULT CURRENT_TIMESTAMP,
    "updated_at" timestamp NOT NULL DEFAULT CURRENT_TIMESTAMP,
    PRIMARY KEY ("id")
);

DROP TABLE IF EXISTS "public"."coaches";
-- This script only contains the table creation statements and does not fully represent the table in the database. It's still missing: indices, triggers. Do not use it as a backup.

-- Sequence and defined type
CREATE SEQUENCE IF NOT EXISTS coaches_id_seq;

-- Table Definition
CREATE TABLE "public"."coaches" (
    "id" int4 NOT NULL DEFAULT nextval('coaches_id_seq'::regclass),
    "first_name" varchar(100) NOT NULL,
    "last_name" varchar(100) NOT NULL,
    "birth_date" date,
    "document_number" varchar(50),
    "email" varchar(150),
    "phone" varchar(50),
    "active" bool NOT NULL DEFAULT true,
    "created_at" timestamp NOT NULL DEFAULT CURRENT_TIMESTAMP,
    "updated_at" timestamp NOT NULL DEFAULT CURRENT_TIMESTAMP,
    PRIMARY KEY ("id")
);

DROP TABLE IF EXISTS "public"."evaluation_categories";
-- This script only contains the table creation statements and does not fully represent the table in the database. It's still missing: indices, triggers. Do not use it as a backup.

-- Sequence and defined type
CREATE SEQUENCE IF NOT EXISTS evaluation_categories_id_seq;

-- Table Definition
CREATE TABLE "public"."evaluation_categories" (
    "id" int4 NOT NULL DEFAULT nextval('evaluation_categories_id_seq'::regclass),
    "code" varchar(50) NOT NULL,
    "description" varchar(100) NOT NULL,
    "active" bool NOT NULL DEFAULT true,
    "created_at" timestamp NOT NULL DEFAULT CURRENT_TIMESTAMP,
    "updated_at" timestamp NOT NULL DEFAULT CURRENT_TIMESTAMP,
    PRIMARY KEY ("id")
);

DROP TABLE IF EXISTS "public"."evaluation_criteria";
-- This script only contains the table creation statements and does not fully represent the table in the database. It's still missing: indices, triggers. Do not use it as a backup.

-- Sequence and defined type
CREATE SEQUENCE IF NOT EXISTS evaluation_criteria_id_seq;

-- Table Definition
CREATE TABLE "public"."evaluation_criteria" (
    "id" int4 NOT NULL DEFAULT nextval('evaluation_criteria_id_seq'::regclass),
    "evaluation_category_id" int4 NOT NULL,
    "code" varchar(50) NOT NULL,
    "description" varchar(100) NOT NULL,
    "active" bool NOT NULL DEFAULT true,
    "created_at" timestamp NOT NULL DEFAULT CURRENT_TIMESTAMP,
    "updated_at" timestamp NOT NULL DEFAULT CURRENT_TIMESTAMP,
    PRIMARY KEY ("id")
);

DROP TABLE IF EXISTS "public"."match_event_types";
-- This script only contains the table creation statements and does not fully represent the table in the database. It's still missing: indices, triggers. Do not use it as a backup.

-- Sequence and defined type
CREATE SEQUENCE IF NOT EXISTS match_event_types_id_seq;

-- Table Definition
CREATE TABLE "public"."match_event_types" (
    "id" int4 NOT NULL DEFAULT nextval('match_event_types_id_seq'::regclass),
    "code" varchar(50) NOT NULL,
    "description" varchar(100) NOT NULL,
    "active" bool NOT NULL DEFAULT true,
    "created_at" timestamp NOT NULL DEFAULT CURRENT_TIMESTAMP,
    "updated_at" timestamp NOT NULL DEFAULT CURRENT_TIMESTAMP,
    PRIMARY KEY ("id")
);

DROP TABLE IF EXISTS "public"."match_events";
-- This script only contains the table creation statements and does not fully represent the table in the database. It's still missing: indices, triggers. Do not use it as a backup.

-- Sequence and defined type
CREATE SEQUENCE IF NOT EXISTS match_events_id_seq;

-- Table Definition
CREATE TABLE "public"."match_events" (
    "id" int4 NOT NULL DEFAULT nextval('match_events_id_seq'::regclass),
    "match_id" int4 NOT NULL,
    "player_team_id" int4,
    "match_event_type_id" int4 NOT NULL,
    "minute" int4,
    "value" numeric(8,2) DEFAULT 1,
    "notes" text,
    "created_by" varchar(100),
    "updated_by" varchar(100),
    "created_at" timestamp NOT NULL DEFAULT CURRENT_TIMESTAMP,
    "updated_at" timestamp NOT NULL DEFAULT CURRENT_TIMESTAMP,
    PRIMARY KEY ("id")
);

DROP TABLE IF EXISTS "public"."match_player_records";
-- This script only contains the table creation statements and does not fully represent the table in the database. It's still missing: indices, triggers. Do not use it as a backup.

-- Sequence and defined type
CREATE SEQUENCE IF NOT EXISTS match_player_records_id_seq;

-- Table Definition
CREATE TABLE "public"."match_player_records" (
    "id" int4 NOT NULL DEFAULT nextval('match_player_records_id_seq'::regclass),
    "match_id" int4 NOT NULL,
    "player_team_id" int4 NOT NULL,
    "player_position_id" int4,
    "starter" bool NOT NULL DEFAULT false,
    "captain" bool NOT NULL DEFAULT false,
    "minutes_played" int4,
    "jersey_number" int4,
    "notes" text,
    "created_by" varchar(100),
    "updated_by" varchar(100),
    "created_at" timestamp NOT NULL DEFAULT CURRENT_TIMESTAMP,
    "updated_at" timestamp NOT NULL DEFAULT CURRENT_TIMESTAMP,
    PRIMARY KEY ("id")
);

DROP TABLE IF EXISTS "public"."match_types";
-- This script only contains the table creation statements and does not fully represent the table in the database. It's still missing: indices, triggers. Do not use it as a backup.

-- Sequence and defined type
CREATE SEQUENCE IF NOT EXISTS match_types_id_seq;

-- Table Definition
CREATE TABLE "public"."match_types" (
    "id" int4 NOT NULL DEFAULT nextval('match_types_id_seq'::regclass),
    "code" varchar(50) NOT NULL,
    "description" varchar(100) NOT NULL,
    "active" bool NOT NULL DEFAULT true,
    "created_at" timestamp NOT NULL DEFAULT CURRENT_TIMESTAMP,
    "updated_at" timestamp NOT NULL DEFAULT CURRENT_TIMESTAMP,
    PRIMARY KEY ("id")
);

DROP TABLE IF EXISTS "public"."matches";
-- This script only contains the table creation statements and does not fully represent the table in the database. It's still missing: indices, triggers. Do not use it as a backup.

-- Sequence and defined type
CREATE SEQUENCE IF NOT EXISTS matches_id_seq;

-- Table Definition
CREATE TABLE "public"."matches" (
    "id" int4 NOT NULL DEFAULT nextval('matches_id_seq'::regclass),
    "team_id" int4 NOT NULL,
    "match_type_id" int4 NOT NULL,
    "match_date" date NOT NULL,
    "opponent_name" varchar(100) NOT NULL,
    "location" varchar(150),
    "home_away" varchar(20) CHECK ((home_away)::text = ANY ((ARRAY['home'::character varying, 'away'::character varying, 'neutral'::character varying])::text[])),
    "score_for" int4,
    "score_against" int4,
    "notes" text,
    "created_by" varchar(100),
    "updated_by" varchar(100),
    "created_at" timestamp NOT NULL DEFAULT CURRENT_TIMESTAMP,
    "updated_at" timestamp NOT NULL DEFAULT CURRENT_TIMESTAMP,
    "squad_id" int4,
    PRIMARY KEY ("id")
);

DROP TABLE IF EXISTS "public"."player_evaluation_items";
-- This script only contains the table creation statements and does not fully represent the table in the database. It's still missing: indices, triggers. Do not use it as a backup.

-- Sequence and defined type
CREATE SEQUENCE IF NOT EXISTS player_evaluation_items_id_seq;

-- Table Definition
CREATE TABLE "public"."player_evaluation_items" (
    "id" int4 NOT NULL DEFAULT nextval('player_evaluation_items_id_seq'::regclass),
    "player_evaluation_id" int4 NOT NULL,
    "evaluation_criteria_id" int4 NOT NULL,
    "score" int4 NOT NULL CHECK ((score >= 1) AND (score <= 10)),
    "notes" text,
    "created_by" varchar(100),
    "updated_by" varchar(100),
    "created_at" timestamp NOT NULL DEFAULT CURRENT_TIMESTAMP,
    "updated_at" timestamp NOT NULL DEFAULT CURRENT_TIMESTAMP,
    PRIMARY KEY ("id")
);

DROP TABLE IF EXISTS "public"."player_evaluations";
-- This script only contains the table creation statements and does not fully represent the table in the database. It's still missing: indices, triggers. Do not use it as a backup.

-- Sequence and defined type
CREATE SEQUENCE IF NOT EXISTS player_evaluations_id_seq;

-- Table Definition
CREATE TABLE "public"."player_evaluations" (
    "id" int4 NOT NULL DEFAULT nextval('player_evaluations_id_seq'::regclass),
    "player_team_id" int4 NOT NULL,
    "evaluator_coach_id" int4,
    "evaluation_date" date NOT NULL,
    "notes" text,
    "created_by" varchar(100),
    "updated_by" varchar(100),
    "created_at" timestamp NOT NULL DEFAULT CURRENT_TIMESTAMP,
    "updated_at" timestamp NOT NULL DEFAULT CURRENT_TIMESTAMP,
    PRIMARY KEY ("id")
);

DROP TABLE IF EXISTS "public"."player_level_evaluations";
-- This script only contains the table creation statements and does not fully represent the table in the database. It's still missing: indices, triggers. Do not use it as a backup.

-- Sequence and defined type
CREATE SEQUENCE IF NOT EXISTS player_level_evaluations_id_seq;

-- Table Definition
CREATE TABLE "public"."player_level_evaluations" (
    "id" int4 NOT NULL DEFAULT nextval('player_level_evaluations_id_seq'::regclass),
    "player_team_id" int4 NOT NULL,
    "evaluator_coach_id" int4,
    "evaluation_date" date NOT NULL,
    "level_score" numeric(4,2) NOT NULL CHECK ((level_score >= (1)::numeric) AND (level_score <= (10)::numeric)),
    "notes" text,
    "created_by" varchar(100),
    "updated_by" varchar(100),
    "created_at" timestamp NOT NULL DEFAULT CURRENT_TIMESTAMP,
    "updated_at" timestamp NOT NULL DEFAULT CURRENT_TIMESTAMP,
    PRIMARY KEY ("id")
);

DROP TABLE IF EXISTS "public"."player_measurements";
-- This script only contains the table creation statements and does not fully represent the table in the database. It's still missing: indices, triggers. Do not use it as a backup.

-- Sequence and defined type
CREATE SEQUENCE IF NOT EXISTS player_measurements_id_seq;

-- Table Definition
CREATE TABLE "public"."player_measurements" (
    "id" int4 NOT NULL DEFAULT nextval('player_measurements_id_seq'::regclass),
    "player_team_id" int4 NOT NULL,
    "measurement_date" date NOT NULL,
    "height_cm" numeric(5,2),
    "weight_kg" numeric(5,2),
    "notes" text,
    "created_by" varchar(100),
    "updated_by" varchar(100),
    "created_at" timestamp NOT NULL DEFAULT CURRENT_TIMESTAMP,
    "updated_at" timestamp NOT NULL DEFAULT CURRENT_TIMESTAMP,
    PRIMARY KEY ("id")
);

DROP TABLE IF EXISTS "public"."player_positions";
-- This script only contains the table creation statements and does not fully represent the table in the database. It's still missing: indices, triggers. Do not use it as a backup.

-- Sequence and defined type
CREATE SEQUENCE IF NOT EXISTS player_positions_id_seq;

-- Table Definition
CREATE TABLE "public"."player_positions" (
    "id" int4 NOT NULL DEFAULT nextval('player_positions_id_seq'::regclass),
    "player_position_number" int4,
    "code" varchar(50) NOT NULL,
    "description" varchar(100) NOT NULL,
    "position_group" varchar(30) NOT NULL,
    "position_sub_group" varchar(50) NOT NULL,
    "active" bool NOT NULL DEFAULT true,
    "created_at" timestamp NOT NULL DEFAULT CURRENT_TIMESTAMP,
    "updated_at" timestamp NOT NULL DEFAULT CURRENT_TIMESTAMP,
    PRIMARY KEY ("id")
);

DROP TABLE IF EXISTS "public"."player_teams";
-- This script only contains the table creation statements and does not fully represent the table in the database. It's still missing: indices, triggers. Do not use it as a backup.

-- Sequence and defined type
CREATE SEQUENCE IF NOT EXISTS player_teams_id_seq;

-- Table Definition
CREATE TABLE "public"."player_teams" (
    "id" int4 NOT NULL DEFAULT nextval('player_teams_id_seq'::regclass),
    "player_id" int4 NOT NULL,
    "team_id" int4 NOT NULL,
    "primary_position_id" int4,
    "alternative_position_id" int4,
    "active" bool NOT NULL DEFAULT true,
    "joined_at" date,
    "left_at" date,
    "notes" text,
    "created_by" varchar(100),
    "updated_by" varchar(100),
    "created_at" timestamp NOT NULL DEFAULT CURRENT_TIMESTAMP,
    "updated_at" timestamp NOT NULL DEFAULT CURRENT_TIMESTAMP,
    PRIMARY KEY ("id")
);

DROP TABLE IF EXISTS "public"."players";
-- This script only contains the table creation statements and does not fully represent the table in the database. It's still missing: indices, triggers. Do not use it as a backup.

-- Sequence and defined type
CREATE SEQUENCE IF NOT EXISTS players_id_seq;

-- Table Definition
CREATE TABLE "public"."players" (
    "id" int4 NOT NULL DEFAULT nextval('players_id_seq'::regclass),
    "first_name" varchar(100) NOT NULL,
    "last_name" varchar(100) NOT NULL,
    "birth_date" date,
    "document_number" varchar(50),
    "email" varchar(150),
    "phone" varchar(50),
    "active" bool NOT NULL DEFAULT true,
    "created_at" timestamp NOT NULL DEFAULT CURRENT_TIMESTAMP,
    "updated_at" timestamp NOT NULL DEFAULT CURRENT_TIMESTAMP,
    PRIMARY KEY ("id")
);

DROP TABLE IF EXISTS "public"."seasons";
-- This script only contains the table creation statements and does not fully represent the table in the database. It's still missing: indices, triggers. Do not use it as a backup.

-- Sequence and defined type
CREATE SEQUENCE IF NOT EXISTS seasons_id_seq;

-- Table Definition
CREATE TABLE "public"."seasons" (
    "id" int4 NOT NULL DEFAULT nextval('seasons_id_seq'::regclass),
    "year" int4 NOT NULL,
    "description" varchar(100),
    "active" bool NOT NULL DEFAULT true,
    "created_at" timestamp NOT NULL DEFAULT CURRENT_TIMESTAMP,
    "updated_at" timestamp NOT NULL DEFAULT CURRENT_TIMESTAMP,
    PRIMARY KEY ("id")
);

DROP TABLE IF EXISTS "public"."squads";
-- This script only contains the table creation statements and does not fully represent the table in the database. It's still missing: indices, triggers. Do not use it as a backup.

-- Sequence and defined type
CREATE SEQUENCE IF NOT EXISTS squads_id_seq;

-- Table Definition
CREATE TABLE "public"."squads" (
    "id" int4 NOT NULL DEFAULT nextval('squads_id_seq'::regclass),
    "team_id" int4 NOT NULL,
    "code" varchar(20) NOT NULL,
    "description" varchar(100) NOT NULL,
    "active" bool NOT NULL DEFAULT true,
    "created_at" timestamp NOT NULL DEFAULT CURRENT_TIMESTAMP,
    "updated_at" timestamp NOT NULL DEFAULT CURRENT_TIMESTAMP,
    PRIMARY KEY ("id")
);

DROP TABLE IF EXISTS "public"."staff_attendance_records";
-- This script only contains the table creation statements and does not fully represent the table in the database. It's still missing: indices, triggers. Do not use it as a backup.

-- Sequence and defined type
CREATE SEQUENCE IF NOT EXISTS staff_attendance_records_id_seq;

-- Table Definition
CREATE TABLE "public"."staff_attendance_records" (
    "id" int4 NOT NULL DEFAULT nextval('staff_attendance_records_id_seq'::regclass),
    "team_coach_id" int4 NOT NULL,
    "training_session_id" int4 NOT NULL,
    "attendance_status_id" int4 NOT NULL,
    "notes" text,
    "created_by" varchar(100),
    "updated_by" varchar(100),
    "created_at" timestamp NOT NULL DEFAULT CURRENT_TIMESTAMP,
    "updated_at" timestamp NOT NULL DEFAULT CURRENT_TIMESTAMP,
    PRIMARY KEY ("id")
);

DROP TABLE IF EXISTS "public"."team_coaches";
-- This script only contains the table creation statements and does not fully represent the table in the database. It's still missing: indices, triggers. Do not use it as a backup.

-- Sequence and defined type
CREATE SEQUENCE IF NOT EXISTS team_coaches_id_seq;

-- Table Definition
CREATE TABLE "public"."team_coaches" (
    "id" int4 NOT NULL DEFAULT nextval('team_coaches_id_seq'::regclass),
    "team_id" int4 NOT NULL,
    "coach_id" int4 NOT NULL,
    "coach_role_id" int4 NOT NULL,
    "priority" int4 DEFAULT 1,
    "active" bool NOT NULL DEFAULT true,
    "joined_at" date,
    "left_at" date,
    "notes" text,
    "created_by" varchar(100),
    "updated_by" varchar(100),
    "created_at" timestamp NOT NULL DEFAULT CURRENT_TIMESTAMP,
    "updated_at" timestamp NOT NULL DEFAULT CURRENT_TIMESTAMP,
    PRIMARY KEY ("id")
);

DROP TABLE IF EXISTS "public"."teams";
-- This script only contains the table creation statements and does not fully represent the table in the database. It's still missing: indices, triggers. Do not use it as a backup.

-- Sequence and defined type
CREATE SEQUENCE IF NOT EXISTS teams_id_seq;

-- Table Definition
CREATE TABLE "public"."teams" (
    "id" int4 NOT NULL DEFAULT nextval('teams_id_seq'::regclass),
    "club_id" int4 NOT NULL,
    "season_id" int4 NOT NULL,
    "name" varchar(50) NOT NULL,
    "active" bool NOT NULL DEFAULT true,
    "created_at" timestamp NOT NULL DEFAULT CURRENT_TIMESTAMP,
    "updated_at" timestamp NOT NULL DEFAULT CURRENT_TIMESTAMP,
    PRIMARY KEY ("id")
);

DROP TABLE IF EXISTS "public"."training_session_types";
-- This script only contains the table creation statements and does not fully represent the table in the database. It's still missing: indices, triggers. Do not use it as a backup.

-- Sequence and defined type
CREATE SEQUENCE IF NOT EXISTS training_session_types_id_seq;

-- Table Definition
CREATE TABLE "public"."training_session_types" (
    "id" int4 NOT NULL DEFAULT nextval('training_session_types_id_seq'::regclass),
    "code" varchar(50) NOT NULL,
    "description" varchar(100) NOT NULL,
    "active" bool NOT NULL DEFAULT true,
    "created_at" timestamp NOT NULL DEFAULT CURRENT_TIMESTAMP,
    "updated_at" timestamp NOT NULL DEFAULT CURRENT_TIMESTAMP,
    PRIMARY KEY ("id")
);

DROP TABLE IF EXISTS "public"."training_sessions";
-- This script only contains the table creation statements and does not fully represent the table in the database. It's still missing: indices, triggers. Do not use it as a backup.

-- Sequence and defined type
CREATE SEQUENCE IF NOT EXISTS training_sessions_id_seq;

-- Table Definition
CREATE TABLE "public"."training_sessions" (
    "id" int4 NOT NULL DEFAULT nextval('training_sessions_id_seq'::regclass),
    "team_id" int4 NOT NULL,
    "training_session_type_id" int4 NOT NULL,
    "session_date" date NOT NULL,
    "start_time" time,
    "end_time" time,
    "location" varchar(150),
    "description" varchar(250),
    "created_by" varchar(100),
    "updated_by" varchar(100),
    "created_at" timestamp NOT NULL DEFAULT CURRENT_TIMESTAMP,
    "updated_at" timestamp NOT NULL DEFAULT CURRENT_TIMESTAMP,
    PRIMARY KEY ("id")
);

INSERT INTO "public"."athletic_test_types" ("id", "code", "description", "unit", "lower_is_better", "active", "created_at", "updated_at") VALUES
('1', 'sprint_30m', 'Sprint 30 metros', 'seconds', 't', 't', '2026-06-13 02:56:33.584488', '2026-06-13 02:56:33.584488'),
('2', 'bronco_test', 'Bronco Test', 'seconds', 't', 't', '2026-06-13 02:56:33.584488', '2026-06-13 02:56:33.584488'),
('3', 'yo_yo_test', 'Yo-Yo Test', 'meters', 'f', 't', '2026-06-13 02:56:33.584488', '2026-06-13 02:56:33.584488'),
('4', 'vertical_jump', 'Salto Vertical', 'cm', 'f', 't', '2026-06-13 02:56:33.584488', '2026-06-13 02:56:33.584488');

INSERT INTO "public"."attendance_records" ("id", "player_team_id", "training_session_id", "attendance_status_id", "notes", "created_by", "updated_by", "created_at", "updated_at") VALUES
('1', '1', '14', '1', NULL, 'seed', NULL, '2026-06-14 00:08:28.140585', '2026-06-14 00:08:28.140585'),
('2', '1', '15', '1', NULL, 'seed', NULL, '2026-06-14 00:08:28.140585', '2026-06-14 00:08:28.140585'),
('3', '1', '16', '1', NULL, 'seed', NULL, '2026-06-14 00:08:28.140585', '2026-06-14 00:08:28.140585'),
('4', '1', '17', '2', NULL, 'seed', NULL, '2026-06-14 00:08:28.140585', '2026-06-14 00:08:28.140585'),
('5', '1', '18', '1', NULL, 'seed', NULL, '2026-06-14 00:08:28.140585', '2026-06-14 00:08:28.140585'),
('6', '1', '19', '2', NULL, 'seed', NULL, '2026-06-14 00:08:28.140585', '2026-06-14 00:08:28.140585'),
('7', '1', '20', '1', NULL, 'seed', NULL, '2026-06-14 00:08:28.140585', '2026-06-14 00:08:28.140585'),
('8', '1', '21', '1', NULL, 'seed', NULL, '2026-06-14 00:08:28.140585', '2026-06-14 00:08:28.140585'),
('9', '1', '22', '1', NULL, 'seed', NULL, '2026-06-14 00:08:28.140585', '2026-06-14 00:08:28.140585'),
('10', '1', '23', '1', NULL, 'seed', NULL, '2026-06-14 00:08:28.140585', '2026-06-14 00:08:28.140585'),
('11', '1', '24', '2', NULL, 'seed', NULL, '2026-06-14 00:08:28.140585', '2026-06-14 00:08:28.140585'),
('12', '1', '25', '2', NULL, 'seed', NULL, '2026-06-14 00:08:28.140585', '2026-06-14 00:08:28.140585'),
('13', '1', '26', '2', NULL, 'seed', NULL, '2026-06-14 00:08:28.140585', '2026-06-14 00:08:28.140585'),
('14', '1', '27', '1', NULL, 'seed', NULL, '2026-06-14 00:08:28.140585', '2026-06-14 00:08:28.140585'),
('15', '1', '28', '1', NULL, 'seed', NULL, '2026-06-14 00:08:28.140585', '2026-06-14 00:08:28.140585'),
('16', '1', '29', '1', NULL, 'seed', NULL, '2026-06-14 00:08:28.140585', '2026-06-14 00:08:28.140585'),
('17', '1', '30', '1', NULL, 'seed', NULL, '2026-06-14 00:08:28.140585', '2026-06-14 00:08:28.140585'),
('18', '1', '31', '2', NULL, 'seed', NULL, '2026-06-14 00:08:28.140585', '2026-06-14 00:08:28.140585'),
('19', '1', '32', '2', NULL, 'seed', NULL, '2026-06-14 00:08:28.140585', '2026-06-14 00:08:28.140585'),
('20', '1', '33', '2', NULL, 'seed', NULL, '2026-06-14 00:08:28.140585', '2026-06-14 00:08:28.140585'),
('21', '1', '34', '2', NULL, 'seed', NULL, '2026-06-14 00:08:28.140585', '2026-06-14 00:08:28.140585'),
('22', '1', '35', '2', NULL, 'seed', NULL, '2026-06-14 00:08:28.140585', '2026-06-14 00:08:28.140585'),
('23', '1', '36', '2', NULL, 'seed', NULL, '2026-06-14 00:08:28.140585', '2026-06-14 00:08:28.140585'),
('24', '1', '37', '2', NULL, 'seed', NULL, '2026-06-14 00:08:28.140585', '2026-06-14 00:08:28.140585'),
('25', '2', '1', '1', NULL, 'seed', NULL, '2026-06-14 00:08:28.140585', '2026-06-14 00:08:28.140585'),
('26', '2', '2', '1', NULL, 'seed', NULL, '2026-06-14 00:08:28.140585', '2026-06-14 00:08:28.140585'),
('27', '2', '3', '1', NULL, 'seed', NULL, '2026-06-14 00:08:28.140585', '2026-06-14 00:08:28.140585'),
('28', '2', '4', '1', NULL, 'seed', NULL, '2026-06-14 00:08:28.140585', '2026-06-14 00:08:28.140585'),
('29', '2', '5', '2', NULL, 'seed', NULL, '2026-06-14 00:08:28.140585', '2026-06-14 00:08:28.140585'),
('30', '2', '6', '1', NULL, 'seed', NULL, '2026-06-14 00:08:28.140585', '2026-06-14 00:08:28.140585'),
('31', '2', '7', '1', NULL, 'seed', NULL, '2026-06-14 00:08:28.140585', '2026-06-14 00:08:28.140585'),
('32', '2', '8', '1', NULL, 'seed', NULL, '2026-06-14 00:08:28.140585', '2026-06-14 00:08:28.140585'),
('33', '2', '9', '1', NULL, 'seed', NULL, '2026-06-14 00:08:28.140585', '2026-06-14 00:08:28.140585'),
('34', '2', '10', '1', NULL, 'seed', NULL, '2026-06-14 00:08:28.140585', '2026-06-14 00:08:28.140585'),
('35', '2', '11', '1', NULL, 'seed', NULL, '2026-06-14 00:08:28.140585', '2026-06-14 00:08:28.140585'),
('36', '2', '12', '1', NULL, 'seed', NULL, '2026-06-14 00:08:28.140585', '2026-06-14 00:08:28.140585'),
('37', '2', '13', '1', NULL, 'seed', NULL, '2026-06-14 00:08:28.140585', '2026-06-14 00:08:28.140585'),
('38', '2', '14', '1', NULL, 'seed', NULL, '2026-06-14 00:08:28.140585', '2026-06-14 00:08:28.140585'),
('39', '2', '15', '2', NULL, 'seed', NULL, '2026-06-14 00:08:28.140585', '2026-06-14 00:08:28.140585'),
('40', '2', '16', '2', NULL, 'seed', NULL, '2026-06-14 00:08:28.140585', '2026-06-14 00:08:28.140585'),
('41', '2', '17', '2', NULL, 'seed', NULL, '2026-06-14 00:08:28.140585', '2026-06-14 00:08:28.140585'),
('42', '2', '18', '1', NULL, 'seed', NULL, '2026-06-14 00:08:28.140585', '2026-06-14 00:08:28.140585'),
('43', '2', '19', '1', NULL, 'seed', NULL, '2026-06-14 00:08:28.140585', '2026-06-14 00:08:28.140585'),
('44', '2', '20', '1', NULL, 'seed', NULL, '2026-06-14 00:08:28.140585', '2026-06-14 00:08:28.140585'),
('45', '2', '21', '1', NULL, 'seed', NULL, '2026-06-14 00:08:28.140585', '2026-06-14 00:08:28.140585'),
('46', '2', '22', '1', NULL, 'seed', NULL, '2026-06-14 00:08:28.140585', '2026-06-14 00:08:28.140585'),
('47', '2', '23', '1', NULL, 'seed', NULL, '2026-06-14 00:08:28.140585', '2026-06-14 00:08:28.140585'),
('48', '2', '24', '2', NULL, 'seed', NULL, '2026-06-14 00:08:28.140585', '2026-06-14 00:08:28.140585'),
('49', '2', '25', '2', NULL, 'seed', NULL, '2026-06-14 00:08:28.140585', '2026-06-14 00:08:28.140585'),
('50', '2', '26', '2', NULL, 'seed', NULL, '2026-06-14 00:08:28.140585', '2026-06-14 00:08:28.140585'),
('51', '2', '27', '1', NULL, 'seed', NULL, '2026-06-14 00:08:28.140585', '2026-06-14 00:08:28.140585'),
('52', '2', '28', '2', NULL, 'seed', NULL, '2026-06-14 00:08:28.140585', '2026-06-14 00:08:28.140585'),
('53', '2', '29', '2', NULL, 'seed', NULL, '2026-06-14 00:08:28.140585', '2026-06-14 00:08:28.140585'),
('54', '2', '30', '2', NULL, 'seed', NULL, '2026-06-14 00:08:28.140585', '2026-06-14 00:08:28.140585'),
('55', '2', '31', '2', NULL, 'seed', NULL, '2026-06-14 00:08:28.140585', '2026-06-14 00:08:28.140585'),
('56', '2', '32', '2', NULL, 'seed', NULL, '2026-06-14 00:08:28.140585', '2026-06-14 00:08:28.140585'),
('57', '2', '33', '2', NULL, 'seed', NULL, '2026-06-14 00:08:28.140585', '2026-06-14 00:08:28.140585'),
('58', '2', '34', '1', NULL, 'seed', NULL, '2026-06-14 00:08:28.140585', '2026-06-14 00:08:28.140585'),
('59', '2', '35', '1', NULL, 'seed', NULL, '2026-06-14 00:08:28.140585', '2026-06-14 00:08:28.140585'),
('60', '2', '36', '2', NULL, 'seed', NULL, '2026-06-14 00:08:28.140585', '2026-06-14 00:08:28.140585'),
('61', '2', '37', '1', NULL, 'seed', NULL, '2026-06-14 00:08:28.140585', '2026-06-14 00:08:28.140585'),
('62', '3', '1', '1', NULL, 'seed', NULL, '2026-06-14 00:08:28.140585', '2026-06-14 00:08:28.140585'),
('63', '3', '2', '1', NULL, 'seed', NULL, '2026-06-14 00:08:28.140585', '2026-06-14 00:08:28.140585'),
('64', '3', '3', '1', NULL, 'seed', NULL, '2026-06-14 00:08:28.140585', '2026-06-14 00:08:28.140585'),
('65', '3', '4', '1', NULL, 'seed', NULL, '2026-06-14 00:08:28.140585', '2026-06-14 00:08:28.140585'),
('66', '3', '5', '2', NULL, 'seed', NULL, '2026-06-14 00:08:28.140585', '2026-06-14 00:08:28.140585'),
('67', '3', '6', '1', NULL, 'seed', NULL, '2026-06-14 00:08:28.140585', '2026-06-14 00:08:28.140585'),
('68', '3', '7', '1', NULL, 'seed', NULL, '2026-06-14 00:08:28.140585', '2026-06-14 00:08:28.140585'),
('69', '3', '8', '2', NULL, 'seed', NULL, '2026-06-14 00:08:28.140585', '2026-06-14 00:08:28.140585'),
('70', '3', '9', '1', NULL, 'seed', NULL, '2026-06-14 00:08:28.140585', '2026-06-14 00:08:28.140585'),
('71', '3', '10', '1', NULL, 'seed', NULL, '2026-06-14 00:08:28.140585', '2026-06-14 00:08:28.140585'),
('72', '3', '11', '1', NULL, 'seed', NULL, '2026-06-14 00:08:28.140585', '2026-06-14 00:08:28.140585'),
('73', '3', '12', '1', NULL, 'seed', NULL, '2026-06-14 00:08:28.140585', '2026-06-14 00:08:28.140585'),
('74', '3', '13', '1', NULL, 'seed', NULL, '2026-06-14 00:08:28.140585', '2026-06-14 00:08:28.140585'),
('75', '3', '14', '1', NULL, 'seed', NULL, '2026-06-14 00:08:28.140585', '2026-06-14 00:08:28.140585'),
('76', '3', '15', '2', NULL, 'seed', NULL, '2026-06-14 00:08:28.140585', '2026-06-14 00:08:28.140585'),
('77', '3', '16', '1', NULL, 'seed', NULL, '2026-06-14 00:08:28.140585', '2026-06-14 00:08:28.140585'),
('78', '3', '17', '1', NULL, 'seed', NULL, '2026-06-14 00:08:28.140585', '2026-06-14 00:08:28.140585'),
('79', '3', '18', '2', NULL, 'seed', NULL, '2026-06-14 00:08:28.140585', '2026-06-14 00:08:28.140585'),
('80', '3', '19', '1', NULL, 'seed', NULL, '2026-06-14 00:08:28.140585', '2026-06-14 00:08:28.140585'),
('81', '3', '20', '1', NULL, 'seed', NULL, '2026-06-14 00:08:28.140585', '2026-06-14 00:08:28.140585'),
('82', '3', '21', '1', NULL, 'seed', NULL, '2026-06-14 00:08:28.140585', '2026-06-14 00:08:28.140585'),
('83', '3', '22', '1', NULL, 'seed', NULL, '2026-06-14 00:08:28.140585', '2026-06-14 00:08:28.140585'),
('84', '3', '23', '1', NULL, 'seed', NULL, '2026-06-14 00:08:28.140585', '2026-06-14 00:08:28.140585'),
('85', '3', '24', '2', NULL, 'seed', NULL, '2026-06-14 00:08:28.140585', '2026-06-14 00:08:28.140585'),
('86', '3', '25', '2', NULL, 'seed', NULL, '2026-06-14 00:08:28.140585', '2026-06-14 00:08:28.140585'),
('87', '3', '26', '2', NULL, 'seed', NULL, '2026-06-14 00:08:28.140585', '2026-06-14 00:08:28.140585'),
('88', '3', '27', '3', NULL, 'seed', NULL, '2026-06-14 00:08:28.140585', '2026-06-14 00:08:28.140585'),
('89', '3', '28', '1', NULL, 'seed', NULL, '2026-06-14 00:08:28.140585', '2026-06-14 00:08:28.140585'),
('90', '3', '29', '1', NULL, 'seed', NULL, '2026-06-14 00:08:28.140585', '2026-06-14 00:08:28.140585'),
('91', '3', '30', '2', NULL, 'seed', NULL, '2026-06-14 00:08:28.140585', '2026-06-14 00:08:28.140585'),
('92', '3', '31', '2', NULL, 'seed', NULL, '2026-06-14 00:08:28.140585', '2026-06-14 00:08:28.140585'),
('93', '3', '32', '1', NULL, 'seed', NULL, '2026-06-14 00:08:28.140585', '2026-06-14 00:08:28.140585'),
('94', '3', '33', '2', NULL, 'seed', NULL, '2026-06-14 00:08:28.140585', '2026-06-14 00:08:28.140585'),
('95', '3', '34', '1', NULL, 'seed', NULL, '2026-06-14 00:08:28.140585', '2026-06-14 00:08:28.140585'),
('96', '3', '35', '1', NULL, 'seed', NULL, '2026-06-14 00:08:28.140585', '2026-06-14 00:08:28.140585'),
('97', '3', '36', '1', NULL, 'seed', NULL, '2026-06-14 00:08:28.140585', '2026-06-14 00:08:28.140585'),
('98', '3', '37', '1', NULL, 'seed', NULL, '2026-06-14 00:08:28.140585', '2026-06-14 00:08:28.140585'),
('99', '4', '1', '2', NULL, 'seed', NULL, '2026-06-14 00:08:28.140585', '2026-06-14 00:08:28.140585'),
('100', '4', '2', '2', NULL, 'seed', NULL, '2026-06-14 00:08:28.140585', '2026-06-14 00:08:28.140585'),
('101', '4', '3', '2', NULL, 'seed', NULL, '2026-06-14 00:08:28.140585', '2026-06-14 00:08:28.140585'),
('102', '4', '4', '2', NULL, 'seed', NULL, '2026-06-14 00:08:28.140585', '2026-06-14 00:08:28.140585'),
('103', '4', '5', '1', NULL, 'seed', NULL, '2026-06-14 00:08:28.140585', '2026-06-14 00:08:28.140585'),
('104', '4', '6', '1', NULL, 'seed', NULL, '2026-06-14 00:08:28.140585', '2026-06-14 00:08:28.140585'),
('105', '4', '7', '1', NULL, 'seed', NULL, '2026-06-14 00:08:28.140585', '2026-06-14 00:08:28.140585'),
('106', '4', '8', '1', NULL, 'seed', NULL, '2026-06-14 00:08:28.140585', '2026-06-14 00:08:28.140585'),
('107', '4', '9', '1', NULL, 'seed', NULL, '2026-06-14 00:08:28.140585', '2026-06-14 00:08:28.140585'),
('108', '4', '10', '1', NULL, 'seed', NULL, '2026-06-14 00:08:28.140585', '2026-06-14 00:08:28.140585'),
('109', '4', '11', '1', NULL, 'seed', NULL, '2026-06-14 00:08:28.140585', '2026-06-14 00:08:28.140585'),
('110', '4', '12', '1', NULL, 'seed', NULL, '2026-06-14 00:08:28.140585', '2026-06-14 00:08:28.140585'),
('111', '4', '13', '2', NULL, 'seed', NULL, '2026-06-14 00:08:28.140585', '2026-06-14 00:08:28.140585'),
('112', '4', '14', '2', NULL, 'seed', NULL, '2026-06-14 00:08:28.140585', '2026-06-14 00:08:28.140585'),
('113', '4', '15', '1', NULL, 'seed', NULL, '2026-06-14 00:08:28.140585', '2026-06-14 00:08:28.140585'),
('114', '4', '16', '1', NULL, 'seed', NULL, '2026-06-14 00:08:28.140585', '2026-06-14 00:08:28.140585'),
('115', '4', '17', '1', NULL, 'seed', NULL, '2026-06-14 00:08:28.140585', '2026-06-14 00:08:28.140585'),
('116', '4', '18', '1', NULL, 'seed', NULL, '2026-06-14 00:08:28.140585', '2026-06-14 00:08:28.140585'),
('117', '4', '19', '1', NULL, 'seed', NULL, '2026-06-14 00:08:28.140585', '2026-06-14 00:08:28.140585'),
('118', '4', '20', '1', NULL, 'seed', NULL, '2026-06-14 00:08:28.140585', '2026-06-14 00:08:28.140585'),
('119', '4', '21', '1', NULL, 'seed', NULL, '2026-06-14 00:08:28.140585', '2026-06-14 00:08:28.140585'),
('120', '4', '22', '1', NULL, 'seed', NULL, '2026-06-14 00:08:28.140585', '2026-06-14 00:08:28.140585'),
('121', '4', '23', '1', NULL, 'seed', NULL, '2026-06-14 00:08:28.140585', '2026-06-14 00:08:28.140585'),
('122', '4', '24', '1', NULL, 'seed', NULL, '2026-06-14 00:08:28.140585', '2026-06-14 00:08:28.140585'),
('123', '4', '25', '1', NULL, 'seed', NULL, '2026-06-14 00:08:28.140585', '2026-06-14 00:08:28.140585'),
('124', '4', '26', '1', NULL, 'seed', NULL, '2026-06-14 00:08:28.140585', '2026-06-14 00:08:28.140585'),
('125', '4', '27', '1', NULL, 'seed', NULL, '2026-06-14 00:08:28.140585', '2026-06-14 00:08:28.140585'),
('126', '4', '28', '1', NULL, 'seed', NULL, '2026-06-14 00:08:28.140585', '2026-06-14 00:08:28.140585'),
('127', '4', '29', '1', NULL, 'seed', NULL, '2026-06-14 00:08:28.140585', '2026-06-14 00:08:28.140585'),
('128', '4', '30', '2', NULL, 'seed', NULL, '2026-06-14 00:08:28.140585', '2026-06-14 00:08:28.140585'),
('129', '4', '31', '1', NULL, 'seed', NULL, '2026-06-14 00:08:28.140585', '2026-06-14 00:08:28.140585'),
('130', '4', '32', '1', NULL, 'seed', NULL, '2026-06-14 00:08:28.140585', '2026-06-14 00:08:28.140585'),
('131', '4', '33', '2', NULL, 'seed', NULL, '2026-06-14 00:08:28.140585', '2026-06-14 00:08:28.140585'),
('132', '4', '34', '2', NULL, 'seed', NULL, '2026-06-14 00:08:28.140585', '2026-06-14 00:08:28.140585'),
('133', '4', '35', '1', NULL, 'seed', NULL, '2026-06-14 00:08:28.140585', '2026-06-14 00:08:28.140585'),
('134', '4', '36', '1', NULL, 'seed', NULL, '2026-06-14 00:08:28.140585', '2026-06-14 00:08:28.140585'),
('135', '4', '37', '2', NULL, 'seed', NULL, '2026-06-14 00:08:28.140585', '2026-06-14 00:08:28.140585'),
('136', '5', '1', '1', NULL, 'seed', NULL, '2026-06-14 00:08:28.140585', '2026-06-14 00:08:28.140585'),
('137', '5', '2', '1', NULL, 'seed', NULL, '2026-06-14 00:08:28.140585', '2026-06-14 00:08:28.140585'),
('138', '5', '3', '1', NULL, 'seed', NULL, '2026-06-14 00:08:28.140585', '2026-06-14 00:08:28.140585'),
('139', '5', '4', '1', NULL, 'seed', NULL, '2026-06-14 00:08:28.140585', '2026-06-14 00:08:28.140585'),
('140', '5', '5', '1', NULL, 'seed', NULL, '2026-06-14 00:08:28.140585', '2026-06-14 00:08:28.140585'),
('141', '5', '6', '1', NULL, 'seed', NULL, '2026-06-14 00:08:28.140585', '2026-06-14 00:08:28.140585'),
('142', '5', '7', '1', NULL, 'seed', NULL, '2026-06-14 00:08:28.140585', '2026-06-14 00:08:28.140585'),
('143', '5', '8', '1', NULL, 'seed', NULL, '2026-06-14 00:08:28.140585', '2026-06-14 00:08:28.140585'),
('144', '5', '9', '1', NULL, 'seed', NULL, '2026-06-14 00:08:28.140585', '2026-06-14 00:08:28.140585'),
('145', '5', '10', '1', NULL, 'seed', NULL, '2026-06-14 00:08:28.140585', '2026-06-14 00:08:28.140585'),
('146', '5', '11', '1', NULL, 'seed', NULL, '2026-06-14 00:08:28.140585', '2026-06-14 00:08:28.140585'),
('147', '5', '12', '1', NULL, 'seed', NULL, '2026-06-14 00:08:28.140585', '2026-06-14 00:08:28.140585'),
('148', '5', '13', '1', NULL, 'seed', NULL, '2026-06-14 00:08:28.140585', '2026-06-14 00:08:28.140585'),
('149', '5', '14', '1', NULL, 'seed', NULL, '2026-06-14 00:08:28.140585', '2026-06-14 00:08:28.140585'),
('150', '5', '15', '1', NULL, 'seed', NULL, '2026-06-14 00:08:28.140585', '2026-06-14 00:08:28.140585'),
('151', '5', '16', '1', NULL, 'seed', NULL, '2026-06-14 00:08:28.140585', '2026-06-14 00:08:28.140585'),
('152', '5', '17', '1', NULL, 'seed', NULL, '2026-06-14 00:08:28.140585', '2026-06-14 00:08:28.140585'),
('153', '5', '18', '1', NULL, 'seed', NULL, '2026-06-14 00:08:28.140585', '2026-06-14 00:08:28.140585'),
('154', '5', '19', '1', NULL, 'seed', NULL, '2026-06-14 00:08:28.140585', '2026-06-14 00:08:28.140585'),
('155', '5', '20', '1', NULL, 'seed', NULL, '2026-06-14 00:08:28.140585', '2026-06-14 00:08:28.140585'),
('156', '5', '21', '1', NULL, 'seed', NULL, '2026-06-14 00:08:28.140585', '2026-06-14 00:08:28.140585'),
('157', '5', '22', '1', NULL, 'seed', NULL, '2026-06-14 00:08:28.140585', '2026-06-14 00:08:28.140585'),
('158', '5', '23', '1', NULL, 'seed', NULL, '2026-06-14 00:08:28.140585', '2026-06-14 00:08:28.140585'),
('159', '5', '24', '1', NULL, 'seed', NULL, '2026-06-14 00:08:28.140585', '2026-06-14 00:08:28.140585'),
('160', '5', '25', '1', NULL, 'seed', NULL, '2026-06-14 00:08:28.140585', '2026-06-14 00:08:28.140585'),
('161', '5', '26', '1', NULL, 'seed', NULL, '2026-06-14 00:08:28.140585', '2026-06-14 00:08:28.140585'),
('162', '5', '27', '1', NULL, 'seed', NULL, '2026-06-14 00:08:28.140585', '2026-06-14 00:08:28.140585'),
('163', '5', '28', '1', NULL, 'seed', NULL, '2026-06-14 00:08:28.140585', '2026-06-14 00:08:28.140585'),
('164', '5', '29', '1', NULL, 'seed', NULL, '2026-06-14 00:08:28.140585', '2026-06-14 00:08:28.140585'),
('165', '5', '30', '1', NULL, 'seed', NULL, '2026-06-14 00:08:28.140585', '2026-06-14 00:08:28.140585'),
('166', '5', '31', '1', NULL, 'seed', NULL, '2026-06-14 00:08:28.140585', '2026-06-14 00:08:28.140585'),
('167', '5', '32', '1', NULL, 'seed', NULL, '2026-06-14 00:08:28.140585', '2026-06-14 00:08:28.140585'),
('168', '5', '33', '1', NULL, 'seed', NULL, '2026-06-14 00:08:28.140585', '2026-06-14 00:08:28.140585'),
('169', '5', '34', '1', NULL, 'seed', NULL, '2026-06-14 00:08:28.140585', '2026-06-14 00:08:28.140585'),
('170', '5', '35', '1', NULL, 'seed', NULL, '2026-06-14 00:08:28.140585', '2026-06-14 00:08:28.140585'),
('171', '5', '36', '1', NULL, 'seed', NULL, '2026-06-14 00:08:28.140585', '2026-06-14 00:08:28.140585'),
('172', '5', '37', '1', NULL, 'seed', NULL, '2026-06-14 00:08:28.140585', '2026-06-14 00:08:28.140585'),
('173', '6', '1', '1', NULL, 'seed', NULL, '2026-06-14 00:08:28.140585', '2026-06-14 00:08:28.140585'),
('174', '6', '2', '1', NULL, 'seed', NULL, '2026-06-14 00:08:28.140585', '2026-06-14 00:08:28.140585'),
('175', '6', '3', '1', NULL, 'seed', NULL, '2026-06-14 00:08:28.140585', '2026-06-14 00:08:28.140585'),
('176', '6', '4', '1', NULL, 'seed', NULL, '2026-06-14 00:08:28.140585', '2026-06-14 00:08:28.140585'),
('177', '6', '5', '1', NULL, 'seed', NULL, '2026-06-14 00:08:28.140585', '2026-06-14 00:08:28.140585'),
('178', '6', '6', '1', NULL, 'seed', NULL, '2026-06-14 00:08:28.140585', '2026-06-14 00:08:28.140585'),
('179', '6', '7', '1', NULL, 'seed', NULL, '2026-06-14 00:08:28.140585', '2026-06-14 00:08:28.140585'),
('180', '6', '8', '1', NULL, 'seed', NULL, '2026-06-14 00:08:28.140585', '2026-06-14 00:08:28.140585'),
('181', '6', '9', '1', NULL, 'seed', NULL, '2026-06-14 00:08:28.140585', '2026-06-14 00:08:28.140585'),
('182', '6', '10', '1', NULL, 'seed', NULL, '2026-06-14 00:08:28.140585', '2026-06-14 00:08:28.140585'),
('183', '6', '11', '1', NULL, 'seed', NULL, '2026-06-14 00:08:28.140585', '2026-06-14 00:08:28.140585'),
('184', '6', '12', '1', NULL, 'seed', NULL, '2026-06-14 00:08:28.140585', '2026-06-14 00:08:28.140585'),
('185', '6', '13', '1', NULL, 'seed', NULL, '2026-06-14 00:08:28.140585', '2026-06-14 00:08:28.140585'),
('186', '6', '14', '2', NULL, 'seed', NULL, '2026-06-14 00:08:28.140585', '2026-06-14 00:08:28.140585'),
('187', '6', '15', '1', NULL, 'seed', NULL, '2026-06-14 00:08:28.140585', '2026-06-14 00:08:28.140585'),
('188', '6', '16', '2', NULL, 'seed', NULL, '2026-06-14 00:08:28.140585', '2026-06-14 00:08:28.140585'),
('189', '6', '17', '1', NULL, 'seed', NULL, '2026-06-14 00:08:28.140585', '2026-06-14 00:08:28.140585'),
('190', '6', '18', '1', NULL, 'seed', NULL, '2026-06-14 00:08:28.140585', '2026-06-14 00:08:28.140585'),
('191', '6', '19', '1', NULL, 'seed', NULL, '2026-06-14 00:08:28.140585', '2026-06-14 00:08:28.140585'),
('192', '6', '20', '1', NULL, 'seed', NULL, '2026-06-14 00:08:28.140585', '2026-06-14 00:08:28.140585'),
('193', '6', '21', '1', NULL, 'seed', NULL, '2026-06-14 00:08:28.140585', '2026-06-14 00:08:28.140585'),
('194', '6', '22', '1', NULL, 'seed', NULL, '2026-06-14 00:08:28.140585', '2026-06-14 00:08:28.140585'),
('195', '6', '23', '1', NULL, 'seed', NULL, '2026-06-14 00:08:28.140585', '2026-06-14 00:08:28.140585'),
('196', '6', '24', '1', NULL, 'seed', NULL, '2026-06-14 00:08:28.140585', '2026-06-14 00:08:28.140585'),
('197', '6', '25', '1', NULL, 'seed', NULL, '2026-06-14 00:08:28.140585', '2026-06-14 00:08:28.140585'),
('198', '6', '26', '1', NULL, 'seed', NULL, '2026-06-14 00:08:28.140585', '2026-06-14 00:08:28.140585'),
('199', '6', '27', '1', NULL, 'seed', NULL, '2026-06-14 00:08:28.140585', '2026-06-14 00:08:28.140585'),
('200', '6', '28', '1', NULL, 'seed', NULL, '2026-06-14 00:08:28.140585', '2026-06-14 00:08:28.140585'),
('201', '6', '29', '1', NULL, 'seed', NULL, '2026-06-14 00:08:28.140585', '2026-06-14 00:08:28.140585'),
('202', '6', '30', '1', NULL, 'seed', NULL, '2026-06-14 00:08:28.140585', '2026-06-14 00:08:28.140585'),
('203', '6', '31', '1', NULL, 'seed', NULL, '2026-06-14 00:08:28.140585', '2026-06-14 00:08:28.140585'),
('204', '6', '32', '2', NULL, 'seed', NULL, '2026-06-14 00:08:28.140585', '2026-06-14 00:08:28.140585'),
('205', '6', '33', '1', NULL, 'seed', NULL, '2026-06-14 00:08:28.140585', '2026-06-14 00:08:28.140585'),
('206', '6', '34', '1', NULL, 'seed', NULL, '2026-06-14 00:08:28.140585', '2026-06-14 00:08:28.140585'),
('207', '6', '35', '1', NULL, 'seed', NULL, '2026-06-14 00:08:28.140585', '2026-06-14 00:08:28.140585'),
('208', '6', '36', '1', NULL, 'seed', NULL, '2026-06-14 00:08:28.140585', '2026-06-14 00:08:28.140585'),
('209', '6', '37', '1', NULL, 'seed', NULL, '2026-06-14 00:08:28.140585', '2026-06-14 00:08:28.140585'),
('210', '7', '30', '1', NULL, 'seed', NULL, '2026-06-14 00:08:28.140585', '2026-06-14 00:08:28.140585'),
('211', '7', '31', '1', NULL, 'seed', NULL, '2026-06-14 00:08:28.140585', '2026-06-14 00:08:28.140585'),
('212', '7', '32', '2', NULL, 'seed', NULL, '2026-06-14 00:08:28.140585', '2026-06-14 00:08:28.140585'),
('213', '7', '33', '1', NULL, 'seed', NULL, '2026-06-14 00:08:28.140585', '2026-06-14 00:08:28.140585'),
('214', '7', '34', '1', NULL, 'seed', NULL, '2026-06-14 00:08:28.140585', '2026-06-14 00:08:28.140585'),
('215', '7', '35', '2', NULL, 'seed', NULL, '2026-06-14 00:08:28.140585', '2026-06-14 00:08:28.140585'),
('216', '7', '36', '2', NULL, 'seed', NULL, '2026-06-14 00:08:28.140585', '2026-06-14 00:08:28.140585'),
('217', '7', '37', '2', NULL, 'seed', NULL, '2026-06-14 00:08:28.140585', '2026-06-14 00:08:28.140585'),
('218', '8', '1', '1', NULL, 'seed', NULL, '2026-06-14 00:08:28.140585', '2026-06-14 00:08:28.140585'),
('219', '8', '2', '1', NULL, 'seed', NULL, '2026-06-14 00:08:28.140585', '2026-06-14 00:08:28.140585'),
('220', '8', '3', '1', NULL, 'seed', NULL, '2026-06-14 00:08:28.140585', '2026-06-14 00:08:28.140585'),
('221', '8', '4', '1', NULL, 'seed', NULL, '2026-06-14 00:08:28.140585', '2026-06-14 00:08:28.140585'),
('222', '8', '5', '2', NULL, 'seed', NULL, '2026-06-14 00:08:28.140585', '2026-06-14 00:08:28.140585'),
('223', '8', '6', '1', NULL, 'seed', NULL, '2026-06-14 00:08:28.140585', '2026-06-14 00:08:28.140585'),
('224', '8', '7', '1', NULL, 'seed', NULL, '2026-06-14 00:08:28.140585', '2026-06-14 00:08:28.140585'),
('225', '8', '8', '1', NULL, 'seed', NULL, '2026-06-14 00:08:28.140585', '2026-06-14 00:08:28.140585'),
('226', '8', '9', '3', NULL, 'seed', NULL, '2026-06-14 00:08:28.140585', '2026-06-14 00:08:28.140585'),
('227', '8', '10', '1', NULL, 'seed', NULL, '2026-06-14 00:08:28.140585', '2026-06-14 00:08:28.140585'),
('228', '8', '11', '1', NULL, 'seed', NULL, '2026-06-14 00:08:28.140585', '2026-06-14 00:08:28.140585'),
('229', '8', '12', '1', NULL, 'seed', NULL, '2026-06-14 00:08:28.140585', '2026-06-14 00:08:28.140585'),
('230', '8', '13', '1', NULL, 'seed', NULL, '2026-06-14 00:08:28.140585', '2026-06-14 00:08:28.140585'),
('231', '8', '14', '1', NULL, 'seed', NULL, '2026-06-14 00:08:28.140585', '2026-06-14 00:08:28.140585'),
('232', '8', '15', '1', NULL, 'seed', NULL, '2026-06-14 00:08:28.140585', '2026-06-14 00:08:28.140585'),
('233', '8', '16', '1', NULL, 'seed', NULL, '2026-06-14 00:08:28.140585', '2026-06-14 00:08:28.140585'),
('234', '8', '17', '1', NULL, 'seed', NULL, '2026-06-14 00:08:28.140585', '2026-06-14 00:08:28.140585'),
('235', '8', '18', '1', NULL, 'seed', NULL, '2026-06-14 00:08:28.140585', '2026-06-14 00:08:28.140585'),
('236', '8', '19', '1', NULL, 'seed', NULL, '2026-06-14 00:08:28.140585', '2026-06-14 00:08:28.140585'),
('237', '8', '20', '3', NULL, 'seed', NULL, '2026-06-14 00:08:28.140585', '2026-06-14 00:08:28.140585'),
('238', '8', '21', '2', NULL, 'seed', NULL, '2026-06-14 00:08:28.140585', '2026-06-14 00:08:28.140585'),
('239', '8', '22', '1', NULL, 'seed', NULL, '2026-06-14 00:08:28.140585', '2026-06-14 00:08:28.140585'),
('240', '8', '23', '1', NULL, 'seed', NULL, '2026-06-14 00:08:28.140585', '2026-06-14 00:08:28.140585'),
('241', '8', '24', '1', NULL, 'seed', NULL, '2026-06-14 00:08:28.140585', '2026-06-14 00:08:28.140585'),
('242', '8', '25', '1', NULL, 'seed', NULL, '2026-06-14 00:08:28.140585', '2026-06-14 00:08:28.140585'),
('243', '8', '26', '1', NULL, 'seed', NULL, '2026-06-14 00:08:28.140585', '2026-06-14 00:08:28.140585'),
('244', '8', '27', '2', NULL, 'seed', NULL, '2026-06-14 00:08:28.140585', '2026-06-14 00:08:28.140585'),
('245', '8', '28', '1', NULL, 'seed', NULL, '2026-06-14 00:08:28.140585', '2026-06-14 00:08:28.140585'),
('246', '8', '29', '1', NULL, 'seed', NULL, '2026-06-14 00:08:28.140585', '2026-06-14 00:08:28.140585'),
('247', '8', '30', '1', NULL, 'seed', NULL, '2026-06-14 00:08:28.140585', '2026-06-14 00:08:28.140585'),
('248', '8', '31', '1', NULL, 'seed', NULL, '2026-06-14 00:08:28.140585', '2026-06-14 00:08:28.140585'),
('249', '8', '32', '1', NULL, 'seed', NULL, '2026-06-14 00:08:28.140585', '2026-06-14 00:08:28.140585'),
('250', '8', '33', '1', NULL, 'seed', NULL, '2026-06-14 00:08:28.140585', '2026-06-14 00:08:28.140585'),
('251', '8', '34', '1', NULL, 'seed', NULL, '2026-06-14 00:08:28.140585', '2026-06-14 00:08:28.140585'),
('252', '8', '35', '1', NULL, 'seed', NULL, '2026-06-14 00:08:28.140585', '2026-06-14 00:08:28.140585'),
('253', '8', '36', '1', NULL, 'seed', NULL, '2026-06-14 00:08:28.140585', '2026-06-14 00:08:28.140585'),
('254', '8', '37', '1', NULL, 'seed', NULL, '2026-06-14 00:08:28.140585', '2026-06-14 00:08:28.140585'),
('255', '9', '1', '1', NULL, 'seed', NULL, '2026-06-14 00:08:28.140585', '2026-06-14 00:08:28.140585'),
('256', '9', '2', '1', NULL, 'seed', NULL, '2026-06-14 00:08:28.140585', '2026-06-14 00:08:28.140585'),
('257', '9', '3', '1', NULL, 'seed', NULL, '2026-06-14 00:08:28.140585', '2026-06-14 00:08:28.140585'),
('258', '9', '4', '1', NULL, 'seed', NULL, '2026-06-14 00:08:28.140585', '2026-06-14 00:08:28.140585'),
('259', '9', '5', '2', NULL, 'seed', NULL, '2026-06-14 00:08:28.140585', '2026-06-14 00:08:28.140585'),
('260', '9', '6', '2', NULL, 'seed', NULL, '2026-06-14 00:08:28.140585', '2026-06-14 00:08:28.140585'),
('261', '9', '7', '1', NULL, 'seed', NULL, '2026-06-14 00:08:28.140585', '2026-06-14 00:08:28.140585'),
('262', '9', '8', '1', NULL, 'seed', NULL, '2026-06-14 00:08:28.140585', '2026-06-14 00:08:28.140585'),
('263', '9', '9', '1', NULL, 'seed', NULL, '2026-06-14 00:08:28.140585', '2026-06-14 00:08:28.140585'),
('264', '9', '10', '2', NULL, 'seed', NULL, '2026-06-14 00:08:28.140585', '2026-06-14 00:08:28.140585'),
('265', '9', '11', '2', NULL, 'seed', NULL, '2026-06-14 00:08:28.140585', '2026-06-14 00:08:28.140585'),
('266', '9', '12', '1', NULL, 'seed', NULL, '2026-06-14 00:08:28.140585', '2026-06-14 00:08:28.140585'),
('267', '9', '13', '1', NULL, 'seed', NULL, '2026-06-14 00:08:28.140585', '2026-06-14 00:08:28.140585'),
('268', '9', '14', '1', NULL, 'seed', NULL, '2026-06-14 00:08:28.140585', '2026-06-14 00:08:28.140585'),
('269', '9', '15', '1', NULL, 'seed', NULL, '2026-06-14 00:08:28.140585', '2026-06-14 00:08:28.140585'),
('270', '9', '16', '1', NULL, 'seed', NULL, '2026-06-14 00:08:28.140585', '2026-06-14 00:08:28.140585'),
('271', '9', '17', '1', NULL, 'seed', NULL, '2026-06-14 00:08:28.140585', '2026-06-14 00:08:28.140585'),
('272', '9', '18', '1', NULL, 'seed', NULL, '2026-06-14 00:08:28.140585', '2026-06-14 00:08:28.140585'),
('273', '9', '19', '1', NULL, 'seed', NULL, '2026-06-14 00:08:28.140585', '2026-06-14 00:08:28.140585'),
('274', '9', '20', '2', NULL, 'seed', NULL, '2026-06-14 00:08:28.140585', '2026-06-14 00:08:28.140585'),
('275', '9', '21', '1', NULL, 'seed', NULL, '2026-06-14 00:08:28.140585', '2026-06-14 00:08:28.140585'),
('276', '9', '22', '1', NULL, 'seed', NULL, '2026-06-14 00:08:28.140585', '2026-06-14 00:08:28.140585'),
('277', '9', '23', '1', NULL, 'seed', NULL, '2026-06-14 00:08:28.140585', '2026-06-14 00:08:28.140585'),
('278', '9', '24', '2', NULL, 'seed', NULL, '2026-06-14 00:08:28.140585', '2026-06-14 00:08:28.140585'),
('279', '9', '25', '2', NULL, 'seed', NULL, '2026-06-14 00:08:28.140585', '2026-06-14 00:08:28.140585'),
('280', '9', '26', '2', NULL, 'seed', NULL, '2026-06-14 00:08:28.140585', '2026-06-14 00:08:28.140585'),
('281', '9', '27', '2', NULL, 'seed', NULL, '2026-06-14 00:08:28.140585', '2026-06-14 00:08:28.140585'),
('282', '9', '28', '1', NULL, 'seed', NULL, '2026-06-14 00:08:28.140585', '2026-06-14 00:08:28.140585'),
('283', '9', '29', '1', NULL, 'seed', NULL, '2026-06-14 00:08:28.140585', '2026-06-14 00:08:28.140585'),
('284', '9', '30', '1', NULL, 'seed', NULL, '2026-06-14 00:08:28.140585', '2026-06-14 00:08:28.140585'),
('285', '9', '31', '3', NULL, 'seed', NULL, '2026-06-14 00:08:28.140585', '2026-06-14 00:08:28.140585'),
('286', '9', '32', '2', NULL, 'seed', NULL, '2026-06-14 00:08:28.140585', '2026-06-14 00:08:28.140585'),
('287', '9', '33', '2', NULL, 'seed', NULL, '2026-06-14 00:08:28.140585', '2026-06-14 00:08:28.140585'),
('288', '9', '34', '3', NULL, 'seed', NULL, '2026-06-14 00:08:28.140585', '2026-06-14 00:08:28.140585'),
('289', '9', '35', '2', NULL, 'seed', NULL, '2026-06-14 00:08:28.140585', '2026-06-14 00:08:28.140585'),
('290', '9', '36', '2', NULL, 'seed', NULL, '2026-06-14 00:08:28.140585', '2026-06-14 00:08:28.140585'),
('291', '9', '37', '2', NULL, 'seed', NULL, '2026-06-14 00:08:28.140585', '2026-06-14 00:08:28.140585'),
('292', '10', '1', '1', NULL, 'seed', NULL, '2026-06-14 00:08:28.140585', '2026-06-14 00:08:28.140585'),
('293', '10', '2', '1', NULL, 'seed', NULL, '2026-06-14 00:08:28.140585', '2026-06-14 00:08:28.140585'),
('294', '10', '3', '1', NULL, 'seed', NULL, '2026-06-14 00:08:28.140585', '2026-06-14 00:08:28.140585'),
('295', '10', '4', '1', NULL, 'seed', NULL, '2026-06-14 00:08:28.140585', '2026-06-14 00:08:28.140585'),
('296', '10', '5', '1', NULL, 'seed', NULL, '2026-06-14 00:08:28.140585', '2026-06-14 00:08:28.140585'),
('297', '10', '6', '1', NULL, 'seed', NULL, '2026-06-14 00:08:28.140585', '2026-06-14 00:08:28.140585'),
('298', '10', '7', '1', NULL, 'seed', NULL, '2026-06-14 00:08:28.140585', '2026-06-14 00:08:28.140585'),
('299', '10', '8', '1', NULL, 'seed', NULL, '2026-06-14 00:08:28.140585', '2026-06-14 00:08:28.140585'),
('300', '10', '9', '1', NULL, 'seed', NULL, '2026-06-14 00:08:28.140585', '2026-06-14 00:08:28.140585'),
('301', '10', '10', '1', NULL, 'seed', NULL, '2026-06-14 00:08:28.140585', '2026-06-14 00:08:28.140585'),
('302', '10', '11', '1', NULL, 'seed', NULL, '2026-06-14 00:08:28.140585', '2026-06-14 00:08:28.140585'),
('303', '10', '12', '1', NULL, 'seed', NULL, '2026-06-14 00:08:28.140585', '2026-06-14 00:08:28.140585'),
('304', '10', '13', '1', NULL, 'seed', NULL, '2026-06-14 00:08:28.140585', '2026-06-14 00:08:28.140585'),
('305', '10', '14', '1', NULL, 'seed', NULL, '2026-06-14 00:08:28.140585', '2026-06-14 00:08:28.140585'),
('306', '10', '15', '1', NULL, 'seed', NULL, '2026-06-14 00:08:28.140585', '2026-06-14 00:08:28.140585'),
('307', '10', '16', '1', NULL, 'seed', NULL, '2026-06-14 00:08:28.140585', '2026-06-14 00:08:28.140585'),
('308', '10', '17', '1', NULL, 'seed', NULL, '2026-06-14 00:08:28.140585', '2026-06-14 00:08:28.140585'),
('309', '10', '18', '1', NULL, 'seed', NULL, '2026-06-14 00:08:28.140585', '2026-06-14 00:08:28.140585'),
('310', '10', '19', '1', NULL, 'seed', NULL, '2026-06-14 00:08:28.140585', '2026-06-14 00:08:28.140585'),
('311', '10', '20', '1', NULL, 'seed', NULL, '2026-06-14 00:08:28.140585', '2026-06-14 00:08:28.140585'),
('312', '10', '21', '1', NULL, 'seed', NULL, '2026-06-14 00:08:28.140585', '2026-06-14 00:08:28.140585'),
('313', '10', '22', '1', NULL, 'seed', NULL, '2026-06-14 00:08:28.140585', '2026-06-14 00:08:28.140585'),
('314', '10', '23', '1', NULL, 'seed', NULL, '2026-06-14 00:08:28.140585', '2026-06-14 00:08:28.140585'),
('315', '10', '24', '1', NULL, 'seed', NULL, '2026-06-14 00:08:28.140585', '2026-06-14 00:08:28.140585'),
('316', '10', '25', '1', NULL, 'seed', NULL, '2026-06-14 00:08:28.140585', '2026-06-14 00:08:28.140585'),
('317', '10', '26', '1', NULL, 'seed', NULL, '2026-06-14 00:08:28.140585', '2026-06-14 00:08:28.140585'),
('318', '10', '27', '1', NULL, 'seed', NULL, '2026-06-14 00:08:28.140585', '2026-06-14 00:08:28.140585'),
('319', '10', '28', '1', NULL, 'seed', NULL, '2026-06-14 00:08:28.140585', '2026-06-14 00:08:28.140585'),
('320', '10', '29', '1', NULL, 'seed', NULL, '2026-06-14 00:08:28.140585', '2026-06-14 00:08:28.140585'),
('321', '10', '30', '1', NULL, 'seed', NULL, '2026-06-14 00:08:28.140585', '2026-06-14 00:08:28.140585'),
('322', '10', '31', '1', NULL, 'seed', NULL, '2026-06-14 00:08:28.140585', '2026-06-14 00:08:28.140585'),
('323', '10', '32', '1', NULL, 'seed', NULL, '2026-06-14 00:08:28.140585', '2026-06-14 00:08:28.140585'),
('324', '10', '33', '1', NULL, 'seed', NULL, '2026-06-14 00:08:28.140585', '2026-06-14 00:08:28.140585'),
('325', '10', '34', '1', NULL, 'seed', NULL, '2026-06-14 00:08:28.140585', '2026-06-14 00:08:28.140585'),
('326', '10', '35', '1', NULL, 'seed', NULL, '2026-06-14 00:08:28.140585', '2026-06-14 00:08:28.140585'),
('327', '10', '36', '1', NULL, 'seed', NULL, '2026-06-14 00:08:28.140585', '2026-06-14 00:08:28.140585'),
('328', '10', '37', '1', NULL, 'seed', NULL, '2026-06-14 00:08:28.140585', '2026-06-14 00:08:28.140585'),
('329', '11', '1', '2', NULL, 'seed', NULL, '2026-06-14 00:08:28.140585', '2026-06-14 00:08:28.140585'),
('330', '11', '2', '1', NULL, 'seed', NULL, '2026-06-14 00:08:28.140585', '2026-06-14 00:08:28.140585'),
('331', '11', '3', '1', NULL, 'seed', NULL, '2026-06-14 00:08:28.140585', '2026-06-14 00:08:28.140585'),
('332', '11', '4', '3', NULL, 'seed', NULL, '2026-06-14 00:08:28.140585', '2026-06-14 00:08:28.140585'),
('333', '11', '5', '2', NULL, 'seed', NULL, '2026-06-14 00:08:28.140585', '2026-06-14 00:08:28.140585'),
('334', '11', '6', '1', NULL, 'seed', NULL, '2026-06-14 00:08:28.140585', '2026-06-14 00:08:28.140585'),
('335', '11', '7', '1', NULL, 'seed', NULL, '2026-06-14 00:08:28.140585', '2026-06-14 00:08:28.140585'),
('336', '11', '8', '1', NULL, 'seed', NULL, '2026-06-14 00:08:28.140585', '2026-06-14 00:08:28.140585'),
('337', '11', '9', '1', NULL, 'seed', NULL, '2026-06-14 00:08:28.140585', '2026-06-14 00:08:28.140585'),
('338', '11', '10', '1', NULL, 'seed', NULL, '2026-06-14 00:08:28.140585', '2026-06-14 00:08:28.140585'),
('339', '11', '11', '1', NULL, 'seed', NULL, '2026-06-14 00:08:28.140585', '2026-06-14 00:08:28.140585'),
('340', '11', '12', '3', NULL, 'seed', NULL, '2026-06-14 00:08:28.140585', '2026-06-14 00:08:28.140585'),
('341', '11', '13', '1', NULL, 'seed', NULL, '2026-06-14 00:08:28.140585', '2026-06-14 00:08:28.140585'),
('342', '11', '14', '1', NULL, 'seed', NULL, '2026-06-14 00:08:28.140585', '2026-06-14 00:08:28.140585'),
('343', '11', '15', '1', NULL, 'seed', NULL, '2026-06-14 00:08:28.140585', '2026-06-14 00:08:28.140585'),
('344', '11', '16', '1', NULL, 'seed', NULL, '2026-06-14 00:08:28.140585', '2026-06-14 00:08:28.140585'),
('345', '11', '17', '1', NULL, 'seed', NULL, '2026-06-14 00:08:28.140585', '2026-06-14 00:08:28.140585'),
('346', '11', '18', '1', NULL, 'seed', NULL, '2026-06-14 00:08:28.140585', '2026-06-14 00:08:28.140585'),
('347', '11', '19', '1', NULL, 'seed', NULL, '2026-06-14 00:08:28.140585', '2026-06-14 00:08:28.140585'),
('348', '11', '20', '2', NULL, 'seed', NULL, '2026-06-14 00:08:28.140585', '2026-06-14 00:08:28.140585'),
('349', '11', '21', '1', NULL, 'seed', NULL, '2026-06-14 00:08:28.140585', '2026-06-14 00:08:28.140585'),
('350', '11', '22', '1', NULL, 'seed', NULL, '2026-06-14 00:08:28.140585', '2026-06-14 00:08:28.140585'),
('351', '11', '23', '1', NULL, 'seed', NULL, '2026-06-14 00:08:28.140585', '2026-06-14 00:08:28.140585'),
('352', '11', '24', '1', NULL, 'seed', NULL, '2026-06-14 00:08:28.140585', '2026-06-14 00:08:28.140585'),
('353', '11', '25', '3', NULL, 'seed', NULL, '2026-06-14 00:08:28.140585', '2026-06-14 00:08:28.140585'),
('354', '11', '26', '3', NULL, 'seed', NULL, '2026-06-14 00:08:28.140585', '2026-06-14 00:08:28.140585'),
('355', '11', '27', '2', NULL, 'seed', NULL, '2026-06-14 00:08:28.140585', '2026-06-14 00:08:28.140585'),
('356', '11', '28', '1', NULL, 'seed', NULL, '2026-06-14 00:08:28.140585', '2026-06-14 00:08:28.140585'),
('357', '11', '29', '2', NULL, 'seed', NULL, '2026-06-14 00:08:28.140585', '2026-06-14 00:08:28.140585'),
('358', '11', '30', '2', NULL, 'seed', NULL, '2026-06-14 00:08:28.140585', '2026-06-14 00:08:28.140585'),
('359', '11', '31', '1', NULL, 'seed', NULL, '2026-06-14 00:08:28.140585', '2026-06-14 00:08:28.140585'),
('360', '11', '32', '1', NULL, 'seed', NULL, '2026-06-14 00:08:28.140585', '2026-06-14 00:08:28.140585'),
('361', '11', '33', '1', NULL, 'seed', NULL, '2026-06-14 00:08:28.140585', '2026-06-14 00:08:28.140585'),
('362', '11', '34', '1', NULL, 'seed', NULL, '2026-06-14 00:08:28.140585', '2026-06-14 00:08:28.140585'),
('363', '11', '35', '1', NULL, 'seed', NULL, '2026-06-14 00:08:28.140585', '2026-06-14 00:08:28.140585'),
('364', '11', '36', '1', NULL, 'seed', NULL, '2026-06-14 00:08:28.140585', '2026-06-14 00:08:28.140585'),
('365', '11', '37', '1', NULL, 'seed', NULL, '2026-06-14 00:08:28.140585', '2026-06-14 00:08:28.140585'),
('366', '12', '1', '1', NULL, 'seed', NULL, '2026-06-14 00:08:28.140585', '2026-06-14 00:08:28.140585'),
('367', '12', '2', '2', NULL, 'seed', NULL, '2026-06-14 00:08:28.140585', '2026-06-14 00:08:28.140585'),
('368', '12', '3', '1', NULL, 'seed', NULL, '2026-06-14 00:08:28.140585', '2026-06-14 00:08:28.140585'),
('369', '12', '4', '2', NULL, 'seed', NULL, '2026-06-14 00:08:28.140585', '2026-06-14 00:08:28.140585'),
('370', '12', '5', '2', NULL, 'seed', NULL, '2026-06-14 00:08:28.140585', '2026-06-14 00:08:28.140585'),
('371', '12', '6', '1', NULL, 'seed', NULL, '2026-06-14 00:08:28.140585', '2026-06-14 00:08:28.140585'),
('372', '12', '7', '2', NULL, 'seed', NULL, '2026-06-14 00:08:28.140585', '2026-06-14 00:08:28.140585'),
('373', '12', '8', '1', NULL, 'seed', NULL, '2026-06-14 00:08:28.140585', '2026-06-14 00:08:28.140585'),
('374', '12', '9', '1', NULL, 'seed', NULL, '2026-06-14 00:08:28.140585', '2026-06-14 00:08:28.140585'),
('375', '12', '10', '3', NULL, 'seed', NULL, '2026-06-14 00:08:28.140585', '2026-06-14 00:08:28.140585'),
('376', '12', '11', '2', NULL, 'seed', NULL, '2026-06-14 00:08:28.140585', '2026-06-14 00:08:28.140585'),
('377', '12', '12', '1', NULL, 'seed', NULL, '2026-06-14 00:08:28.140585', '2026-06-14 00:08:28.140585'),
('378', '12', '13', '1', NULL, 'seed', NULL, '2026-06-14 00:08:28.140585', '2026-06-14 00:08:28.140585'),
('379', '12', '14', '1', NULL, 'seed', NULL, '2026-06-14 00:08:28.140585', '2026-06-14 00:08:28.140585'),
('380', '12', '15', '1', NULL, 'seed', NULL, '2026-06-14 00:08:28.140585', '2026-06-14 00:08:28.140585'),
('381', '12', '16', '1', NULL, 'seed', NULL, '2026-06-14 00:08:28.140585', '2026-06-14 00:08:28.140585'),
('382', '12', '17', '1', NULL, 'seed', NULL, '2026-06-14 00:08:28.140585', '2026-06-14 00:08:28.140585'),
('383', '12', '18', '2', NULL, 'seed', NULL, '2026-06-14 00:08:28.140585', '2026-06-14 00:08:28.140585'),
('384', '12', '19', '2', NULL, 'seed', NULL, '2026-06-14 00:08:28.140585', '2026-06-14 00:08:28.140585'),
('385', '12', '20', '1', NULL, 'seed', NULL, '2026-06-14 00:08:28.140585', '2026-06-14 00:08:28.140585'),
('386', '12', '21', '1', NULL, 'seed', NULL, '2026-06-14 00:08:28.140585', '2026-06-14 00:08:28.140585'),
('387', '12', '22', '2', NULL, 'seed', NULL, '2026-06-14 00:08:28.140585', '2026-06-14 00:08:28.140585'),
('388', '12', '23', '2', NULL, 'seed', NULL, '2026-06-14 00:08:28.140585', '2026-06-14 00:08:28.140585'),
('389', '12', '24', '2', NULL, 'seed', NULL, '2026-06-14 00:08:28.140585', '2026-06-14 00:08:28.140585'),
('390', '12', '25', '2', NULL, 'seed', NULL, '2026-06-14 00:08:28.140585', '2026-06-14 00:08:28.140585'),
('391', '12', '26', '2', NULL, 'seed', NULL, '2026-06-14 00:08:28.140585', '2026-06-14 00:08:28.140585'),
('392', '12', '27', '2', NULL, 'seed', NULL, '2026-06-14 00:08:28.140585', '2026-06-14 00:08:28.140585'),
('393', '12', '28', '2', NULL, 'seed', NULL, '2026-06-14 00:08:28.140585', '2026-06-14 00:08:28.140585'),
('394', '12', '29', '2', NULL, 'seed', NULL, '2026-06-14 00:08:28.140585', '2026-06-14 00:08:28.140585'),
('395', '12', '30', '1', NULL, 'seed', NULL, '2026-06-14 00:08:28.140585', '2026-06-14 00:08:28.140585'),
('396', '12', '31', '1', NULL, 'seed', NULL, '2026-06-14 00:08:28.140585', '2026-06-14 00:08:28.140585'),
('397', '12', '32', '1', NULL, 'seed', NULL, '2026-06-14 00:08:28.140585', '2026-06-14 00:08:28.140585'),
('398', '12', '33', '2', NULL, 'seed', NULL, '2026-06-14 00:08:28.140585', '2026-06-14 00:08:28.140585'),
('399', '12', '34', '2', NULL, 'seed', NULL, '2026-06-14 00:08:28.140585', '2026-06-14 00:08:28.140585'),
('400', '12', '35', '1', NULL, 'seed', NULL, '2026-06-14 00:08:28.140585', '2026-06-14 00:08:28.140585'),
('401', '12', '36', '2', NULL, 'seed', NULL, '2026-06-14 00:08:28.140585', '2026-06-14 00:08:28.140585'),
('402', '12', '37', '1', NULL, 'seed', NULL, '2026-06-14 00:08:28.140585', '2026-06-14 00:08:28.140585'),
('403', '13', '18', '1', NULL, 'seed', NULL, '2026-06-14 00:08:28.140585', '2026-06-14 00:08:28.140585'),
('404', '13', '19', '2', NULL, 'seed', NULL, '2026-06-14 00:08:28.140585', '2026-06-14 00:08:28.140585'),
('405', '13', '20', '1', NULL, 'seed', NULL, '2026-06-14 00:08:28.140585', '2026-06-14 00:08:28.140585'),
('406', '13', '21', '1', NULL, 'seed', NULL, '2026-06-14 00:08:28.140585', '2026-06-14 00:08:28.140585'),
('407', '13', '22', '1', NULL, 'seed', NULL, '2026-06-14 00:08:28.140585', '2026-06-14 00:08:28.140585'),
('408', '13', '23', '1', NULL, 'seed', NULL, '2026-06-14 00:08:28.140585', '2026-06-14 00:08:28.140585'),
('409', '13', '24', '1', NULL, 'seed', NULL, '2026-06-14 00:08:28.140585', '2026-06-14 00:08:28.140585'),
('410', '13', '25', '1', NULL, 'seed', NULL, '2026-06-14 00:08:28.140585', '2026-06-14 00:08:28.140585'),
('411', '13', '26', '1', NULL, 'seed', NULL, '2026-06-14 00:08:28.140585', '2026-06-14 00:08:28.140585'),
('412', '13', '27', '1', NULL, 'seed', NULL, '2026-06-14 00:08:28.140585', '2026-06-14 00:08:28.140585'),
('413', '13', '28', '1', NULL, 'seed', NULL, '2026-06-14 00:08:28.140585', '2026-06-14 00:08:28.140585'),
('414', '13', '29', '2', NULL, 'seed', NULL, '2026-06-14 00:08:28.140585', '2026-06-14 00:08:28.140585'),
('415', '13', '30', '2', NULL, 'seed', NULL, '2026-06-14 00:08:28.140585', '2026-06-14 00:08:28.140585'),
('416', '13', '31', '1', NULL, 'seed', NULL, '2026-06-14 00:08:28.140585', '2026-06-14 00:08:28.140585'),
('417', '13', '32', '1', NULL, 'seed', NULL, '2026-06-14 00:08:28.140585', '2026-06-14 00:08:28.140585'),
('418', '13', '33', '1', NULL, 'seed', NULL, '2026-06-14 00:08:28.140585', '2026-06-14 00:08:28.140585'),
('419', '13', '34', '1', NULL, 'seed', NULL, '2026-06-14 00:08:28.140585', '2026-06-14 00:08:28.140585'),
('420', '13', '35', '1', NULL, 'seed', NULL, '2026-06-14 00:08:28.140585', '2026-06-14 00:08:28.140585'),
('421', '13', '36', '1', NULL, 'seed', NULL, '2026-06-14 00:08:28.140585', '2026-06-14 00:08:28.140585'),
('422', '13', '37', '1', NULL, 'seed', NULL, '2026-06-14 00:08:28.140585', '2026-06-14 00:08:28.140585'),
('423', '14', '27', '1', NULL, 'seed', NULL, '2026-06-14 00:08:28.140585', '2026-06-14 00:08:28.140585'),
('424', '14', '28', '1', NULL, 'seed', NULL, '2026-06-14 00:08:28.140585', '2026-06-14 00:08:28.140585'),
('425', '14', '29', '1', NULL, 'seed', NULL, '2026-06-14 00:08:28.140585', '2026-06-14 00:08:28.140585'),
('426', '14', '30', '1', NULL, 'seed', NULL, '2026-06-14 00:08:28.140585', '2026-06-14 00:08:28.140585'),
('427', '14', '31', '1', NULL, 'seed', NULL, '2026-06-14 00:08:28.140585', '2026-06-14 00:08:28.140585'),
('428', '14', '32', '2', NULL, 'seed', NULL, '2026-06-14 00:08:28.140585', '2026-06-14 00:08:28.140585'),
('429', '14', '33', '1', NULL, 'seed', NULL, '2026-06-14 00:08:28.140585', '2026-06-14 00:08:28.140585'),
('430', '14', '34', '1', NULL, 'seed', NULL, '2026-06-14 00:08:28.140585', '2026-06-14 00:08:28.140585'),
('431', '14', '35', '1', NULL, 'seed', NULL, '2026-06-14 00:08:28.140585', '2026-06-14 00:08:28.140585'),
('432', '14', '36', '1', NULL, 'seed', NULL, '2026-06-14 00:08:28.140585', '2026-06-14 00:08:28.140585'),
('433', '14', '37', '2', NULL, 'seed', NULL, '2026-06-14 00:08:28.140585', '2026-06-14 00:08:28.140585'),
('434', '15', '1', '1', NULL, 'seed', NULL, '2026-06-14 00:08:28.140585', '2026-06-14 00:08:28.140585'),
('435', '15', '2', '1', NULL, 'seed', NULL, '2026-06-14 00:08:28.140585', '2026-06-14 00:08:28.140585'),
('436', '15', '3', '2', NULL, 'seed', NULL, '2026-06-14 00:08:28.140585', '2026-06-14 00:08:28.140585'),
('437', '15', '4', '2', NULL, 'seed', NULL, '2026-06-14 00:08:28.140585', '2026-06-14 00:08:28.140585'),
('438', '15', '5', '1', NULL, 'seed', NULL, '2026-06-14 00:08:28.140585', '2026-06-14 00:08:28.140585'),
('439', '15', '6', '1', NULL, 'seed', NULL, '2026-06-14 00:08:28.140585', '2026-06-14 00:08:28.140585'),
('440', '15', '7', '1', NULL, 'seed', NULL, '2026-06-14 00:08:28.140585', '2026-06-14 00:08:28.140585'),
('441', '15', '8', '1', NULL, 'seed', NULL, '2026-06-14 00:08:28.140585', '2026-06-14 00:08:28.140585'),
('442', '15', '9', '1', NULL, 'seed', NULL, '2026-06-14 00:08:28.140585', '2026-06-14 00:08:28.140585'),
('443', '15', '10', '3', NULL, 'seed', NULL, '2026-06-14 00:08:28.140585', '2026-06-14 00:08:28.140585'),
('444', '15', '11', '1', NULL, 'seed', NULL, '2026-06-14 00:08:28.140585', '2026-06-14 00:08:28.140585'),
('445', '15', '12', '1', NULL, 'seed', NULL, '2026-06-14 00:08:28.140585', '2026-06-14 00:08:28.140585'),
('446', '15', '13', '1', NULL, 'seed', NULL, '2026-06-14 00:08:28.140585', '2026-06-14 00:08:28.140585'),
('447', '15', '14', '1', NULL, 'seed', NULL, '2026-06-14 00:08:28.140585', '2026-06-14 00:08:28.140585'),
('448', '15', '15', '1', NULL, 'seed', NULL, '2026-06-14 00:08:28.140585', '2026-06-14 00:08:28.140585'),
('449', '15', '16', '1', NULL, 'seed', NULL, '2026-06-14 00:08:28.140585', '2026-06-14 00:08:28.140585'),
('450', '15', '17', '1', NULL, 'seed', NULL, '2026-06-14 00:08:28.140585', '2026-06-14 00:08:28.140585'),
('451', '15', '18', '1', NULL, 'seed', NULL, '2026-06-14 00:08:28.140585', '2026-06-14 00:08:28.140585'),
('452', '15', '19', '1', NULL, 'seed', NULL, '2026-06-14 00:08:28.140585', '2026-06-14 00:08:28.140585'),
('453', '15', '20', '1', NULL, 'seed', NULL, '2026-06-14 00:08:28.140585', '2026-06-14 00:08:28.140585'),
('454', '15', '21', '1', NULL, 'seed', NULL, '2026-06-14 00:08:28.140585', '2026-06-14 00:08:28.140585'),
('455', '15', '22', '1', NULL, 'seed', NULL, '2026-06-14 00:08:28.140585', '2026-06-14 00:08:28.140585'),
('456', '15', '23', '1', NULL, 'seed', NULL, '2026-06-14 00:08:28.140585', '2026-06-14 00:08:28.140585'),
('457', '15', '24', '1', NULL, 'seed', NULL, '2026-06-14 00:08:28.140585', '2026-06-14 00:08:28.140585'),
('458', '15', '25', '1', NULL, 'seed', NULL, '2026-06-14 00:08:28.140585', '2026-06-14 00:08:28.140585'),
('459', '15', '26', '1', NULL, 'seed', NULL, '2026-06-14 00:08:28.140585', '2026-06-14 00:08:28.140585'),
('460', '15', '27', '1', NULL, 'seed', NULL, '2026-06-14 00:08:28.140585', '2026-06-14 00:08:28.140585'),
('461', '15', '28', '1', NULL, 'seed', NULL, '2026-06-14 00:08:28.140585', '2026-06-14 00:08:28.140585'),
('462', '15', '29', '1', NULL, 'seed', NULL, '2026-06-14 00:08:28.140585', '2026-06-14 00:08:28.140585'),
('463', '15', '30', '1', NULL, 'seed', NULL, '2026-06-14 00:08:28.140585', '2026-06-14 00:08:28.140585'),
('464', '15', '31', '1', NULL, 'seed', NULL, '2026-06-14 00:08:28.140585', '2026-06-14 00:08:28.140585'),
('465', '15', '32', '1', NULL, 'seed', NULL, '2026-06-14 00:08:28.140585', '2026-06-14 00:08:28.140585'),
('466', '15', '33', '1', NULL, 'seed', NULL, '2026-06-14 00:08:28.140585', '2026-06-14 00:08:28.140585'),
('467', '15', '34', '1', NULL, 'seed', NULL, '2026-06-14 00:08:28.140585', '2026-06-14 00:08:28.140585'),
('468', '15', '35', '1', NULL, 'seed', NULL, '2026-06-14 00:08:28.140585', '2026-06-14 00:08:28.140585'),
('469', '15', '36', '1', NULL, 'seed', NULL, '2026-06-14 00:08:28.140585', '2026-06-14 00:08:28.140585'),
('470', '15', '37', '1', NULL, 'seed', NULL, '2026-06-14 00:08:28.140585', '2026-06-14 00:08:28.140585'),
('471', '16', '1', '1', NULL, 'seed', NULL, '2026-06-14 00:08:28.140585', '2026-06-14 00:08:28.140585'),
('472', '16', '2', '1', NULL, 'seed', NULL, '2026-06-14 00:08:28.140585', '2026-06-14 00:08:28.140585'),
('473', '16', '3', '1', NULL, 'seed', NULL, '2026-06-14 00:08:28.140585', '2026-06-14 00:08:28.140585'),
('474', '16', '4', '1', NULL, 'seed', NULL, '2026-06-14 00:08:28.140585', '2026-06-14 00:08:28.140585'),
('475', '16', '5', '1', NULL, 'seed', NULL, '2026-06-14 00:08:28.140585', '2026-06-14 00:08:28.140585'),
('476', '16', '6', '1', NULL, 'seed', NULL, '2026-06-14 00:08:28.140585', '2026-06-14 00:08:28.140585'),
('477', '16', '7', '1', NULL, 'seed', NULL, '2026-06-14 00:08:28.140585', '2026-06-14 00:08:28.140585'),
('478', '16', '8', '1', NULL, 'seed', NULL, '2026-06-14 00:08:28.140585', '2026-06-14 00:08:28.140585'),
('479', '16', '9', '1', NULL, 'seed', NULL, '2026-06-14 00:08:28.140585', '2026-06-14 00:08:28.140585'),
('480', '16', '10', '1', NULL, 'seed', NULL, '2026-06-14 00:08:28.140585', '2026-06-14 00:08:28.140585'),
('481', '16', '11', '1', NULL, 'seed', NULL, '2026-06-14 00:08:28.140585', '2026-06-14 00:08:28.140585'),
('482', '16', '12', '1', NULL, 'seed', NULL, '2026-06-14 00:08:28.140585', '2026-06-14 00:08:28.140585'),
('483', '16', '13', '1', NULL, 'seed', NULL, '2026-06-14 00:08:28.140585', '2026-06-14 00:08:28.140585'),
('484', '16', '14', '1', NULL, 'seed', NULL, '2026-06-14 00:08:28.140585', '2026-06-14 00:08:28.140585'),
('485', '16', '15', '3', NULL, 'seed', NULL, '2026-06-14 00:08:28.140585', '2026-06-14 00:08:28.140585'),
('486', '16', '16', '1', NULL, 'seed', NULL, '2026-06-14 00:08:28.140585', '2026-06-14 00:08:28.140585'),
('487', '16', '17', '1', NULL, 'seed', NULL, '2026-06-14 00:08:28.140585', '2026-06-14 00:08:28.140585'),
('488', '16', '18', '1', NULL, 'seed', NULL, '2026-06-14 00:08:28.140585', '2026-06-14 00:08:28.140585'),
('489', '16', '19', '1', NULL, 'seed', NULL, '2026-06-14 00:08:28.140585', '2026-06-14 00:08:28.140585'),
('490', '16', '20', '2', NULL, 'seed', NULL, '2026-06-14 00:08:28.140585', '2026-06-14 00:08:28.140585'),
('491', '16', '21', '1', NULL, 'seed', NULL, '2026-06-14 00:08:28.140585', '2026-06-14 00:08:28.140585'),
('492', '16', '22', '1', NULL, 'seed', NULL, '2026-06-14 00:08:28.140585', '2026-06-14 00:08:28.140585'),
('493', '16', '23', '1', NULL, 'seed', NULL, '2026-06-14 00:08:28.140585', '2026-06-14 00:08:28.140585'),
('494', '16', '24', '1', NULL, 'seed', NULL, '2026-06-14 00:08:28.140585', '2026-06-14 00:08:28.140585'),
('495', '16', '25', '1', NULL, 'seed', NULL, '2026-06-14 00:08:28.140585', '2026-06-14 00:08:28.140585'),
('496', '16', '26', '1', NULL, 'seed', NULL, '2026-06-14 00:08:28.140585', '2026-06-14 00:08:28.140585'),
('497', '16', '27', '2', NULL, 'seed', NULL, '2026-06-14 00:08:28.140585', '2026-06-14 00:08:28.140585'),
('498', '16', '28', '1', NULL, 'seed', NULL, '2026-06-14 00:08:28.140585', '2026-06-14 00:08:28.140585'),
('499', '16', '29', '1', NULL, 'seed', NULL, '2026-06-14 00:08:28.140585', '2026-06-14 00:08:28.140585'),
('500', '16', '30', '1', NULL, 'seed', NULL, '2026-06-14 00:08:28.140585', '2026-06-14 00:08:28.140585');

INSERT INTO "public"."attendance_records" ("id", "player_team_id", "training_session_id", "attendance_status_id", "notes", "created_by", "updated_by", "created_at", "updated_at") VALUES
('501', '16', '31', '1', NULL, 'seed', NULL, '2026-06-14 00:08:28.140585', '2026-06-14 00:08:28.140585'),
('502', '16', '32', '1', NULL, 'seed', NULL, '2026-06-14 00:08:28.140585', '2026-06-14 00:08:28.140585'),
('503', '16', '33', '2', NULL, 'seed', NULL, '2026-06-14 00:08:28.140585', '2026-06-14 00:08:28.140585'),
('504', '16', '34', '1', NULL, 'seed', NULL, '2026-06-14 00:08:28.140585', '2026-06-14 00:08:28.140585'),
('505', '16', '35', '1', NULL, 'seed', NULL, '2026-06-14 00:08:28.140585', '2026-06-14 00:08:28.140585'),
('506', '16', '36', '1', NULL, 'seed', NULL, '2026-06-14 00:08:28.140585', '2026-06-14 00:08:28.140585'),
('507', '16', '37', '1', NULL, 'seed', NULL, '2026-06-14 00:08:28.140585', '2026-06-14 00:08:28.140585'),
('508', '17', '1', '1', NULL, 'seed', NULL, '2026-06-14 00:08:28.140585', '2026-06-14 00:08:28.140585'),
('509', '17', '2', '1', NULL, 'seed', NULL, '2026-06-14 00:08:28.140585', '2026-06-14 00:08:28.140585'),
('510', '17', '3', '2', NULL, 'seed', NULL, '2026-06-14 00:08:28.140585', '2026-06-14 00:08:28.140585'),
('511', '17', '4', '2', NULL, 'seed', NULL, '2026-06-14 00:08:28.140585', '2026-06-14 00:08:28.140585'),
('512', '17', '5', '1', NULL, 'seed', NULL, '2026-06-14 00:08:28.140585', '2026-06-14 00:08:28.140585'),
('513', '17', '6', '1', NULL, 'seed', NULL, '2026-06-14 00:08:28.140585', '2026-06-14 00:08:28.140585'),
('514', '17', '7', '2', NULL, 'seed', NULL, '2026-06-14 00:08:28.140585', '2026-06-14 00:08:28.140585'),
('515', '17', '8', '1', NULL, 'seed', NULL, '2026-06-14 00:08:28.140585', '2026-06-14 00:08:28.140585'),
('516', '17', '9', '1', NULL, 'seed', NULL, '2026-06-14 00:08:28.140585', '2026-06-14 00:08:28.140585'),
('517', '17', '10', '1', NULL, 'seed', NULL, '2026-06-14 00:08:28.140585', '2026-06-14 00:08:28.140585'),
('518', '17', '11', '2', NULL, 'seed', NULL, '2026-06-14 00:08:28.140585', '2026-06-14 00:08:28.140585'),
('519', '17', '12', '1', NULL, 'seed', NULL, '2026-06-14 00:08:28.140585', '2026-06-14 00:08:28.140585'),
('520', '17', '13', '1', NULL, 'seed', NULL, '2026-06-14 00:08:28.140585', '2026-06-14 00:08:28.140585'),
('521', '17', '14', '1', NULL, 'seed', NULL, '2026-06-14 00:08:28.140585', '2026-06-14 00:08:28.140585'),
('522', '17', '15', '1', NULL, 'seed', NULL, '2026-06-14 00:08:28.140585', '2026-06-14 00:08:28.140585'),
('523', '17', '16', '1', NULL, 'seed', NULL, '2026-06-14 00:08:28.140585', '2026-06-14 00:08:28.140585'),
('524', '17', '17', '1', NULL, 'seed', NULL, '2026-06-14 00:08:28.140585', '2026-06-14 00:08:28.140585'),
('525', '17', '18', '1', NULL, 'seed', NULL, '2026-06-14 00:08:28.140585', '2026-06-14 00:08:28.140585'),
('526', '17', '19', '1', NULL, 'seed', NULL, '2026-06-14 00:08:28.140585', '2026-06-14 00:08:28.140585'),
('527', '17', '20', '2', NULL, 'seed', NULL, '2026-06-14 00:08:28.140585', '2026-06-14 00:08:28.140585'),
('528', '17', '21', '1', NULL, 'seed', NULL, '2026-06-14 00:08:28.140585', '2026-06-14 00:08:28.140585'),
('529', '17', '22', '1', NULL, 'seed', NULL, '2026-06-14 00:08:28.140585', '2026-06-14 00:08:28.140585'),
('530', '17', '23', '1', NULL, 'seed', NULL, '2026-06-14 00:08:28.140585', '2026-06-14 00:08:28.140585'),
('531', '17', '24', '1', NULL, 'seed', NULL, '2026-06-14 00:08:28.140585', '2026-06-14 00:08:28.140585'),
('532', '17', '25', '1', NULL, 'seed', NULL, '2026-06-14 00:08:28.140585', '2026-06-14 00:08:28.140585'),
('533', '17', '26', '1', NULL, 'seed', NULL, '2026-06-14 00:08:28.140585', '2026-06-14 00:08:28.140585'),
('534', '17', '27', '1', NULL, 'seed', NULL, '2026-06-14 00:08:28.140585', '2026-06-14 00:08:28.140585'),
('535', '17', '28', '1', NULL, 'seed', NULL, '2026-06-14 00:08:28.140585', '2026-06-14 00:08:28.140585'),
('536', '17', '29', '1', NULL, 'seed', NULL, '2026-06-14 00:08:28.140585', '2026-06-14 00:08:28.140585'),
('537', '17', '30', '1', NULL, 'seed', NULL, '2026-06-14 00:08:28.140585', '2026-06-14 00:08:28.140585'),
('538', '17', '31', '1', NULL, 'seed', NULL, '2026-06-14 00:08:28.140585', '2026-06-14 00:08:28.140585'),
('539', '17', '32', '1', NULL, 'seed', NULL, '2026-06-14 00:08:28.140585', '2026-06-14 00:08:28.140585'),
('540', '17', '33', '1', NULL, 'seed', NULL, '2026-06-14 00:08:28.140585', '2026-06-14 00:08:28.140585'),
('541', '17', '34', '1', NULL, 'seed', NULL, '2026-06-14 00:08:28.140585', '2026-06-14 00:08:28.140585'),
('542', '17', '35', '1', NULL, 'seed', NULL, '2026-06-14 00:08:28.140585', '2026-06-14 00:08:28.140585'),
('543', '17', '36', '1', NULL, 'seed', NULL, '2026-06-14 00:08:28.140585', '2026-06-14 00:08:28.140585'),
('544', '17', '37', '2', NULL, 'seed', NULL, '2026-06-14 00:08:28.140585', '2026-06-14 00:08:28.140585'),
('545', '18', '14', '1', NULL, 'seed', NULL, '2026-06-14 00:08:28.140585', '2026-06-14 00:08:28.140585'),
('546', '18', '15', '1', NULL, 'seed', NULL, '2026-06-14 00:08:28.140585', '2026-06-14 00:08:28.140585'),
('547', '18', '16', '1', NULL, 'seed', NULL, '2026-06-14 00:08:28.140585', '2026-06-14 00:08:28.140585'),
('548', '18', '17', '2', NULL, 'seed', NULL, '2026-06-14 00:08:28.140585', '2026-06-14 00:08:28.140585'),
('549', '18', '18', '1', NULL, 'seed', NULL, '2026-06-14 00:08:28.140585', '2026-06-14 00:08:28.140585'),
('550', '18', '19', '2', NULL, 'seed', NULL, '2026-06-14 00:08:28.140585', '2026-06-14 00:08:28.140585'),
('551', '18', '20', '1', NULL, 'seed', NULL, '2026-06-14 00:08:28.140585', '2026-06-14 00:08:28.140585'),
('552', '18', '21', '1', NULL, 'seed', NULL, '2026-06-14 00:08:28.140585', '2026-06-14 00:08:28.140585'),
('553', '18', '22', '1', NULL, 'seed', NULL, '2026-06-14 00:08:28.140585', '2026-06-14 00:08:28.140585'),
('554', '18', '23', '1', NULL, 'seed', NULL, '2026-06-14 00:08:28.140585', '2026-06-14 00:08:28.140585'),
('555', '18', '24', '1', NULL, 'seed', NULL, '2026-06-14 00:08:28.140585', '2026-06-14 00:08:28.140585'),
('556', '18', '25', '1', NULL, 'seed', NULL, '2026-06-14 00:08:28.140585', '2026-06-14 00:08:28.140585'),
('557', '18', '26', '1', NULL, 'seed', NULL, '2026-06-14 00:08:28.140585', '2026-06-14 00:08:28.140585'),
('558', '18', '27', '1', NULL, 'seed', NULL, '2026-06-14 00:08:28.140585', '2026-06-14 00:08:28.140585'),
('559', '18', '28', '1', NULL, 'seed', NULL, '2026-06-14 00:08:28.140585', '2026-06-14 00:08:28.140585'),
('560', '18', '29', '1', NULL, 'seed', NULL, '2026-06-14 00:08:28.140585', '2026-06-14 00:08:28.140585'),
('561', '18', '30', '2', NULL, 'seed', NULL, '2026-06-14 00:08:28.140585', '2026-06-14 00:08:28.140585'),
('562', '18', '31', '1', NULL, 'seed', NULL, '2026-06-14 00:08:28.140585', '2026-06-14 00:08:28.140585'),
('563', '18', '32', '2', NULL, 'seed', NULL, '2026-06-14 00:08:28.140585', '2026-06-14 00:08:28.140585'),
('564', '18', '33', '1', NULL, 'seed', NULL, '2026-06-14 00:08:28.140585', '2026-06-14 00:08:28.140585'),
('565', '18', '34', '1', NULL, 'seed', NULL, '2026-06-14 00:08:28.140585', '2026-06-14 00:08:28.140585'),
('566', '18', '35', '1', NULL, 'seed', NULL, '2026-06-14 00:08:28.140585', '2026-06-14 00:08:28.140585'),
('567', '18', '36', '1', NULL, 'seed', NULL, '2026-06-14 00:08:28.140585', '2026-06-14 00:08:28.140585'),
('568', '18', '37', '1', NULL, 'seed', NULL, '2026-06-14 00:08:28.140585', '2026-06-14 00:08:28.140585'),
('569', '19', '1', '1', NULL, 'seed', NULL, '2026-06-14 00:08:28.140585', '2026-06-14 00:08:28.140585'),
('570', '19', '2', '2', NULL, 'seed', NULL, '2026-06-14 00:08:28.140585', '2026-06-14 00:08:28.140585'),
('571', '19', '3', '1', NULL, 'seed', NULL, '2026-06-14 00:08:28.140585', '2026-06-14 00:08:28.140585'),
('572', '19', '4', '1', NULL, 'seed', NULL, '2026-06-14 00:08:28.140585', '2026-06-14 00:08:28.140585'),
('573', '19', '5', '2', NULL, 'seed', NULL, '2026-06-14 00:08:28.140585', '2026-06-14 00:08:28.140585'),
('574', '19', '6', '1', NULL, 'seed', NULL, '2026-06-14 00:08:28.140585', '2026-06-14 00:08:28.140585'),
('575', '19', '7', '1', NULL, 'seed', NULL, '2026-06-14 00:08:28.140585', '2026-06-14 00:08:28.140585'),
('576', '19', '8', '1', NULL, 'seed', NULL, '2026-06-14 00:08:28.140585', '2026-06-14 00:08:28.140585'),
('577', '19', '9', '1', NULL, 'seed', NULL, '2026-06-14 00:08:28.140585', '2026-06-14 00:08:28.140585'),
('578', '19', '10', '1', NULL, 'seed', NULL, '2026-06-14 00:08:28.140585', '2026-06-14 00:08:28.140585'),
('579', '19', '11', '1', NULL, 'seed', NULL, '2026-06-14 00:08:28.140585', '2026-06-14 00:08:28.140585'),
('580', '19', '12', '1', NULL, 'seed', NULL, '2026-06-14 00:08:28.140585', '2026-06-14 00:08:28.140585'),
('581', '19', '13', '1', NULL, 'seed', NULL, '2026-06-14 00:08:28.140585', '2026-06-14 00:08:28.140585'),
('582', '19', '14', '1', NULL, 'seed', NULL, '2026-06-14 00:08:28.140585', '2026-06-14 00:08:28.140585'),
('583', '19', '15', '3', NULL, 'seed', NULL, '2026-06-14 00:08:28.140585', '2026-06-14 00:08:28.140585'),
('584', '19', '16', '1', NULL, 'seed', NULL, '2026-06-14 00:08:28.140585', '2026-06-14 00:08:28.140585'),
('585', '19', '17', '1', NULL, 'seed', NULL, '2026-06-14 00:08:28.140585', '2026-06-14 00:08:28.140585'),
('586', '19', '18', '2', NULL, 'seed', NULL, '2026-06-14 00:08:28.140585', '2026-06-14 00:08:28.140585'),
('587', '19', '19', '1', NULL, 'seed', NULL, '2026-06-14 00:08:28.140585', '2026-06-14 00:08:28.140585'),
('588', '19', '20', '1', NULL, 'seed', NULL, '2026-06-14 00:08:28.140585', '2026-06-14 00:08:28.140585'),
('589', '19', '21', '1', NULL, 'seed', NULL, '2026-06-14 00:08:28.140585', '2026-06-14 00:08:28.140585'),
('590', '19', '22', '2', NULL, 'seed', NULL, '2026-06-14 00:08:28.140585', '2026-06-14 00:08:28.140585'),
('591', '19', '23', '2', NULL, 'seed', NULL, '2026-06-14 00:08:28.140585', '2026-06-14 00:08:28.140585'),
('592', '19', '24', '2', NULL, 'seed', NULL, '2026-06-14 00:08:28.140585', '2026-06-14 00:08:28.140585'),
('593', '19', '25', '2', NULL, 'seed', NULL, '2026-06-14 00:08:28.140585', '2026-06-14 00:08:28.140585'),
('594', '19', '26', '2', NULL, 'seed', NULL, '2026-06-14 00:08:28.140585', '2026-06-14 00:08:28.140585'),
('595', '19', '27', '1', NULL, 'seed', NULL, '2026-06-14 00:08:28.140585', '2026-06-14 00:08:28.140585'),
('596', '19', '28', '1', NULL, 'seed', NULL, '2026-06-14 00:08:28.140585', '2026-06-14 00:08:28.140585'),
('597', '19', '29', '2', NULL, 'seed', NULL, '2026-06-14 00:08:28.140585', '2026-06-14 00:08:28.140585'),
('598', '19', '30', '1', NULL, 'seed', NULL, '2026-06-14 00:08:28.140585', '2026-06-14 00:08:28.140585'),
('599', '19', '31', '1', NULL, 'seed', NULL, '2026-06-14 00:08:28.140585', '2026-06-14 00:08:28.140585'),
('600', '19', '32', '1', NULL, 'seed', NULL, '2026-06-14 00:08:28.140585', '2026-06-14 00:08:28.140585'),
('601', '19', '33', '2', NULL, 'seed', NULL, '2026-06-14 00:08:28.140585', '2026-06-14 00:08:28.140585'),
('602', '19', '34', '2', NULL, 'seed', NULL, '2026-06-14 00:08:28.140585', '2026-06-14 00:08:28.140585'),
('603', '19', '35', '2', NULL, 'seed', NULL, '2026-06-14 00:08:28.140585', '2026-06-14 00:08:28.140585'),
('604', '19', '36', '1', NULL, 'seed', NULL, '2026-06-14 00:08:28.140585', '2026-06-14 00:08:28.140585'),
('605', '19', '37', '1', NULL, 'seed', NULL, '2026-06-14 00:08:28.140585', '2026-06-14 00:08:28.140585'),
('606', '20', '1', '1', NULL, 'seed', NULL, '2026-06-14 00:08:28.140585', '2026-06-14 00:08:28.140585'),
('607', '20', '2', '1', NULL, 'seed', NULL, '2026-06-14 00:08:28.140585', '2026-06-14 00:08:28.140585'),
('608', '20', '3', '1', NULL, 'seed', NULL, '2026-06-14 00:08:28.140585', '2026-06-14 00:08:28.140585'),
('609', '20', '4', '1', NULL, 'seed', NULL, '2026-06-14 00:08:28.140585', '2026-06-14 00:08:28.140585'),
('610', '20', '5', '3', NULL, 'seed', NULL, '2026-06-14 00:08:28.140585', '2026-06-14 00:08:28.140585'),
('611', '20', '6', '1', NULL, 'seed', NULL, '2026-06-14 00:08:28.140585', '2026-06-14 00:08:28.140585'),
('612', '20', '7', '1', NULL, 'seed', NULL, '2026-06-14 00:08:28.140585', '2026-06-14 00:08:28.140585'),
('613', '20', '8', '1', NULL, 'seed', NULL, '2026-06-14 00:08:28.140585', '2026-06-14 00:08:28.140585'),
('614', '20', '9', '1', NULL, 'seed', NULL, '2026-06-14 00:08:28.140585', '2026-06-14 00:08:28.140585'),
('615', '20', '10', '1', NULL, 'seed', NULL, '2026-06-14 00:08:28.140585', '2026-06-14 00:08:28.140585'),
('616', '20', '11', '1', NULL, 'seed', NULL, '2026-06-14 00:08:28.140585', '2026-06-14 00:08:28.140585'),
('617', '20', '12', '1', NULL, 'seed', NULL, '2026-06-14 00:08:28.140585', '2026-06-14 00:08:28.140585'),
('618', '20', '13', '1', NULL, 'seed', NULL, '2026-06-14 00:08:28.140585', '2026-06-14 00:08:28.140585'),
('619', '20', '14', '1', NULL, 'seed', NULL, '2026-06-14 00:08:28.140585', '2026-06-14 00:08:28.140585'),
('620', '20', '15', '2', NULL, 'seed', NULL, '2026-06-14 00:08:28.140585', '2026-06-14 00:08:28.140585'),
('621', '20', '16', '2', NULL, 'seed', NULL, '2026-06-14 00:08:28.140585', '2026-06-14 00:08:28.140585'),
('622', '20', '17', '1', NULL, 'seed', NULL, '2026-06-14 00:08:28.140585', '2026-06-14 00:08:28.140585'),
('623', '20', '18', '1', NULL, 'seed', NULL, '2026-06-14 00:08:28.140585', '2026-06-14 00:08:28.140585'),
('624', '20', '19', '3', NULL, 'seed', NULL, '2026-06-14 00:08:28.140585', '2026-06-14 00:08:28.140585'),
('625', '20', '20', '3', NULL, 'seed', NULL, '2026-06-14 00:08:28.140585', '2026-06-14 00:08:28.140585'),
('626', '20', '21', '3', NULL, 'seed', NULL, '2026-06-14 00:08:28.140585', '2026-06-14 00:08:28.140585'),
('627', '20', '22', '3', NULL, 'seed', NULL, '2026-06-14 00:08:28.140585', '2026-06-14 00:08:28.140585'),
('628', '20', '23', '3', NULL, 'seed', NULL, '2026-06-14 00:08:28.140585', '2026-06-14 00:08:28.140585'),
('629', '20', '24', '2', NULL, 'seed', NULL, '2026-06-14 00:08:28.140585', '2026-06-14 00:08:28.140585'),
('630', '20', '25', '2', NULL, 'seed', NULL, '2026-06-14 00:08:28.140585', '2026-06-14 00:08:28.140585'),
('631', '20', '26', '2', NULL, 'seed', NULL, '2026-06-14 00:08:28.140585', '2026-06-14 00:08:28.140585'),
('632', '20', '27', '1', NULL, 'seed', NULL, '2026-06-14 00:08:28.140585', '2026-06-14 00:08:28.140585'),
('633', '20', '28', '1', NULL, 'seed', NULL, '2026-06-14 00:08:28.140585', '2026-06-14 00:08:28.140585'),
('634', '20', '29', '3', NULL, 'seed', NULL, '2026-06-14 00:08:28.140585', '2026-06-14 00:08:28.140585'),
('635', '20', '30', '1', NULL, 'seed', NULL, '2026-06-14 00:08:28.140585', '2026-06-14 00:08:28.140585'),
('636', '20', '31', '1', NULL, 'seed', NULL, '2026-06-14 00:08:28.140585', '2026-06-14 00:08:28.140585'),
('637', '20', '32', '1', NULL, 'seed', NULL, '2026-06-14 00:08:28.140585', '2026-06-14 00:08:28.140585'),
('638', '20', '33', '1', NULL, 'seed', NULL, '2026-06-14 00:08:28.140585', '2026-06-14 00:08:28.140585'),
('639', '20', '34', '1', NULL, 'seed', NULL, '2026-06-14 00:08:28.140585', '2026-06-14 00:08:28.140585'),
('640', '20', '35', '1', NULL, 'seed', NULL, '2026-06-14 00:08:28.140585', '2026-06-14 00:08:28.140585'),
('641', '20', '36', '1', NULL, 'seed', NULL, '2026-06-14 00:08:28.140585', '2026-06-14 00:08:28.140585'),
('642', '20', '37', '1', NULL, 'seed', NULL, '2026-06-14 00:08:28.140585', '2026-06-14 00:08:28.140585'),
('643', '21', '1', '1', NULL, 'seed', NULL, '2026-06-14 00:08:28.140585', '2026-06-14 00:08:28.140585'),
('644', '21', '2', '1', NULL, 'seed', NULL, '2026-06-14 00:08:28.140585', '2026-06-14 00:08:28.140585'),
('645', '21', '3', '1', NULL, 'seed', NULL, '2026-06-14 00:08:28.140585', '2026-06-14 00:08:28.140585'),
('646', '21', '4', '1', NULL, 'seed', NULL, '2026-06-14 00:08:28.140585', '2026-06-14 00:08:28.140585'),
('647', '21', '5', '2', NULL, 'seed', NULL, '2026-06-14 00:08:28.140585', '2026-06-14 00:08:28.140585'),
('648', '21', '6', '1', NULL, 'seed', NULL, '2026-06-14 00:08:28.140585', '2026-06-14 00:08:28.140585'),
('649', '21', '7', '1', NULL, 'seed', NULL, '2026-06-14 00:08:28.140585', '2026-06-14 00:08:28.140585'),
('650', '21', '8', '1', NULL, 'seed', NULL, '2026-06-14 00:08:28.140585', '2026-06-14 00:08:28.140585'),
('651', '21', '9', '1', NULL, 'seed', NULL, '2026-06-14 00:08:28.140585', '2026-06-14 00:08:28.140585'),
('652', '21', '10', '1', NULL, 'seed', NULL, '2026-06-14 00:08:28.140585', '2026-06-14 00:08:28.140585'),
('653', '21', '11', '1', NULL, 'seed', NULL, '2026-06-14 00:08:28.140585', '2026-06-14 00:08:28.140585'),
('654', '21', '12', '1', NULL, 'seed', NULL, '2026-06-14 00:08:28.140585', '2026-06-14 00:08:28.140585'),
('655', '21', '13', '1', NULL, 'seed', NULL, '2026-06-14 00:08:28.140585', '2026-06-14 00:08:28.140585'),
('656', '21', '14', '1', NULL, 'seed', NULL, '2026-06-14 00:08:28.140585', '2026-06-14 00:08:28.140585'),
('657', '21', '15', '1', NULL, 'seed', NULL, '2026-06-14 00:08:28.140585', '2026-06-14 00:08:28.140585'),
('658', '21', '16', '1', NULL, 'seed', NULL, '2026-06-14 00:08:28.140585', '2026-06-14 00:08:28.140585'),
('659', '21', '17', '1', NULL, 'seed', NULL, '2026-06-14 00:08:28.140585', '2026-06-14 00:08:28.140585'),
('660', '21', '18', '1', NULL, 'seed', NULL, '2026-06-14 00:08:28.140585', '2026-06-14 00:08:28.140585'),
('661', '21', '19', '1', NULL, 'seed', NULL, '2026-06-14 00:08:28.140585', '2026-06-14 00:08:28.140585'),
('662', '21', '20', '1', NULL, 'seed', NULL, '2026-06-14 00:08:28.140585', '2026-06-14 00:08:28.140585'),
('663', '21', '21', '1', NULL, 'seed', NULL, '2026-06-14 00:08:28.140585', '2026-06-14 00:08:28.140585'),
('664', '21', '22', '1', NULL, 'seed', NULL, '2026-06-14 00:08:28.140585', '2026-06-14 00:08:28.140585'),
('665', '21', '23', '1', NULL, 'seed', NULL, '2026-06-14 00:08:28.140585', '2026-06-14 00:08:28.140585'),
('666', '21', '24', '2', NULL, 'seed', NULL, '2026-06-14 00:08:28.140585', '2026-06-14 00:08:28.140585'),
('667', '21', '25', '2', NULL, 'seed', NULL, '2026-06-14 00:08:28.140585', '2026-06-14 00:08:28.140585'),
('668', '21', '26', '2', NULL, 'seed', NULL, '2026-06-14 00:08:28.140585', '2026-06-14 00:08:28.140585'),
('669', '21', '27', '1', NULL, 'seed', NULL, '2026-06-14 00:08:28.140585', '2026-06-14 00:08:28.140585'),
('670', '21', '28', '1', NULL, 'seed', NULL, '2026-06-14 00:08:28.140585', '2026-06-14 00:08:28.140585'),
('671', '21', '29', '1', NULL, 'seed', NULL, '2026-06-14 00:08:28.140585', '2026-06-14 00:08:28.140585'),
('672', '21', '30', '1', NULL, 'seed', NULL, '2026-06-14 00:08:28.140585', '2026-06-14 00:08:28.140585'),
('673', '21', '31', '1', NULL, 'seed', NULL, '2026-06-14 00:08:28.140585', '2026-06-14 00:08:28.140585'),
('674', '21', '32', '1', NULL, 'seed', NULL, '2026-06-14 00:08:28.140585', '2026-06-14 00:08:28.140585'),
('675', '21', '33', '2', NULL, 'seed', NULL, '2026-06-14 00:08:28.140585', '2026-06-14 00:08:28.140585'),
('676', '21', '34', '1', NULL, 'seed', NULL, '2026-06-14 00:08:28.140585', '2026-06-14 00:08:28.140585'),
('677', '21', '35', '1', NULL, 'seed', NULL, '2026-06-14 00:08:28.140585', '2026-06-14 00:08:28.140585'),
('678', '21', '36', '2', NULL, 'seed', NULL, '2026-06-14 00:08:28.140585', '2026-06-14 00:08:28.140585'),
('679', '21', '37', '1', NULL, 'seed', NULL, '2026-06-14 00:08:28.140585', '2026-06-14 00:08:28.140585'),
('680', '22', '1', '1', NULL, 'seed', NULL, '2026-06-14 00:08:28.140585', '2026-06-14 00:08:28.140585'),
('681', '22', '2', '1', NULL, 'seed', NULL, '2026-06-14 00:08:28.140585', '2026-06-14 00:08:28.140585'),
('682', '22', '3', '1', NULL, 'seed', NULL, '2026-06-14 00:08:28.140585', '2026-06-14 00:08:28.140585'),
('683', '22', '4', '1', NULL, 'seed', NULL, '2026-06-14 00:08:28.140585', '2026-06-14 00:08:28.140585'),
('684', '22', '5', '1', NULL, 'seed', NULL, '2026-06-14 00:08:28.140585', '2026-06-14 00:08:28.140585'),
('685', '22', '6', '1', NULL, 'seed', NULL, '2026-06-14 00:08:28.140585', '2026-06-14 00:08:28.140585'),
('686', '22', '7', '1', NULL, 'seed', NULL, '2026-06-14 00:08:28.140585', '2026-06-14 00:08:28.140585'),
('687', '22', '8', '1', NULL, 'seed', NULL, '2026-06-14 00:08:28.140585', '2026-06-14 00:08:28.140585'),
('688', '22', '9', '1', NULL, 'seed', NULL, '2026-06-14 00:08:28.140585', '2026-06-14 00:08:28.140585'),
('689', '22', '10', '1', NULL, 'seed', NULL, '2026-06-14 00:08:28.140585', '2026-06-14 00:08:28.140585'),
('690', '22', '11', '1', NULL, 'seed', NULL, '2026-06-14 00:08:28.140585', '2026-06-14 00:08:28.140585'),
('691', '22', '12', '1', NULL, 'seed', NULL, '2026-06-14 00:08:28.140585', '2026-06-14 00:08:28.140585'),
('692', '22', '13', '1', NULL, 'seed', NULL, '2026-06-14 00:08:28.140585', '2026-06-14 00:08:28.140585'),
('693', '22', '14', '1', NULL, 'seed', NULL, '2026-06-14 00:08:28.140585', '2026-06-14 00:08:28.140585'),
('694', '22', '15', '2', NULL, 'seed', NULL, '2026-06-14 00:08:28.140585', '2026-06-14 00:08:28.140585'),
('695', '22', '16', '1', NULL, 'seed', NULL, '2026-06-14 00:08:28.140585', '2026-06-14 00:08:28.140585'),
('696', '22', '17', '1', NULL, 'seed', NULL, '2026-06-14 00:08:28.140585', '2026-06-14 00:08:28.140585'),
('697', '22', '18', '2', NULL, 'seed', NULL, '2026-06-14 00:08:28.140585', '2026-06-14 00:08:28.140585'),
('698', '22', '19', '1', NULL, 'seed', NULL, '2026-06-14 00:08:28.140585', '2026-06-14 00:08:28.140585'),
('699', '22', '20', '2', NULL, 'seed', NULL, '2026-06-14 00:08:28.140585', '2026-06-14 00:08:28.140585'),
('700', '22', '21', '1', NULL, 'seed', NULL, '2026-06-14 00:08:28.140585', '2026-06-14 00:08:28.140585'),
('701', '22', '22', '2', NULL, 'seed', NULL, '2026-06-14 00:08:28.140585', '2026-06-14 00:08:28.140585'),
('702', '22', '23', '2', NULL, 'seed', NULL, '2026-06-14 00:08:28.140585', '2026-06-14 00:08:28.140585'),
('703', '22', '24', '3', NULL, 'seed', NULL, '2026-06-14 00:08:28.140585', '2026-06-14 00:08:28.140585'),
('704', '22', '25', '3', NULL, 'seed', NULL, '2026-06-14 00:08:28.140585', '2026-06-14 00:08:28.140585'),
('705', '22', '26', '3', NULL, 'seed', NULL, '2026-06-14 00:08:28.140585', '2026-06-14 00:08:28.140585'),
('706', '22', '27', '2', NULL, 'seed', NULL, '2026-06-14 00:08:28.140585', '2026-06-14 00:08:28.140585'),
('707', '22', '28', '3', NULL, 'seed', NULL, '2026-06-14 00:08:28.140585', '2026-06-14 00:08:28.140585'),
('708', '22', '29', '3', NULL, 'seed', NULL, '2026-06-14 00:08:28.140585', '2026-06-14 00:08:28.140585'),
('709', '22', '30', '2', NULL, 'seed', NULL, '2026-06-14 00:08:28.140585', '2026-06-14 00:08:28.140585'),
('710', '22', '31', '2', NULL, 'seed', NULL, '2026-06-14 00:08:28.140585', '2026-06-14 00:08:28.140585'),
('711', '22', '32', '1', NULL, 'seed', NULL, '2026-06-14 00:08:28.140585', '2026-06-14 00:08:28.140585'),
('712', '22', '33', '1', NULL, 'seed', NULL, '2026-06-14 00:08:28.140585', '2026-06-14 00:08:28.140585'),
('713', '22', '34', '1', NULL, 'seed', NULL, '2026-06-14 00:08:28.140585', '2026-06-14 00:08:28.140585'),
('714', '22', '35', '1', NULL, 'seed', NULL, '2026-06-14 00:08:28.140585', '2026-06-14 00:08:28.140585'),
('715', '22', '36', '2', NULL, 'seed', NULL, '2026-06-14 00:08:28.140585', '2026-06-14 00:08:28.140585'),
('716', '22', '37', '1', NULL, 'seed', NULL, '2026-06-14 00:08:28.140585', '2026-06-14 00:08:28.140585'),
('717', '23', '1', '1', NULL, 'seed', NULL, '2026-06-14 00:08:28.140585', '2026-06-14 00:08:28.140585'),
('718', '23', '2', '2', NULL, 'seed', NULL, '2026-06-14 00:08:28.140585', '2026-06-14 00:08:28.140585'),
('719', '23', '3', '1', NULL, 'seed', NULL, '2026-06-14 00:08:28.140585', '2026-06-14 00:08:28.140585'),
('720', '23', '4', '1', NULL, 'seed', NULL, '2026-06-14 00:08:28.140585', '2026-06-14 00:08:28.140585'),
('721', '23', '5', '2', NULL, 'seed', NULL, '2026-06-14 00:08:28.140585', '2026-06-14 00:08:28.140585'),
('722', '23', '6', '1', NULL, 'seed', NULL, '2026-06-14 00:08:28.140585', '2026-06-14 00:08:28.140585'),
('723', '23', '7', '1', NULL, 'seed', NULL, '2026-06-14 00:08:28.140585', '2026-06-14 00:08:28.140585'),
('724', '23', '8', '1', NULL, 'seed', NULL, '2026-06-14 00:08:28.140585', '2026-06-14 00:08:28.140585'),
('725', '23', '9', '1', NULL, 'seed', NULL, '2026-06-14 00:08:28.140585', '2026-06-14 00:08:28.140585'),
('726', '23', '10', '1', NULL, 'seed', NULL, '2026-06-14 00:08:28.140585', '2026-06-14 00:08:28.140585'),
('727', '23', '11', '1', NULL, 'seed', NULL, '2026-06-14 00:08:28.140585', '2026-06-14 00:08:28.140585'),
('728', '23', '12', '1', NULL, 'seed', NULL, '2026-06-14 00:08:28.140585', '2026-06-14 00:08:28.140585'),
('729', '23', '13', '1', NULL, 'seed', NULL, '2026-06-14 00:08:28.140585', '2026-06-14 00:08:28.140585'),
('730', '23', '14', '1', NULL, 'seed', NULL, '2026-06-14 00:08:28.140585', '2026-06-14 00:08:28.140585'),
('731', '23', '15', '1', NULL, 'seed', NULL, '2026-06-14 00:08:28.140585', '2026-06-14 00:08:28.140585'),
('732', '23', '16', '1', NULL, 'seed', NULL, '2026-06-14 00:08:28.140585', '2026-06-14 00:08:28.140585'),
('733', '23', '17', '1', NULL, 'seed', NULL, '2026-06-14 00:08:28.140585', '2026-06-14 00:08:28.140585'),
('734', '23', '18', '1', NULL, 'seed', NULL, '2026-06-14 00:08:28.140585', '2026-06-14 00:08:28.140585'),
('735', '23', '19', '1', NULL, 'seed', NULL, '2026-06-14 00:08:28.140585', '2026-06-14 00:08:28.140585'),
('736', '23', '20', '2', NULL, 'seed', NULL, '2026-06-14 00:08:28.140585', '2026-06-14 00:08:28.140585'),
('737', '23', '21', '1', NULL, 'seed', NULL, '2026-06-14 00:08:28.140585', '2026-06-14 00:08:28.140585'),
('738', '23', '22', '1', NULL, 'seed', NULL, '2026-06-14 00:08:28.140585', '2026-06-14 00:08:28.140585'),
('739', '23', '23', '1', NULL, 'seed', NULL, '2026-06-14 00:08:28.140585', '2026-06-14 00:08:28.140585'),
('740', '23', '24', '2', NULL, 'seed', NULL, '2026-06-14 00:08:28.140585', '2026-06-14 00:08:28.140585'),
('741', '23', '25', '2', NULL, 'seed', NULL, '2026-06-14 00:08:28.140585', '2026-06-14 00:08:28.140585'),
('742', '23', '26', '2', NULL, 'seed', NULL, '2026-06-14 00:08:28.140585', '2026-06-14 00:08:28.140585'),
('743', '23', '27', '1', NULL, 'seed', NULL, '2026-06-14 00:08:28.140585', '2026-06-14 00:08:28.140585'),
('744', '23', '28', '2', NULL, 'seed', NULL, '2026-06-14 00:08:28.140585', '2026-06-14 00:08:28.140585'),
('745', '23', '29', '2', NULL, 'seed', NULL, '2026-06-14 00:08:28.140585', '2026-06-14 00:08:28.140585'),
('746', '23', '30', '1', NULL, 'seed', NULL, '2026-06-14 00:08:28.140585', '2026-06-14 00:08:28.140585'),
('747', '23', '31', '2', NULL, 'seed', NULL, '2026-06-14 00:08:28.140585', '2026-06-14 00:08:28.140585'),
('748', '23', '32', '1', NULL, 'seed', NULL, '2026-06-14 00:08:28.140585', '2026-06-14 00:08:28.140585'),
('749', '23', '33', '1', NULL, 'seed', NULL, '2026-06-14 00:08:28.140585', '2026-06-14 00:08:28.140585'),
('750', '23', '34', '1', NULL, 'seed', NULL, '2026-06-14 00:08:28.140585', '2026-06-14 00:08:28.140585'),
('751', '23', '35', '1', NULL, 'seed', NULL, '2026-06-14 00:08:28.140585', '2026-06-14 00:08:28.140585'),
('752', '23', '36', '1', NULL, 'seed', NULL, '2026-06-14 00:08:28.140585', '2026-06-14 00:08:28.140585'),
('753', '23', '37', '2', NULL, 'seed', NULL, '2026-06-14 00:08:28.140585', '2026-06-14 00:08:28.140585'),
('754', '24', '1', '1', NULL, 'seed', NULL, '2026-06-14 00:08:28.140585', '2026-06-14 00:08:28.140585'),
('755', '24', '2', '1', NULL, 'seed', NULL, '2026-06-14 00:08:28.140585', '2026-06-14 00:08:28.140585'),
('756', '24', '3', '1', NULL, 'seed', NULL, '2026-06-14 00:08:28.140585', '2026-06-14 00:08:28.140585'),
('757', '24', '4', '1', NULL, 'seed', NULL, '2026-06-14 00:08:28.140585', '2026-06-14 00:08:28.140585'),
('758', '24', '5', '1', NULL, 'seed', NULL, '2026-06-14 00:08:28.140585', '2026-06-14 00:08:28.140585'),
('759', '24', '6', '1', NULL, 'seed', NULL, '2026-06-14 00:08:28.140585', '2026-06-14 00:08:28.140585'),
('760', '24', '7', '1', NULL, 'seed', NULL, '2026-06-14 00:08:28.140585', '2026-06-14 00:08:28.140585'),
('761', '24', '8', '1', NULL, 'seed', NULL, '2026-06-14 00:08:28.140585', '2026-06-14 00:08:28.140585'),
('762', '24', '9', '1', NULL, 'seed', NULL, '2026-06-14 00:08:28.140585', '2026-06-14 00:08:28.140585'),
('763', '24', '10', '1', NULL, 'seed', NULL, '2026-06-14 00:08:28.140585', '2026-06-14 00:08:28.140585'),
('764', '24', '11', '1', NULL, 'seed', NULL, '2026-06-14 00:08:28.140585', '2026-06-14 00:08:28.140585'),
('765', '24', '12', '1', NULL, 'seed', NULL, '2026-06-14 00:08:28.140585', '2026-06-14 00:08:28.140585'),
('766', '24', '13', '1', NULL, 'seed', NULL, '2026-06-14 00:08:28.140585', '2026-06-14 00:08:28.140585'),
('767', '24', '14', '1', NULL, 'seed', NULL, '2026-06-14 00:08:28.140585', '2026-06-14 00:08:28.140585'),
('768', '24', '15', '2', NULL, 'seed', NULL, '2026-06-14 00:08:28.140585', '2026-06-14 00:08:28.140585'),
('769', '24', '16', '2', NULL, 'seed', NULL, '2026-06-14 00:08:28.140585', '2026-06-14 00:08:28.140585'),
('770', '24', '17', '1', NULL, 'seed', NULL, '2026-06-14 00:08:28.140585', '2026-06-14 00:08:28.140585'),
('771', '24', '18', '2', NULL, 'seed', NULL, '2026-06-14 00:08:28.140585', '2026-06-14 00:08:28.140585'),
('772', '24', '19', '1', NULL, 'seed', NULL, '2026-06-14 00:08:28.140585', '2026-06-14 00:08:28.140585'),
('773', '24', '20', '1', NULL, 'seed', NULL, '2026-06-14 00:08:28.140585', '2026-06-14 00:08:28.140585'),
('774', '24', '21', '1', NULL, 'seed', NULL, '2026-06-14 00:08:28.140585', '2026-06-14 00:08:28.140585'),
('775', '24', '22', '1', NULL, 'seed', NULL, '2026-06-14 00:08:28.140585', '2026-06-14 00:08:28.140585'),
('776', '24', '23', '1', NULL, 'seed', NULL, '2026-06-14 00:08:28.140585', '2026-06-14 00:08:28.140585'),
('777', '24', '24', '1', NULL, 'seed', NULL, '2026-06-14 00:08:28.140585', '2026-06-14 00:08:28.140585'),
('778', '24', '25', '1', NULL, 'seed', NULL, '2026-06-14 00:08:28.140585', '2026-06-14 00:08:28.140585'),
('779', '24', '26', '1', NULL, 'seed', NULL, '2026-06-14 00:08:28.140585', '2026-06-14 00:08:28.140585'),
('780', '24', '27', '1', NULL, 'seed', NULL, '2026-06-14 00:08:28.140585', '2026-06-14 00:08:28.140585'),
('781', '24', '28', '1', NULL, 'seed', NULL, '2026-06-14 00:08:28.140585', '2026-06-14 00:08:28.140585'),
('782', '24', '29', '1', NULL, 'seed', NULL, '2026-06-14 00:08:28.140585', '2026-06-14 00:08:28.140585'),
('783', '24', '30', '1', NULL, 'seed', NULL, '2026-06-14 00:08:28.140585', '2026-06-14 00:08:28.140585'),
('784', '24', '31', '1', NULL, 'seed', NULL, '2026-06-14 00:08:28.140585', '2026-06-14 00:08:28.140585'),
('785', '24', '32', '1', NULL, 'seed', NULL, '2026-06-14 00:08:28.140585', '2026-06-14 00:08:28.140585'),
('786', '24', '33', '2', NULL, 'seed', NULL, '2026-06-14 00:08:28.140585', '2026-06-14 00:08:28.140585'),
('787', '24', '34', '1', NULL, 'seed', NULL, '2026-06-14 00:08:28.140585', '2026-06-14 00:08:28.140585'),
('788', '24', '35', '1', NULL, 'seed', NULL, '2026-06-14 00:08:28.140585', '2026-06-14 00:08:28.140585'),
('789', '24', '36', '1', NULL, 'seed', NULL, '2026-06-14 00:08:28.140585', '2026-06-14 00:08:28.140585'),
('790', '24', '37', '1', NULL, 'seed', NULL, '2026-06-14 00:08:28.140585', '2026-06-14 00:08:28.140585'),
('791', '25', '3', '1', NULL, 'seed', NULL, '2026-06-14 00:08:28.140585', '2026-06-14 00:08:28.140585'),
('792', '25', '4', '1', NULL, 'seed', NULL, '2026-06-14 00:08:28.140585', '2026-06-14 00:08:28.140585'),
('793', '25', '5', '2', NULL, 'seed', NULL, '2026-06-14 00:08:28.140585', '2026-06-14 00:08:28.140585'),
('794', '25', '6', '1', NULL, 'seed', NULL, '2026-06-14 00:08:28.140585', '2026-06-14 00:08:28.140585'),
('795', '25', '7', '1', NULL, 'seed', NULL, '2026-06-14 00:08:28.140585', '2026-06-14 00:08:28.140585'),
('796', '25', '8', '1', NULL, 'seed', NULL, '2026-06-14 00:08:28.140585', '2026-06-14 00:08:28.140585'),
('797', '25', '9', '1', NULL, 'seed', NULL, '2026-06-14 00:08:28.140585', '2026-06-14 00:08:28.140585'),
('798', '25', '10', '1', NULL, 'seed', NULL, '2026-06-14 00:08:28.140585', '2026-06-14 00:08:28.140585'),
('799', '25', '11', '1', NULL, 'seed', NULL, '2026-06-14 00:08:28.140585', '2026-06-14 00:08:28.140585'),
('800', '25', '12', '1', NULL, 'seed', NULL, '2026-06-14 00:08:28.140585', '2026-06-14 00:08:28.140585'),
('801', '25', '13', '1', NULL, 'seed', NULL, '2026-06-14 00:08:28.140585', '2026-06-14 00:08:28.140585'),
('802', '25', '14', '1', NULL, 'seed', NULL, '2026-06-14 00:08:28.140585', '2026-06-14 00:08:28.140585'),
('803', '25', '15', '1', NULL, 'seed', NULL, '2026-06-14 00:08:28.140585', '2026-06-14 00:08:28.140585'),
('804', '25', '16', '1', NULL, 'seed', NULL, '2026-06-14 00:08:28.140585', '2026-06-14 00:08:28.140585'),
('805', '25', '17', '1', NULL, 'seed', NULL, '2026-06-14 00:08:28.140585', '2026-06-14 00:08:28.140585'),
('806', '25', '18', '1', NULL, 'seed', NULL, '2026-06-14 00:08:28.140585', '2026-06-14 00:08:28.140585'),
('807', '25', '19', '1', NULL, 'seed', NULL, '2026-06-14 00:08:28.140585', '2026-06-14 00:08:28.140585'),
('808', '25', '20', '1', NULL, 'seed', NULL, '2026-06-14 00:08:28.140585', '2026-06-14 00:08:28.140585'),
('809', '25', '21', '1', NULL, 'seed', NULL, '2026-06-14 00:08:28.140585', '2026-06-14 00:08:28.140585'),
('810', '25', '22', '1', NULL, 'seed', NULL, '2026-06-14 00:08:28.140585', '2026-06-14 00:08:28.140585'),
('811', '25', '23', '1', NULL, 'seed', NULL, '2026-06-14 00:08:28.140585', '2026-06-14 00:08:28.140585'),
('812', '25', '24', '2', NULL, 'seed', NULL, '2026-06-14 00:08:28.140585', '2026-06-14 00:08:28.140585'),
('813', '25', '25', '2', NULL, 'seed', NULL, '2026-06-14 00:08:28.140585', '2026-06-14 00:08:28.140585'),
('814', '25', '26', '2', NULL, 'seed', NULL, '2026-06-14 00:08:28.140585', '2026-06-14 00:08:28.140585'),
('815', '25', '27', '1', NULL, 'seed', NULL, '2026-06-14 00:08:28.140585', '2026-06-14 00:08:28.140585'),
('816', '25', '28', '1', NULL, 'seed', NULL, '2026-06-14 00:08:28.140585', '2026-06-14 00:08:28.140585'),
('817', '25', '29', '1', NULL, 'seed', NULL, '2026-06-14 00:08:28.140585', '2026-06-14 00:08:28.140585'),
('818', '25', '30', '2', NULL, 'seed', NULL, '2026-06-14 00:08:28.140585', '2026-06-14 00:08:28.140585'),
('819', '25', '31', '1', NULL, 'seed', NULL, '2026-06-14 00:08:28.140585', '2026-06-14 00:08:28.140585'),
('820', '25', '32', '2', NULL, 'seed', NULL, '2026-06-14 00:08:28.140585', '2026-06-14 00:08:28.140585'),
('821', '25', '33', '2', NULL, 'seed', NULL, '2026-06-14 00:08:28.140585', '2026-06-14 00:08:28.140585'),
('822', '25', '34', '1', NULL, 'seed', NULL, '2026-06-14 00:08:28.140585', '2026-06-14 00:08:28.140585'),
('823', '25', '35', '2', NULL, 'seed', NULL, '2026-06-14 00:08:28.140585', '2026-06-14 00:08:28.140585'),
('824', '25', '36', '1', NULL, 'seed', NULL, '2026-06-14 00:08:28.140585', '2026-06-14 00:08:28.140585'),
('825', '25', '37', '1', NULL, 'seed', NULL, '2026-06-14 00:08:28.140585', '2026-06-14 00:08:28.140585'),
('826', '26', '1', '2', NULL, 'seed', NULL, '2026-06-14 00:08:28.140585', '2026-06-14 00:08:28.140585'),
('827', '26', '2', '1', NULL, 'seed', NULL, '2026-06-14 00:08:28.140585', '2026-06-14 00:08:28.140585'),
('828', '26', '3', '2', NULL, 'seed', NULL, '2026-06-14 00:08:28.140585', '2026-06-14 00:08:28.140585'),
('829', '26', '4', '1', NULL, 'seed', NULL, '2026-06-14 00:08:28.140585', '2026-06-14 00:08:28.140585'),
('830', '26', '5', '2', NULL, 'seed', NULL, '2026-06-14 00:08:28.140585', '2026-06-14 00:08:28.140585'),
('831', '26', '6', '2', NULL, 'seed', NULL, '2026-06-14 00:08:28.140585', '2026-06-14 00:08:28.140585'),
('832', '26', '7', '1', NULL, 'seed', NULL, '2026-06-14 00:08:28.140585', '2026-06-14 00:08:28.140585'),
('833', '26', '8', '2', NULL, 'seed', NULL, '2026-06-14 00:08:28.140585', '2026-06-14 00:08:28.140585'),
('834', '26', '9', '1', NULL, 'seed', NULL, '2026-06-14 00:08:28.140585', '2026-06-14 00:08:28.140585'),
('835', '26', '10', '1', NULL, 'seed', NULL, '2026-06-14 00:08:28.140585', '2026-06-14 00:08:28.140585'),
('836', '26', '11', '1', NULL, 'seed', NULL, '2026-06-14 00:08:28.140585', '2026-06-14 00:08:28.140585'),
('837', '26', '12', '2', NULL, 'seed', NULL, '2026-06-14 00:08:28.140585', '2026-06-14 00:08:28.140585'),
('838', '26', '13', '1', NULL, 'seed', NULL, '2026-06-14 00:08:28.140585', '2026-06-14 00:08:28.140585'),
('839', '26', '14', '1', NULL, 'seed', NULL, '2026-06-14 00:08:28.140585', '2026-06-14 00:08:28.140585'),
('840', '26', '15', '1', NULL, 'seed', NULL, '2026-06-14 00:08:28.140585', '2026-06-14 00:08:28.140585'),
('841', '26', '16', '1', NULL, 'seed', NULL, '2026-06-14 00:08:28.140585', '2026-06-14 00:08:28.140585'),
('842', '26', '17', '1', NULL, 'seed', NULL, '2026-06-14 00:08:28.140585', '2026-06-14 00:08:28.140585'),
('843', '26', '18', '2', NULL, 'seed', NULL, '2026-06-14 00:08:28.140585', '2026-06-14 00:08:28.140585'),
('844', '26', '19', '2', NULL, 'seed', NULL, '2026-06-14 00:08:28.140585', '2026-06-14 00:08:28.140585'),
('845', '26', '20', '2', NULL, 'seed', NULL, '2026-06-14 00:08:28.140585', '2026-06-14 00:08:28.140585'),
('846', '26', '21', '2', NULL, 'seed', NULL, '2026-06-14 00:08:28.140585', '2026-06-14 00:08:28.140585'),
('847', '26', '22', '2', NULL, 'seed', NULL, '2026-06-14 00:08:28.140585', '2026-06-14 00:08:28.140585'),
('848', '26', '23', '2', NULL, 'seed', NULL, '2026-06-14 00:08:28.140585', '2026-06-14 00:08:28.140585'),
('849', '26', '24', '1', NULL, 'seed', NULL, '2026-06-14 00:08:28.140585', '2026-06-14 00:08:28.140585'),
('850', '26', '25', '1', NULL, 'seed', NULL, '2026-06-14 00:08:28.140585', '2026-06-14 00:08:28.140585'),
('851', '26', '26', '1', NULL, 'seed', NULL, '2026-06-14 00:08:28.140585', '2026-06-14 00:08:28.140585'),
('852', '26', '27', '2', NULL, 'seed', NULL, '2026-06-14 00:08:28.140585', '2026-06-14 00:08:28.140585'),
('853', '26', '28', '1', NULL, 'seed', NULL, '2026-06-14 00:08:28.140585', '2026-06-14 00:08:28.140585'),
('854', '26', '29', '2', NULL, 'seed', NULL, '2026-06-14 00:08:28.140585', '2026-06-14 00:08:28.140585'),
('855', '26', '30', '1', NULL, 'seed', NULL, '2026-06-14 00:08:28.140585', '2026-06-14 00:08:28.140585'),
('856', '26', '31', '1', NULL, 'seed', NULL, '2026-06-14 00:08:28.140585', '2026-06-14 00:08:28.140585'),
('857', '26', '32', '2', NULL, 'seed', NULL, '2026-06-14 00:08:28.140585', '2026-06-14 00:08:28.140585'),
('858', '26', '33', '2', NULL, 'seed', NULL, '2026-06-14 00:08:28.140585', '2026-06-14 00:08:28.140585'),
('859', '26', '34', '1', NULL, 'seed', NULL, '2026-06-14 00:08:28.140585', '2026-06-14 00:08:28.140585'),
('860', '26', '35', '1', NULL, 'seed', NULL, '2026-06-14 00:08:28.140585', '2026-06-14 00:08:28.140585'),
('861', '26', '36', '2', NULL, 'seed', NULL, '2026-06-14 00:08:28.140585', '2026-06-14 00:08:28.140585'),
('862', '26', '37', '2', NULL, 'seed', NULL, '2026-06-14 00:08:28.140585', '2026-06-14 00:08:28.140585'),
('863', '27', '12', '1', NULL, 'seed', NULL, '2026-06-14 00:08:28.140585', '2026-06-14 00:08:28.140585'),
('864', '27', '13', '1', NULL, 'seed', NULL, '2026-06-14 00:08:28.140585', '2026-06-14 00:08:28.140585'),
('865', '27', '14', '1', NULL, 'seed', NULL, '2026-06-14 00:08:28.140585', '2026-06-14 00:08:28.140585'),
('866', '27', '15', '2', NULL, 'seed', NULL, '2026-06-14 00:08:28.140585', '2026-06-14 00:08:28.140585'),
('867', '27', '16', '3', NULL, 'seed', NULL, '2026-06-14 00:08:28.140585', '2026-06-14 00:08:28.140585'),
('868', '27', '17', '2', NULL, 'seed', NULL, '2026-06-14 00:08:28.140585', '2026-06-14 00:08:28.140585'),
('869', '27', '18', '2', NULL, 'seed', NULL, '2026-06-14 00:08:28.140585', '2026-06-14 00:08:28.140585'),
('870', '27', '19', '3', NULL, 'seed', NULL, '2026-06-14 00:08:28.140585', '2026-06-14 00:08:28.140585'),
('871', '27', '20', '2', NULL, 'seed', NULL, '2026-06-14 00:08:28.140585', '2026-06-14 00:08:28.140585'),
('872', '27', '21', '3', NULL, 'seed', NULL, '2026-06-14 00:08:28.140585', '2026-06-14 00:08:28.140585'),
('873', '27', '22', '2', NULL, 'seed', NULL, '2026-06-14 00:08:28.140585', '2026-06-14 00:08:28.140585'),
('874', '27', '23', '2', NULL, 'seed', NULL, '2026-06-14 00:08:28.140585', '2026-06-14 00:08:28.140585'),
('875', '27', '24', '2', NULL, 'seed', NULL, '2026-06-14 00:08:28.140585', '2026-06-14 00:08:28.140585'),
('876', '27', '25', '2', NULL, 'seed', NULL, '2026-06-14 00:08:28.140585', '2026-06-14 00:08:28.140585'),
('877', '27', '26', '2', NULL, 'seed', NULL, '2026-06-14 00:08:28.140585', '2026-06-14 00:08:28.140585'),
('878', '27', '27', '2', NULL, 'seed', NULL, '2026-06-14 00:08:28.140585', '2026-06-14 00:08:28.140585'),
('879', '27', '28', '2', NULL, 'seed', NULL, '2026-06-14 00:08:28.140585', '2026-06-14 00:08:28.140585'),
('880', '27', '29', '2', NULL, 'seed', NULL, '2026-06-14 00:08:28.140585', '2026-06-14 00:08:28.140585'),
('881', '27', '30', '2', NULL, 'seed', NULL, '2026-06-14 00:08:28.140585', '2026-06-14 00:08:28.140585'),
('882', '27', '31', '2', NULL, 'seed', NULL, '2026-06-14 00:08:28.140585', '2026-06-14 00:08:28.140585'),
('883', '27', '32', '2', NULL, 'seed', NULL, '2026-06-14 00:08:28.140585', '2026-06-14 00:08:28.140585'),
('884', '27', '33', '2', NULL, 'seed', NULL, '2026-06-14 00:08:28.140585', '2026-06-14 00:08:28.140585'),
('885', '27', '34', '2', NULL, 'seed', NULL, '2026-06-14 00:08:28.140585', '2026-06-14 00:08:28.140585'),
('886', '27', '35', '2', NULL, 'seed', NULL, '2026-06-14 00:08:28.140585', '2026-06-14 00:08:28.140585'),
('887', '27', '36', '1', NULL, 'seed', NULL, '2026-06-14 00:08:28.140585', '2026-06-14 00:08:28.140585'),
('888', '27', '37', '1', NULL, 'seed', NULL, '2026-06-14 00:08:28.140585', '2026-06-14 00:08:28.140585'),
('889', '28', '1', '1', NULL, 'seed', NULL, '2026-06-14 00:08:28.140585', '2026-06-14 00:08:28.140585'),
('890', '28', '2', '1', NULL, 'seed', NULL, '2026-06-14 00:08:28.140585', '2026-06-14 00:08:28.140585'),
('891', '28', '3', '3', NULL, 'seed', NULL, '2026-06-14 00:08:28.140585', '2026-06-14 00:08:28.140585'),
('892', '28', '4', '1', NULL, 'seed', NULL, '2026-06-14 00:08:28.140585', '2026-06-14 00:08:28.140585'),
('893', '28', '5', '2', NULL, 'seed', NULL, '2026-06-14 00:08:28.140585', '2026-06-14 00:08:28.140585'),
('894', '28', '6', '1', NULL, 'seed', NULL, '2026-06-14 00:08:28.140585', '2026-06-14 00:08:28.140585'),
('895', '28', '7', '2', NULL, 'seed', NULL, '2026-06-14 00:08:28.140585', '2026-06-14 00:08:28.140585'),
('896', '28', '8', '1', NULL, 'seed', NULL, '2026-06-14 00:08:28.140585', '2026-06-14 00:08:28.140585'),
('897', '28', '9', '2', NULL, 'seed', NULL, '2026-06-14 00:08:28.140585', '2026-06-14 00:08:28.140585'),
('898', '28', '10', '1', NULL, 'seed', NULL, '2026-06-14 00:08:28.140585', '2026-06-14 00:08:28.140585'),
('899', '28', '11', '2', NULL, 'seed', NULL, '2026-06-14 00:08:28.140585', '2026-06-14 00:08:28.140585'),
('900', '28', '12', '1', NULL, 'seed', NULL, '2026-06-14 00:08:28.140585', '2026-06-14 00:08:28.140585'),
('901', '28', '13', '3', NULL, 'seed', NULL, '2026-06-14 00:08:28.140585', '2026-06-14 00:08:28.140585'),
('902', '28', '14', '2', NULL, 'seed', NULL, '2026-06-14 00:08:28.140585', '2026-06-14 00:08:28.140585'),
('903', '28', '15', '2', NULL, 'seed', NULL, '2026-06-14 00:08:28.140585', '2026-06-14 00:08:28.140585'),
('904', '28', '16', '2', NULL, 'seed', NULL, '2026-06-14 00:08:28.140585', '2026-06-14 00:08:28.140585'),
('905', '28', '17', '2', NULL, 'seed', NULL, '2026-06-14 00:08:28.140585', '2026-06-14 00:08:28.140585'),
('906', '28', '18', '1', NULL, 'seed', NULL, '2026-06-14 00:08:28.140585', '2026-06-14 00:08:28.140585'),
('907', '28', '19', '2', NULL, 'seed', NULL, '2026-06-14 00:08:28.140585', '2026-06-14 00:08:28.140585'),
('908', '28', '20', '2', NULL, 'seed', NULL, '2026-06-14 00:08:28.140585', '2026-06-14 00:08:28.140585'),
('909', '28', '21', '3', NULL, 'seed', NULL, '2026-06-14 00:08:28.140585', '2026-06-14 00:08:28.140585'),
('910', '28', '22', '2', NULL, 'seed', NULL, '2026-06-14 00:08:28.140585', '2026-06-14 00:08:28.140585'),
('911', '28', '23', '2', NULL, 'seed', NULL, '2026-06-14 00:08:28.140585', '2026-06-14 00:08:28.140585'),
('912', '28', '24', '2', NULL, 'seed', NULL, '2026-06-14 00:08:28.140585', '2026-06-14 00:08:28.140585'),
('913', '28', '25', '2', NULL, 'seed', NULL, '2026-06-14 00:08:28.140585', '2026-06-14 00:08:28.140585'),
('914', '28', '26', '2', NULL, 'seed', NULL, '2026-06-14 00:08:28.140585', '2026-06-14 00:08:28.140585'),
('915', '28', '27', '1', NULL, 'seed', NULL, '2026-06-14 00:08:28.140585', '2026-06-14 00:08:28.140585'),
('916', '28', '28', '1', NULL, 'seed', NULL, '2026-06-14 00:08:28.140585', '2026-06-14 00:08:28.140585'),
('917', '28', '29', '2', NULL, 'seed', NULL, '2026-06-14 00:08:28.140585', '2026-06-14 00:08:28.140585'),
('918', '28', '30', '1', NULL, 'seed', NULL, '2026-06-14 00:08:28.140585', '2026-06-14 00:08:28.140585'),
('919', '28', '31', '1', NULL, 'seed', NULL, '2026-06-14 00:08:28.140585', '2026-06-14 00:08:28.140585'),
('920', '28', '32', '2', NULL, 'seed', NULL, '2026-06-14 00:08:28.140585', '2026-06-14 00:08:28.140585'),
('921', '28', '33', '1', NULL, 'seed', NULL, '2026-06-14 00:08:28.140585', '2026-06-14 00:08:28.140585'),
('922', '28', '34', '1', NULL, 'seed', NULL, '2026-06-14 00:08:28.140585', '2026-06-14 00:08:28.140585'),
('923', '28', '35', '2', NULL, 'seed', NULL, '2026-06-14 00:08:28.140585', '2026-06-14 00:08:28.140585'),
('924', '28', '36', '1', NULL, 'seed', NULL, '2026-06-14 00:08:28.140585', '2026-06-14 00:08:28.140585'),
('925', '28', '37', '2', NULL, 'seed', NULL, '2026-06-14 00:08:28.140585', '2026-06-14 00:08:28.140585'),
('926', '29', '12', '1', NULL, 'seed', NULL, '2026-06-14 00:08:28.140585', '2026-06-14 00:08:28.140585'),
('927', '29', '13', '1', NULL, 'seed', NULL, '2026-06-14 00:08:28.140585', '2026-06-14 00:08:28.140585'),
('928', '29', '14', '1', NULL, 'seed', NULL, '2026-06-14 00:08:28.140585', '2026-06-14 00:08:28.140585'),
('929', '29', '15', '1', NULL, 'seed', NULL, '2026-06-14 00:08:28.140585', '2026-06-14 00:08:28.140585'),
('930', '29', '16', '1', NULL, 'seed', NULL, '2026-06-14 00:08:28.140585', '2026-06-14 00:08:28.140585'),
('931', '29', '17', '2', NULL, 'seed', NULL, '2026-06-14 00:08:28.140585', '2026-06-14 00:08:28.140585'),
('932', '29', '18', '1', NULL, 'seed', NULL, '2026-06-14 00:08:28.140585', '2026-06-14 00:08:28.140585'),
('933', '29', '19', '1', NULL, 'seed', NULL, '2026-06-14 00:08:28.140585', '2026-06-14 00:08:28.140585'),
('934', '29', '20', '1', NULL, 'seed', NULL, '2026-06-14 00:08:28.140585', '2026-06-14 00:08:28.140585'),
('935', '29', '21', '1', NULL, 'seed', NULL, '2026-06-14 00:08:28.140585', '2026-06-14 00:08:28.140585'),
('936', '29', '22', '1', NULL, 'seed', NULL, '2026-06-14 00:08:28.140585', '2026-06-14 00:08:28.140585'),
('937', '29', '23', '1', NULL, 'seed', NULL, '2026-06-14 00:08:28.140585', '2026-06-14 00:08:28.140585'),
('938', '29', '24', '1', NULL, 'seed', NULL, '2026-06-14 00:08:28.140585', '2026-06-14 00:08:28.140585'),
('939', '29', '25', '1', NULL, 'seed', NULL, '2026-06-14 00:08:28.140585', '2026-06-14 00:08:28.140585'),
('940', '29', '26', '1', NULL, 'seed', NULL, '2026-06-14 00:08:28.140585', '2026-06-14 00:08:28.140585'),
('941', '29', '27', '1', NULL, 'seed', NULL, '2026-06-14 00:08:28.140585', '2026-06-14 00:08:28.140585'),
('942', '29', '28', '1', NULL, 'seed', NULL, '2026-06-14 00:08:28.140585', '2026-06-14 00:08:28.140585'),
('943', '29', '29', '1', NULL, 'seed', NULL, '2026-06-14 00:08:28.140585', '2026-06-14 00:08:28.140585'),
('944', '29', '30', '1', NULL, 'seed', NULL, '2026-06-14 00:08:28.140585', '2026-06-14 00:08:28.140585'),
('945', '29', '31', '1', NULL, 'seed', NULL, '2026-06-14 00:08:28.140585', '2026-06-14 00:08:28.140585'),
('946', '29', '32', '1', NULL, 'seed', NULL, '2026-06-14 00:08:28.140585', '2026-06-14 00:08:28.140585'),
('947', '29', '33', '1', NULL, 'seed', NULL, '2026-06-14 00:08:28.140585', '2026-06-14 00:08:28.140585'),
('948', '29', '34', '1', NULL, 'seed', NULL, '2026-06-14 00:08:28.140585', '2026-06-14 00:08:28.140585'),
('949', '29', '35', '1', NULL, 'seed', NULL, '2026-06-14 00:08:28.140585', '2026-06-14 00:08:28.140585'),
('950', '29', '36', '1', NULL, 'seed', NULL, '2026-06-14 00:08:28.140585', '2026-06-14 00:08:28.140585'),
('951', '29', '37', '1', NULL, 'seed', NULL, '2026-06-14 00:08:28.140585', '2026-06-14 00:08:28.140585'),
('952', '30', '1', '1', NULL, 'seed', NULL, '2026-06-14 00:08:28.140585', '2026-06-14 00:08:28.140585'),
('953', '30', '2', '1', NULL, 'seed', NULL, '2026-06-14 00:08:28.140585', '2026-06-14 00:08:28.140585'),
('954', '30', '3', '1', NULL, 'seed', NULL, '2026-06-14 00:08:28.140585', '2026-06-14 00:08:28.140585'),
('955', '30', '4', '1', NULL, 'seed', NULL, '2026-06-14 00:08:28.140585', '2026-06-14 00:08:28.140585'),
('956', '30', '5', '1', NULL, 'seed', NULL, '2026-06-14 00:08:28.140585', '2026-06-14 00:08:28.140585'),
('957', '30', '6', '1', NULL, 'seed', NULL, '2026-06-14 00:08:28.140585', '2026-06-14 00:08:28.140585'),
('958', '30', '7', '1', NULL, 'seed', NULL, '2026-06-14 00:08:28.140585', '2026-06-14 00:08:28.140585'),
('959', '30', '8', '1', NULL, 'seed', NULL, '2026-06-14 00:08:28.140585', '2026-06-14 00:08:28.140585'),
('960', '30', '10', '1', NULL, 'seed', NULL, '2026-06-14 00:08:28.140585', '2026-06-14 00:08:28.140585'),
('961', '30', '11', '1', NULL, 'seed', NULL, '2026-06-14 00:08:28.140585', '2026-06-14 00:08:28.140585'),
('962', '30', '12', '1', NULL, 'seed', NULL, '2026-06-14 00:08:28.140585', '2026-06-14 00:08:28.140585'),
('963', '30', '13', '1', NULL, 'seed', NULL, '2026-06-14 00:08:28.140585', '2026-06-14 00:08:28.140585'),
('964', '30', '14', '1', NULL, 'seed', NULL, '2026-06-14 00:08:28.140585', '2026-06-14 00:08:28.140585'),
('965', '30', '15', '1', NULL, 'seed', NULL, '2026-06-14 00:08:28.140585', '2026-06-14 00:08:28.140585'),
('966', '30', '16', '1', NULL, 'seed', NULL, '2026-06-14 00:08:28.140585', '2026-06-14 00:08:28.140585'),
('967', '30', '17', '1', NULL, 'seed', NULL, '2026-06-14 00:08:28.140585', '2026-06-14 00:08:28.140585'),
('968', '30', '18', '1', NULL, 'seed', NULL, '2026-06-14 00:08:28.140585', '2026-06-14 00:08:28.140585'),
('969', '30', '19', '1', NULL, 'seed', NULL, '2026-06-14 00:08:28.140585', '2026-06-14 00:08:28.140585'),
('970', '30', '20', '1', NULL, 'seed', NULL, '2026-06-14 00:08:28.140585', '2026-06-14 00:08:28.140585'),
('971', '30', '21', '1', NULL, 'seed', NULL, '2026-06-14 00:08:28.140585', '2026-06-14 00:08:28.140585'),
('972', '30', '22', '1', NULL, 'seed', NULL, '2026-06-14 00:08:28.140585', '2026-06-14 00:08:28.140585'),
('973', '30', '23', '1', NULL, 'seed', NULL, '2026-06-14 00:08:28.140585', '2026-06-14 00:08:28.140585'),
('974', '30', '24', '1', NULL, 'seed', NULL, '2026-06-14 00:08:28.140585', '2026-06-14 00:08:28.140585'),
('975', '30', '25', '1', NULL, 'seed', NULL, '2026-06-14 00:08:28.140585', '2026-06-14 00:08:28.140585'),
('976', '30', '26', '1', NULL, 'seed', NULL, '2026-06-14 00:08:28.140585', '2026-06-14 00:08:28.140585'),
('977', '30', '27', '1', NULL, 'seed', NULL, '2026-06-14 00:08:28.140585', '2026-06-14 00:08:28.140585'),
('978', '30', '28', '1', NULL, 'seed', NULL, '2026-06-14 00:08:28.140585', '2026-06-14 00:08:28.140585'),
('979', '30', '29', '1', NULL, 'seed', NULL, '2026-06-14 00:08:28.140585', '2026-06-14 00:08:28.140585'),
('980', '30', '30', '1', NULL, 'seed', NULL, '2026-06-14 00:08:28.140585', '2026-06-14 00:08:28.140585'),
('981', '30', '31', '1', NULL, 'seed', NULL, '2026-06-14 00:08:28.140585', '2026-06-14 00:08:28.140585'),
('982', '30', '32', '1', NULL, 'seed', NULL, '2026-06-14 00:08:28.140585', '2026-06-14 00:08:28.140585'),
('983', '30', '33', '1', NULL, 'seed', NULL, '2026-06-14 00:08:28.140585', '2026-06-14 00:08:28.140585'),
('984', '30', '34', '1', NULL, 'seed', NULL, '2026-06-14 00:08:28.140585', '2026-06-14 00:08:28.140585'),
('985', '30', '35', '1', NULL, 'seed', NULL, '2026-06-14 00:08:28.140585', '2026-06-14 00:08:28.140585'),
('986', '30', '36', '1', NULL, 'seed', NULL, '2026-06-14 00:08:28.140585', '2026-06-14 00:08:28.140585'),
('987', '30', '37', '1', NULL, 'seed', NULL, '2026-06-14 00:08:28.140585', '2026-06-14 00:08:28.140585'),
('988', '31', '12', '1', NULL, 'seed', NULL, '2026-06-14 00:08:28.140585', '2026-06-14 00:08:28.140585'),
('989', '31', '13', '1', NULL, 'seed', NULL, '2026-06-14 00:08:28.140585', '2026-06-14 00:08:28.140585'),
('990', '31', '14', '1', NULL, 'seed', NULL, '2026-06-14 00:08:28.140585', '2026-06-14 00:08:28.140585'),
('991', '31', '15', '1', NULL, 'seed', NULL, '2026-06-14 00:08:28.140585', '2026-06-14 00:08:28.140585'),
('992', '31', '16', '1', NULL, 'seed', NULL, '2026-06-14 00:08:28.140585', '2026-06-14 00:08:28.140585'),
('993', '31', '17', '1', NULL, 'seed', NULL, '2026-06-14 00:08:28.140585', '2026-06-14 00:08:28.140585'),
('994', '31', '18', '1', NULL, 'seed', NULL, '2026-06-14 00:08:28.140585', '2026-06-14 00:08:28.140585'),
('995', '31', '19', '1', NULL, 'seed', NULL, '2026-06-14 00:08:28.140585', '2026-06-14 00:08:28.140585'),
('996', '31', '20', '1', NULL, 'seed', NULL, '2026-06-14 00:08:28.140585', '2026-06-14 00:08:28.140585'),
('997', '31', '21', '1', NULL, 'seed', NULL, '2026-06-14 00:08:28.140585', '2026-06-14 00:08:28.140585'),
('998', '31', '22', '1', NULL, 'seed', NULL, '2026-06-14 00:08:28.140585', '2026-06-14 00:08:28.140585'),
('999', '31', '23', '1', NULL, 'seed', NULL, '2026-06-14 00:08:28.140585', '2026-06-14 00:08:28.140585'),
('1000', '31', '24', '1', NULL, 'seed', NULL, '2026-06-14 00:08:28.140585', '2026-06-14 00:08:28.140585');

INSERT INTO "public"."attendance_records" ("id", "player_team_id", "training_session_id", "attendance_status_id", "notes", "created_by", "updated_by", "created_at", "updated_at") VALUES
('1001', '31', '25', '1', NULL, 'seed', NULL, '2026-06-14 00:08:28.140585', '2026-06-14 00:08:28.140585'),
('1002', '31', '26', '1', NULL, 'seed', NULL, '2026-06-14 00:08:28.140585', '2026-06-14 00:08:28.140585'),
('1003', '31', '27', '1', NULL, 'seed', NULL, '2026-06-14 00:08:28.140585', '2026-06-14 00:08:28.140585'),
('1004', '31', '28', '1', NULL, 'seed', NULL, '2026-06-14 00:08:28.140585', '2026-06-14 00:08:28.140585'),
('1005', '31', '29', '1', NULL, 'seed', NULL, '2026-06-14 00:08:28.140585', '2026-06-14 00:08:28.140585'),
('1006', '31', '30', '1', NULL, 'seed', NULL, '2026-06-14 00:08:28.140585', '2026-06-14 00:08:28.140585'),
('1007', '31', '31', '1', NULL, 'seed', NULL, '2026-06-14 00:08:28.140585', '2026-06-14 00:08:28.140585'),
('1008', '31', '32', '1', NULL, 'seed', NULL, '2026-06-14 00:08:28.140585', '2026-06-14 00:08:28.140585'),
('1009', '31', '33', '1', NULL, 'seed', NULL, '2026-06-14 00:08:28.140585', '2026-06-14 00:08:28.140585'),
('1010', '31', '34', '1', NULL, 'seed', NULL, '2026-06-14 00:08:28.140585', '2026-06-14 00:08:28.140585'),
('1011', '31', '35', '1', NULL, 'seed', NULL, '2026-06-14 00:08:28.140585', '2026-06-14 00:08:28.140585'),
('1012', '31', '36', '1', NULL, 'seed', NULL, '2026-06-14 00:08:28.140585', '2026-06-14 00:08:28.140585'),
('1013', '31', '37', '1', NULL, 'seed', NULL, '2026-06-14 00:08:28.140585', '2026-06-14 00:08:28.140585'),
('1014', '32', '6', '1', NULL, 'seed', NULL, '2026-06-14 00:08:28.140585', '2026-06-14 00:08:28.140585'),
('1015', '32', '7', '1', NULL, 'seed', NULL, '2026-06-14 00:08:28.140585', '2026-06-14 00:08:28.140585'),
('1016', '32', '8', '1', NULL, 'seed', NULL, '2026-06-14 00:08:28.140585', '2026-06-14 00:08:28.140585'),
('1017', '32', '9', '1', NULL, 'seed', NULL, '2026-06-14 00:08:28.140585', '2026-06-14 00:08:28.140585'),
('1018', '32', '10', '1', NULL, 'seed', NULL, '2026-06-14 00:08:28.140585', '2026-06-14 00:08:28.140585'),
('1019', '32', '11', '1', NULL, 'seed', NULL, '2026-06-14 00:08:28.140585', '2026-06-14 00:08:28.140585'),
('1020', '32', '12', '1', NULL, 'seed', NULL, '2026-06-14 00:08:28.140585', '2026-06-14 00:08:28.140585'),
('1021', '32', '13', '1', NULL, 'seed', NULL, '2026-06-14 00:08:28.140585', '2026-06-14 00:08:28.140585'),
('1022', '32', '14', '1', NULL, 'seed', NULL, '2026-06-14 00:08:28.140585', '2026-06-14 00:08:28.140585'),
('1023', '32', '15', '1', NULL, 'seed', NULL, '2026-06-14 00:08:28.140585', '2026-06-14 00:08:28.140585'),
('1024', '32', '16', '1', NULL, 'seed', NULL, '2026-06-14 00:08:28.140585', '2026-06-14 00:08:28.140585'),
('1025', '32', '17', '1', NULL, 'seed', NULL, '2026-06-14 00:08:28.140585', '2026-06-14 00:08:28.140585'),
('1026', '32', '18', '2', NULL, 'seed', NULL, '2026-06-14 00:08:28.140585', '2026-06-14 00:08:28.140585'),
('1027', '32', '19', '1', NULL, 'seed', NULL, '2026-06-14 00:08:28.140585', '2026-06-14 00:08:28.140585'),
('1028', '32', '20', '1', NULL, 'seed', NULL, '2026-06-14 00:08:28.140585', '2026-06-14 00:08:28.140585'),
('1029', '32', '21', '2', NULL, 'seed', NULL, '2026-06-14 00:08:28.140585', '2026-06-14 00:08:28.140585'),
('1030', '32', '22', '1', NULL, 'seed', NULL, '2026-06-14 00:08:28.140585', '2026-06-14 00:08:28.140585'),
('1031', '32', '23', '1', NULL, 'seed', NULL, '2026-06-14 00:08:28.140585', '2026-06-14 00:08:28.140585'),
('1032', '32', '24', '1', NULL, 'seed', NULL, '2026-06-14 00:08:28.140585', '2026-06-14 00:08:28.140585'),
('1033', '32', '25', '1', NULL, 'seed', NULL, '2026-06-14 00:08:28.140585', '2026-06-14 00:08:28.140585'),
('1034', '32', '26', '1', NULL, 'seed', NULL, '2026-06-14 00:08:28.140585', '2026-06-14 00:08:28.140585'),
('1035', '32', '27', '1', NULL, 'seed', NULL, '2026-06-14 00:08:28.140585', '2026-06-14 00:08:28.140585'),
('1036', '32', '28', '1', NULL, 'seed', NULL, '2026-06-14 00:08:28.140585', '2026-06-14 00:08:28.140585'),
('1037', '32', '29', '1', NULL, 'seed', NULL, '2026-06-14 00:08:28.140585', '2026-06-14 00:08:28.140585'),
('1038', '32', '30', '1', NULL, 'seed', NULL, '2026-06-14 00:08:28.140585', '2026-06-14 00:08:28.140585'),
('1039', '32', '31', '1', NULL, 'seed', NULL, '2026-06-14 00:08:28.140585', '2026-06-14 00:08:28.140585'),
('1040', '32', '32', '1', NULL, 'seed', NULL, '2026-06-14 00:08:28.140585', '2026-06-14 00:08:28.140585'),
('1041', '32', '33', '2', NULL, 'seed', NULL, '2026-06-14 00:08:28.140585', '2026-06-14 00:08:28.140585'),
('1042', '32', '34', '1', NULL, 'seed', NULL, '2026-06-14 00:08:28.140585', '2026-06-14 00:08:28.140585'),
('1043', '32', '35', '1', NULL, 'seed', NULL, '2026-06-14 00:08:28.140585', '2026-06-14 00:08:28.140585'),
('1044', '32', '36', '1', NULL, 'seed', NULL, '2026-06-14 00:08:28.140585', '2026-06-14 00:08:28.140585'),
('1045', '32', '37', '1', NULL, 'seed', NULL, '2026-06-14 00:08:28.140585', '2026-06-14 00:08:28.140585'),
('1046', '33', '1', '1', NULL, 'seed', NULL, '2026-06-14 00:08:28.140585', '2026-06-14 00:08:28.140585'),
('1047', '33', '2', '1', NULL, 'seed', NULL, '2026-06-14 00:08:28.140585', '2026-06-14 00:08:28.140585'),
('1048', '33', '3', '1', NULL, 'seed', NULL, '2026-06-14 00:08:28.140585', '2026-06-14 00:08:28.140585'),
('1049', '33', '4', '1', NULL, 'seed', NULL, '2026-06-14 00:08:28.140585', '2026-06-14 00:08:28.140585'),
('1050', '33', '5', '2', NULL, 'seed', NULL, '2026-06-14 00:08:28.140585', '2026-06-14 00:08:28.140585'),
('1051', '33', '6', '1', NULL, 'seed', NULL, '2026-06-14 00:08:28.140585', '2026-06-14 00:08:28.140585'),
('1052', '33', '7', '1', NULL, 'seed', NULL, '2026-06-14 00:08:28.140585', '2026-06-14 00:08:28.140585'),
('1053', '33', '8', '1', NULL, 'seed', NULL, '2026-06-14 00:08:28.140585', '2026-06-14 00:08:28.140585'),
('1054', '33', '9', '1', NULL, 'seed', NULL, '2026-06-14 00:08:28.140585', '2026-06-14 00:08:28.140585'),
('1055', '33', '10', '1', NULL, 'seed', NULL, '2026-06-14 00:08:28.140585', '2026-06-14 00:08:28.140585'),
('1056', '33', '11', '2', NULL, 'seed', NULL, '2026-06-14 00:08:28.140585', '2026-06-14 00:08:28.140585'),
('1057', '33', '12', '2', NULL, 'seed', NULL, '2026-06-14 00:08:28.140585', '2026-06-14 00:08:28.140585'),
('1058', '33', '13', '2', NULL, 'seed', NULL, '2026-06-14 00:08:28.140585', '2026-06-14 00:08:28.140585'),
('1059', '33', '14', '1', NULL, 'seed', NULL, '2026-06-14 00:08:28.140585', '2026-06-14 00:08:28.140585'),
('1060', '33', '15', '2', NULL, 'seed', NULL, '2026-06-14 00:08:28.140585', '2026-06-14 00:08:28.140585'),
('1061', '33', '16', '2', NULL, 'seed', NULL, '2026-06-14 00:08:28.140585', '2026-06-14 00:08:28.140585'),
('1062', '33', '17', '1', NULL, 'seed', NULL, '2026-06-14 00:08:28.140585', '2026-06-14 00:08:28.140585'),
('1063', '33', '18', '2', NULL, 'seed', NULL, '2026-06-14 00:08:28.140585', '2026-06-14 00:08:28.140585'),
('1064', '33', '19', '3', NULL, 'seed', NULL, '2026-06-14 00:08:28.140585', '2026-06-14 00:08:28.140585'),
('1065', '33', '20', '3', NULL, 'seed', NULL, '2026-06-14 00:08:28.140585', '2026-06-14 00:08:28.140585'),
('1066', '33', '21', '1', NULL, 'seed', NULL, '2026-06-14 00:08:28.140585', '2026-06-14 00:08:28.140585'),
('1067', '33', '22', '2', NULL, 'seed', NULL, '2026-06-14 00:08:28.140585', '2026-06-14 00:08:28.140585'),
('1068', '33', '23', '2', NULL, 'seed', NULL, '2026-06-14 00:08:28.140585', '2026-06-14 00:08:28.140585'),
('1069', '33', '24', '1', NULL, 'seed', NULL, '2026-06-14 00:08:28.140585', '2026-06-14 00:08:28.140585'),
('1070', '33', '25', '1', NULL, 'seed', NULL, '2026-06-14 00:08:28.140585', '2026-06-14 00:08:28.140585'),
('1071', '33', '26', '1', NULL, 'seed', NULL, '2026-06-14 00:08:28.140585', '2026-06-14 00:08:28.140585'),
('1072', '33', '27', '3', NULL, 'seed', NULL, '2026-06-14 00:08:28.140585', '2026-06-14 00:08:28.140585'),
('1073', '33', '28', '3', NULL, 'seed', NULL, '2026-06-14 00:08:28.140585', '2026-06-14 00:08:28.140585'),
('1074', '33', '29', '3', NULL, 'seed', NULL, '2026-06-14 00:08:28.140585', '2026-06-14 00:08:28.140585'),
('1075', '33', '30', '1', NULL, 'seed', NULL, '2026-06-14 00:08:28.140585', '2026-06-14 00:08:28.140585'),
('1076', '33', '31', '1', NULL, 'seed', NULL, '2026-06-14 00:08:28.140585', '2026-06-14 00:08:28.140585'),
('1077', '33', '32', '1', NULL, 'seed', NULL, '2026-06-14 00:08:28.140585', '2026-06-14 00:08:28.140585'),
('1078', '33', '33', '1', NULL, 'seed', NULL, '2026-06-14 00:08:28.140585', '2026-06-14 00:08:28.140585'),
('1079', '33', '34', '1', NULL, 'seed', NULL, '2026-06-14 00:08:28.140585', '2026-06-14 00:08:28.140585'),
('1080', '33', '35', '1', NULL, 'seed', NULL, '2026-06-14 00:08:28.140585', '2026-06-14 00:08:28.140585'),
('1081', '33', '36', '1', NULL, 'seed', NULL, '2026-06-14 00:08:28.140585', '2026-06-14 00:08:28.140585'),
('1082', '33', '37', '1', NULL, 'seed', NULL, '2026-06-14 00:08:28.140585', '2026-06-14 00:08:28.140585'),
('1083', '34', '1', '1', NULL, 'seed', NULL, '2026-06-14 00:08:28.140585', '2026-06-14 00:08:28.140585'),
('1084', '34', '2', '1', NULL, 'seed', NULL, '2026-06-14 00:08:28.140585', '2026-06-14 00:08:28.140585'),
('1085', '34', '3', '1', NULL, 'seed', NULL, '2026-06-14 00:08:28.140585', '2026-06-14 00:08:28.140585'),
('1086', '34', '4', '1', NULL, 'seed', NULL, '2026-06-14 00:08:28.140585', '2026-06-14 00:08:28.140585'),
('1087', '34', '5', '1', NULL, 'seed', NULL, '2026-06-14 00:08:28.140585', '2026-06-14 00:08:28.140585'),
('1088', '34', '6', '2', NULL, 'seed', NULL, '2026-06-14 00:08:28.140585', '2026-06-14 00:08:28.140585'),
('1089', '34', '7', '1', NULL, 'seed', NULL, '2026-06-14 00:08:28.140585', '2026-06-14 00:08:28.140585'),
('1090', '34', '8', '1', NULL, 'seed', NULL, '2026-06-14 00:08:28.140585', '2026-06-14 00:08:28.140585'),
('1091', '34', '9', '1', NULL, 'seed', NULL, '2026-06-14 00:08:28.140585', '2026-06-14 00:08:28.140585'),
('1092', '34', '10', '2', NULL, 'seed', NULL, '2026-06-14 00:08:28.140585', '2026-06-14 00:08:28.140585'),
('1093', '34', '11', '1', NULL, 'seed', NULL, '2026-06-14 00:08:28.140585', '2026-06-14 00:08:28.140585'),
('1094', '34', '12', '1', NULL, 'seed', NULL, '2026-06-14 00:08:28.140585', '2026-06-14 00:08:28.140585'),
('1095', '34', '13', '1', NULL, 'seed', NULL, '2026-06-14 00:08:28.140585', '2026-06-14 00:08:28.140585'),
('1096', '34', '14', '1', NULL, 'seed', NULL, '2026-06-14 00:08:28.140585', '2026-06-14 00:08:28.140585'),
('1097', '34', '15', '2', NULL, 'seed', NULL, '2026-06-14 00:08:28.140585', '2026-06-14 00:08:28.140585'),
('1098', '34', '16', '1', NULL, 'seed', NULL, '2026-06-14 00:08:28.140585', '2026-06-14 00:08:28.140585'),
('1099', '34', '17', '1', NULL, 'seed', NULL, '2026-06-14 00:08:28.140585', '2026-06-14 00:08:28.140585'),
('1100', '34', '18', '2', NULL, 'seed', NULL, '2026-06-14 00:08:28.140585', '2026-06-14 00:08:28.140585'),
('1101', '34', '19', '1', NULL, 'seed', NULL, '2026-06-14 00:08:28.140585', '2026-06-14 00:08:28.140585'),
('1102', '34', '20', '2', NULL, 'seed', NULL, '2026-06-14 00:08:28.140585', '2026-06-14 00:08:28.140585'),
('1103', '34', '21', '2', NULL, 'seed', NULL, '2026-06-14 00:08:28.140585', '2026-06-14 00:08:28.140585'),
('1104', '34', '22', '1', NULL, 'seed', NULL, '2026-06-14 00:08:28.140585', '2026-06-14 00:08:28.140585'),
('1105', '34', '23', '1', NULL, 'seed', NULL, '2026-06-14 00:08:28.140585', '2026-06-14 00:08:28.140585'),
('1106', '34', '24', '1', NULL, 'seed', NULL, '2026-06-14 00:08:28.140585', '2026-06-14 00:08:28.140585'),
('1107', '34', '25', '1', NULL, 'seed', NULL, '2026-06-14 00:08:28.140585', '2026-06-14 00:08:28.140585'),
('1108', '34', '26', '1', NULL, 'seed', NULL, '2026-06-14 00:08:28.140585', '2026-06-14 00:08:28.140585'),
('1109', '34', '27', '1', NULL, 'seed', NULL, '2026-06-14 00:08:28.140585', '2026-06-14 00:08:28.140585'),
('1110', '34', '28', '1', NULL, 'seed', NULL, '2026-06-14 00:08:28.140585', '2026-06-14 00:08:28.140585'),
('1111', '34', '29', '1', NULL, 'seed', NULL, '2026-06-14 00:08:28.140585', '2026-06-14 00:08:28.140585'),
('1112', '34', '30', '2', NULL, 'seed', NULL, '2026-06-14 00:08:28.140585', '2026-06-14 00:08:28.140585'),
('1113', '34', '31', '1', NULL, 'seed', NULL, '2026-06-14 00:08:28.140585', '2026-06-14 00:08:28.140585'),
('1114', '34', '32', '1', NULL, 'seed', NULL, '2026-06-14 00:08:28.140585', '2026-06-14 00:08:28.140585'),
('1115', '34', '33', '1', NULL, 'seed', NULL, '2026-06-14 00:08:28.140585', '2026-06-14 00:08:28.140585'),
('1116', '34', '34', '1', NULL, 'seed', NULL, '2026-06-14 00:08:28.140585', '2026-06-14 00:08:28.140585'),
('1117', '34', '35', '1', NULL, 'seed', NULL, '2026-06-14 00:08:28.140585', '2026-06-14 00:08:28.140585'),
('1118', '34', '36', '1', NULL, 'seed', NULL, '2026-06-14 00:08:28.140585', '2026-06-14 00:08:28.140585'),
('1119', '34', '37', '2', NULL, 'seed', NULL, '2026-06-14 00:08:28.140585', '2026-06-14 00:08:28.140585'),
('1120', '35', '1', '2', NULL, 'seed', NULL, '2026-06-14 00:08:28.140585', '2026-06-14 00:08:28.140585'),
('1121', '35', '2', '1', NULL, 'seed', NULL, '2026-06-14 00:08:28.140585', '2026-06-14 00:08:28.140585'),
('1122', '35', '3', '1', NULL, 'seed', NULL, '2026-06-14 00:08:28.140585', '2026-06-14 00:08:28.140585'),
('1123', '35', '4', '1', NULL, 'seed', NULL, '2026-06-14 00:08:28.140585', '2026-06-14 00:08:28.140585'),
('1124', '35', '5', '1', NULL, 'seed', NULL, '2026-06-14 00:08:28.140585', '2026-06-14 00:08:28.140585'),
('1125', '35', '6', '1', NULL, 'seed', NULL, '2026-06-14 00:08:28.140585', '2026-06-14 00:08:28.140585'),
('1126', '35', '7', '1', NULL, 'seed', NULL, '2026-06-14 00:08:28.140585', '2026-06-14 00:08:28.140585'),
('1127', '35', '8', '1', NULL, 'seed', NULL, '2026-06-14 00:08:28.140585', '2026-06-14 00:08:28.140585'),
('1128', '35', '9', '1', NULL, 'seed', NULL, '2026-06-14 00:08:28.140585', '2026-06-14 00:08:28.140585'),
('1129', '35', '10', '1', NULL, 'seed', NULL, '2026-06-14 00:08:28.140585', '2026-06-14 00:08:28.140585'),
('1130', '35', '11', '1', NULL, 'seed', NULL, '2026-06-14 00:08:28.140585', '2026-06-14 00:08:28.140585'),
('1131', '35', '12', '1', NULL, 'seed', NULL, '2026-06-14 00:08:28.140585', '2026-06-14 00:08:28.140585'),
('1132', '35', '13', '1', NULL, 'seed', NULL, '2026-06-14 00:08:28.140585', '2026-06-14 00:08:28.140585'),
('1133', '35', '14', '2', NULL, 'seed', NULL, '2026-06-14 00:08:28.140585', '2026-06-14 00:08:28.140585'),
('1134', '35', '15', '1', NULL, 'seed', NULL, '2026-06-14 00:08:28.140585', '2026-06-14 00:08:28.140585'),
('1135', '35', '16', '2', NULL, 'seed', NULL, '2026-06-14 00:08:28.140585', '2026-06-14 00:08:28.140585'),
('1136', '35', '17', '1', NULL, 'seed', NULL, '2026-06-14 00:08:28.140585', '2026-06-14 00:08:28.140585'),
('1137', '35', '18', '1', NULL, 'seed', NULL, '2026-06-14 00:08:28.140585', '2026-06-14 00:08:28.140585'),
('1138', '35', '19', '1', NULL, 'seed', NULL, '2026-06-14 00:08:28.140585', '2026-06-14 00:08:28.140585'),
('1139', '35', '20', '1', NULL, 'seed', NULL, '2026-06-14 00:08:28.140585', '2026-06-14 00:08:28.140585'),
('1140', '35', '21', '1', NULL, 'seed', NULL, '2026-06-14 00:08:28.140585', '2026-06-14 00:08:28.140585'),
('1141', '35', '22', '1', NULL, 'seed', NULL, '2026-06-14 00:08:28.140585', '2026-06-14 00:08:28.140585'),
('1142', '35', '23', '1', NULL, 'seed', NULL, '2026-06-14 00:08:28.140585', '2026-06-14 00:08:28.140585'),
('1143', '35', '24', '1', NULL, 'seed', NULL, '2026-06-14 00:08:28.140585', '2026-06-14 00:08:28.140585'),
('1144', '35', '25', '1', NULL, 'seed', NULL, '2026-06-14 00:08:28.140585', '2026-06-14 00:08:28.140585'),
('1145', '35', '26', '1', NULL, 'seed', NULL, '2026-06-14 00:08:28.140585', '2026-06-14 00:08:28.140585'),
('1146', '35', '27', '1', NULL, 'seed', NULL, '2026-06-14 00:08:28.140585', '2026-06-14 00:08:28.140585'),
('1147', '35', '28', '1', NULL, 'seed', NULL, '2026-06-14 00:08:28.140585', '2026-06-14 00:08:28.140585'),
('1148', '35', '29', '2', NULL, 'seed', NULL, '2026-06-14 00:08:28.140585', '2026-06-14 00:08:28.140585'),
('1149', '35', '30', '1', NULL, 'seed', NULL, '2026-06-14 00:08:28.140585', '2026-06-14 00:08:28.140585'),
('1150', '35', '31', '1', NULL, 'seed', NULL, '2026-06-14 00:08:28.140585', '2026-06-14 00:08:28.140585'),
('1151', '35', '32', '1', NULL, 'seed', NULL, '2026-06-14 00:08:28.140585', '2026-06-14 00:08:28.140585'),
('1152', '35', '33', '1', NULL, 'seed', NULL, '2026-06-14 00:08:28.140585', '2026-06-14 00:08:28.140585'),
('1153', '35', '34', '1', NULL, 'seed', NULL, '2026-06-14 00:08:28.140585', '2026-06-14 00:08:28.140585'),
('1154', '35', '35', '1', NULL, 'seed', NULL, '2026-06-14 00:08:28.140585', '2026-06-14 00:08:28.140585'),
('1155', '35', '36', '1', NULL, 'seed', NULL, '2026-06-14 00:08:28.140585', '2026-06-14 00:08:28.140585'),
('1156', '35', '37', '1', NULL, 'seed', NULL, '2026-06-14 00:08:28.140585', '2026-06-14 00:08:28.140585'),
('1157', '36', '14', '1', NULL, 'seed', NULL, '2026-06-14 00:08:28.140585', '2026-06-14 00:08:28.140585'),
('1158', '36', '15', '1', NULL, 'seed', NULL, '2026-06-14 00:08:28.140585', '2026-06-14 00:08:28.140585'),
('1159', '36', '16', '1', NULL, 'seed', NULL, '2026-06-14 00:08:28.140585', '2026-06-14 00:08:28.140585'),
('1160', '36', '17', '2', NULL, 'seed', NULL, '2026-06-14 00:08:28.140585', '2026-06-14 00:08:28.140585'),
('1161', '36', '18', '1', NULL, 'seed', NULL, '2026-06-14 00:08:28.140585', '2026-06-14 00:08:28.140585'),
('1162', '36', '19', '2', NULL, 'seed', NULL, '2026-06-14 00:08:28.140585', '2026-06-14 00:08:28.140585'),
('1163', '36', '20', '1', NULL, 'seed', NULL, '2026-06-14 00:08:28.140585', '2026-06-14 00:08:28.140585'),
('1164', '36', '21', '1', NULL, 'seed', NULL, '2026-06-14 00:08:28.140585', '2026-06-14 00:08:28.140585'),
('1165', '36', '22', '1', NULL, 'seed', NULL, '2026-06-14 00:08:28.140585', '2026-06-14 00:08:28.140585'),
('1166', '36', '23', '1', NULL, 'seed', NULL, '2026-06-14 00:08:28.140585', '2026-06-14 00:08:28.140585'),
('1167', '36', '24', '1', NULL, 'seed', NULL, '2026-06-14 00:08:28.140585', '2026-06-14 00:08:28.140585'),
('1168', '36', '25', '1', NULL, 'seed', NULL, '2026-06-14 00:08:28.140585', '2026-06-14 00:08:28.140585'),
('1169', '36', '26', '1', NULL, 'seed', NULL, '2026-06-14 00:08:28.140585', '2026-06-14 00:08:28.140585'),
('1170', '36', '27', '1', NULL, 'seed', NULL, '2026-06-14 00:08:28.140585', '2026-06-14 00:08:28.140585'),
('1171', '36', '28', '1', NULL, 'seed', NULL, '2026-06-14 00:08:28.140585', '2026-06-14 00:08:28.140585'),
('1172', '36', '29', '1', NULL, 'seed', NULL, '2026-06-14 00:08:28.140585', '2026-06-14 00:08:28.140585'),
('1173', '36', '30', '1', NULL, 'seed', NULL, '2026-06-14 00:08:28.140585', '2026-06-14 00:08:28.140585'),
('1174', '36', '31', '1', NULL, 'seed', NULL, '2026-06-14 00:08:28.140585', '2026-06-14 00:08:28.140585'),
('1175', '36', '32', '1', NULL, 'seed', NULL, '2026-06-14 00:08:28.140585', '2026-06-14 00:08:28.140585'),
('1176', '36', '33', '1', NULL, 'seed', NULL, '2026-06-14 00:08:28.140585', '2026-06-14 00:08:28.140585'),
('1177', '36', '34', '1', NULL, 'seed', NULL, '2026-06-14 00:08:28.140585', '2026-06-14 00:08:28.140585'),
('1178', '36', '35', '1', NULL, 'seed', NULL, '2026-06-14 00:08:28.140585', '2026-06-14 00:08:28.140585'),
('1179', '36', '36', '1', NULL, 'seed', NULL, '2026-06-14 00:08:28.140585', '2026-06-14 00:08:28.140585'),
('1180', '36', '37', '1', NULL, 'seed', NULL, '2026-06-14 00:08:28.140585', '2026-06-14 00:08:28.140585'),
('1181', '37', '1', '1', NULL, 'seed', NULL, '2026-06-14 00:08:28.140585', '2026-06-14 00:08:28.140585'),
('1182', '37', '2', '2', NULL, 'seed', NULL, '2026-06-14 00:08:28.140585', '2026-06-14 00:08:28.140585'),
('1183', '37', '3', '1', NULL, 'seed', NULL, '2026-06-14 00:08:28.140585', '2026-06-14 00:08:28.140585'),
('1184', '37', '4', '1', NULL, 'seed', NULL, '2026-06-14 00:08:28.140585', '2026-06-14 00:08:28.140585'),
('1185', '37', '5', '2', NULL, 'seed', NULL, '2026-06-14 00:08:28.140585', '2026-06-14 00:08:28.140585'),
('1186', '37', '6', '1', NULL, 'seed', NULL, '2026-06-14 00:08:28.140585', '2026-06-14 00:08:28.140585'),
('1187', '37', '7', '1', NULL, 'seed', NULL, '2026-06-14 00:08:28.140585', '2026-06-14 00:08:28.140585'),
('1188', '37', '8', '1', NULL, 'seed', NULL, '2026-06-14 00:08:28.140585', '2026-06-14 00:08:28.140585'),
('1189', '37', '9', '1', NULL, 'seed', NULL, '2026-06-14 00:08:28.140585', '2026-06-14 00:08:28.140585'),
('1190', '37', '10', '1', NULL, 'seed', NULL, '2026-06-14 00:08:28.140585', '2026-06-14 00:08:28.140585'),
('1191', '37', '11', '1', NULL, 'seed', NULL, '2026-06-14 00:08:28.140585', '2026-06-14 00:08:28.140585'),
('1192', '37', '12', '1', NULL, 'seed', NULL, '2026-06-14 00:08:28.140585', '2026-06-14 00:08:28.140585'),
('1193', '37', '13', '1', NULL, 'seed', NULL, '2026-06-14 00:08:28.140585', '2026-06-14 00:08:28.140585'),
('1194', '37', '14', '1', NULL, 'seed', NULL, '2026-06-14 00:08:28.140585', '2026-06-14 00:08:28.140585'),
('1195', '37', '15', '1', NULL, 'seed', NULL, '2026-06-14 00:08:28.140585', '2026-06-14 00:08:28.140585'),
('1196', '37', '16', '1', NULL, 'seed', NULL, '2026-06-14 00:08:28.140585', '2026-06-14 00:08:28.140585'),
('1197', '37', '17', '1', NULL, 'seed', NULL, '2026-06-14 00:08:28.140585', '2026-06-14 00:08:28.140585'),
('1198', '37', '18', '2', NULL, 'seed', NULL, '2026-06-14 00:08:28.140585', '2026-06-14 00:08:28.140585'),
('1199', '37', '19', '1', NULL, 'seed', NULL, '2026-06-14 00:08:28.140585', '2026-06-14 00:08:28.140585'),
('1200', '37', '20', '1', NULL, 'seed', NULL, '2026-06-14 00:08:28.140585', '2026-06-14 00:08:28.140585'),
('1201', '37', '21', '1', NULL, 'seed', NULL, '2026-06-14 00:08:28.140585', '2026-06-14 00:08:28.140585'),
('1202', '37', '22', '1', NULL, 'seed', NULL, '2026-06-14 00:08:28.140585', '2026-06-14 00:08:28.140585'),
('1203', '37', '23', '1', NULL, 'seed', NULL, '2026-06-14 00:08:28.140585', '2026-06-14 00:08:28.140585'),
('1204', '37', '24', '1', NULL, 'seed', NULL, '2026-06-14 00:08:28.140585', '2026-06-14 00:08:28.140585'),
('1205', '37', '25', '1', NULL, 'seed', NULL, '2026-06-14 00:08:28.140585', '2026-06-14 00:08:28.140585'),
('1206', '37', '26', '1', NULL, 'seed', NULL, '2026-06-14 00:08:28.140585', '2026-06-14 00:08:28.140585'),
('1207', '37', '27', '1', NULL, 'seed', NULL, '2026-06-14 00:08:28.140585', '2026-06-14 00:08:28.140585'),
('1208', '37', '28', '1', NULL, 'seed', NULL, '2026-06-14 00:08:28.140585', '2026-06-14 00:08:28.140585'),
('1209', '37', '29', '2', NULL, 'seed', NULL, '2026-06-14 00:08:28.140585', '2026-06-14 00:08:28.140585'),
('1210', '37', '30', '1', NULL, 'seed', NULL, '2026-06-14 00:08:28.140585', '2026-06-14 00:08:28.140585'),
('1211', '37', '31', '2', NULL, 'seed', NULL, '2026-06-14 00:08:28.140585', '2026-06-14 00:08:28.140585'),
('1212', '37', '32', '2', NULL, 'seed', NULL, '2026-06-14 00:08:28.140585', '2026-06-14 00:08:28.140585'),
('1213', '37', '33', '2', NULL, 'seed', NULL, '2026-06-14 00:08:28.140585', '2026-06-14 00:08:28.140585'),
('1214', '37', '34', '2', NULL, 'seed', NULL, '2026-06-14 00:08:28.140585', '2026-06-14 00:08:28.140585'),
('1215', '37', '35', '1', NULL, 'seed', NULL, '2026-06-14 00:08:28.140585', '2026-06-14 00:08:28.140585'),
('1216', '37', '36', '2', NULL, 'seed', NULL, '2026-06-14 00:08:28.140585', '2026-06-14 00:08:28.140585'),
('1217', '37', '37', '2', NULL, 'seed', NULL, '2026-06-14 00:08:28.140585', '2026-06-14 00:08:28.140585'),
('1218', '38', '1', '1', NULL, 'seed', NULL, '2026-06-14 00:08:28.140585', '2026-06-14 00:08:28.140585'),
('1219', '38', '2', '1', NULL, 'seed', NULL, '2026-06-14 00:08:28.140585', '2026-06-14 00:08:28.140585'),
('1220', '38', '3', '1', NULL, 'seed', NULL, '2026-06-14 00:08:28.140585', '2026-06-14 00:08:28.140585'),
('1221', '38', '4', '1', NULL, 'seed', NULL, '2026-06-14 00:08:28.140585', '2026-06-14 00:08:28.140585'),
('1222', '38', '5', '1', NULL, 'seed', NULL, '2026-06-14 00:08:28.140585', '2026-06-14 00:08:28.140585'),
('1223', '38', '6', '1', NULL, 'seed', NULL, '2026-06-14 00:08:28.140585', '2026-06-14 00:08:28.140585'),
('1224', '38', '7', '1', NULL, 'seed', NULL, '2026-06-14 00:08:28.140585', '2026-06-14 00:08:28.140585'),
('1225', '38', '8', '1', NULL, 'seed', NULL, '2026-06-14 00:08:28.140585', '2026-06-14 00:08:28.140585'),
('1226', '38', '9', '2', NULL, 'seed', NULL, '2026-06-14 00:08:28.140585', '2026-06-14 00:08:28.140585'),
('1227', '38', '10', '1', NULL, 'seed', NULL, '2026-06-14 00:08:28.140585', '2026-06-14 00:08:28.140585'),
('1228', '38', '11', '1', NULL, 'seed', NULL, '2026-06-14 00:08:28.140585', '2026-06-14 00:08:28.140585'),
('1229', '38', '12', '1', NULL, 'seed', NULL, '2026-06-14 00:08:28.140585', '2026-06-14 00:08:28.140585'),
('1230', '38', '13', '1', NULL, 'seed', NULL, '2026-06-14 00:08:28.140585', '2026-06-14 00:08:28.140585'),
('1231', '38', '14', '1', NULL, 'seed', NULL, '2026-06-14 00:08:28.140585', '2026-06-14 00:08:28.140585'),
('1232', '38', '15', '1', NULL, 'seed', NULL, '2026-06-14 00:08:28.140585', '2026-06-14 00:08:28.140585'),
('1233', '38', '16', '1', NULL, 'seed', NULL, '2026-06-14 00:08:28.140585', '2026-06-14 00:08:28.140585'),
('1234', '38', '17', '1', NULL, 'seed', NULL, '2026-06-14 00:08:28.140585', '2026-06-14 00:08:28.140585'),
('1235', '38', '18', '1', NULL, 'seed', NULL, '2026-06-14 00:08:28.140585', '2026-06-14 00:08:28.140585'),
('1236', '38', '19', '1', NULL, 'seed', NULL, '2026-06-14 00:08:28.140585', '2026-06-14 00:08:28.140585'),
('1237', '38', '20', '1', NULL, 'seed', NULL, '2026-06-14 00:08:28.140585', '2026-06-14 00:08:28.140585'),
('1238', '38', '21', '1', NULL, 'seed', NULL, '2026-06-14 00:08:28.140585', '2026-06-14 00:08:28.140585'),
('1239', '38', '22', '1', NULL, 'seed', NULL, '2026-06-14 00:08:28.140585', '2026-06-14 00:08:28.140585'),
('1240', '38', '23', '1', NULL, 'seed', NULL, '2026-06-14 00:08:28.140585', '2026-06-14 00:08:28.140585'),
('1241', '38', '24', '1', NULL, 'seed', NULL, '2026-06-14 00:08:28.140585', '2026-06-14 00:08:28.140585'),
('1242', '38', '25', '1', NULL, 'seed', NULL, '2026-06-14 00:08:28.140585', '2026-06-14 00:08:28.140585'),
('1243', '38', '26', '1', NULL, 'seed', NULL, '2026-06-14 00:08:28.140585', '2026-06-14 00:08:28.140585'),
('1244', '38', '27', '1', NULL, 'seed', NULL, '2026-06-14 00:08:28.140585', '2026-06-14 00:08:28.140585'),
('1245', '38', '28', '1', NULL, 'seed', NULL, '2026-06-14 00:08:28.140585', '2026-06-14 00:08:28.140585'),
('1246', '38', '29', '1', NULL, 'seed', NULL, '2026-06-14 00:08:28.140585', '2026-06-14 00:08:28.140585'),
('1247', '38', '30', '2', NULL, 'seed', NULL, '2026-06-14 00:08:28.140585', '2026-06-14 00:08:28.140585'),
('1248', '38', '31', '1', NULL, 'seed', NULL, '2026-06-14 00:08:28.140585', '2026-06-14 00:08:28.140585'),
('1249', '38', '32', '1', NULL, 'seed', NULL, '2026-06-14 00:08:28.140585', '2026-06-14 00:08:28.140585'),
('1250', '38', '33', '2', NULL, 'seed', NULL, '2026-06-14 00:08:28.140585', '2026-06-14 00:08:28.140585'),
('1251', '38', '34', '1', NULL, 'seed', NULL, '2026-06-14 00:08:28.140585', '2026-06-14 00:08:28.140585'),
('1252', '38', '35', '2', NULL, 'seed', NULL, '2026-06-14 00:08:28.140585', '2026-06-14 00:08:28.140585'),
('1253', '38', '36', '1', NULL, 'seed', NULL, '2026-06-14 00:08:28.140585', '2026-06-14 00:08:28.140585'),
('1254', '38', '37', '2', NULL, 'seed', NULL, '2026-06-14 00:08:28.140585', '2026-06-14 00:08:28.140585'),
('1255', '39', '1', '1', NULL, 'seed', NULL, '2026-06-14 00:08:28.140585', '2026-06-14 00:08:28.140585'),
('1256', '39', '2', '1', NULL, 'seed', NULL, '2026-06-14 00:08:28.140585', '2026-06-14 00:08:28.140585'),
('1257', '39', '3', '2', NULL, 'seed', NULL, '2026-06-14 00:08:28.140585', '2026-06-14 00:08:28.140585'),
('1258', '39', '4', '1', NULL, 'seed', NULL, '2026-06-14 00:08:28.140585', '2026-06-14 00:08:28.140585'),
('1259', '39', '5', '1', NULL, 'seed', NULL, '2026-06-14 00:08:28.140585', '2026-06-14 00:08:28.140585'),
('1260', '39', '6', '1', NULL, 'seed', NULL, '2026-06-14 00:08:28.140585', '2026-06-14 00:08:28.140585'),
('1261', '39', '7', '1', NULL, 'seed', NULL, '2026-06-14 00:08:28.140585', '2026-06-14 00:08:28.140585'),
('1262', '39', '8', '1', NULL, 'seed', NULL, '2026-06-14 00:08:28.140585', '2026-06-14 00:08:28.140585'),
('1263', '39', '9', '2', NULL, 'seed', NULL, '2026-06-14 00:08:28.140585', '2026-06-14 00:08:28.140585'),
('1264', '39', '10', '1', NULL, 'seed', NULL, '2026-06-14 00:08:28.140585', '2026-06-14 00:08:28.140585'),
('1265', '39', '11', '1', NULL, 'seed', NULL, '2026-06-14 00:08:28.140585', '2026-06-14 00:08:28.140585'),
('1266', '39', '12', '1', NULL, 'seed', NULL, '2026-06-14 00:08:28.140585', '2026-06-14 00:08:28.140585'),
('1267', '39', '13', '1', NULL, 'seed', NULL, '2026-06-14 00:08:28.140585', '2026-06-14 00:08:28.140585'),
('1268', '39', '14', '1', NULL, 'seed', NULL, '2026-06-14 00:08:28.140585', '2026-06-14 00:08:28.140585'),
('1269', '39', '15', '1', NULL, 'seed', NULL, '2026-06-14 00:08:28.140585', '2026-06-14 00:08:28.140585'),
('1270', '39', '16', '1', NULL, 'seed', NULL, '2026-06-14 00:08:28.140585', '2026-06-14 00:08:28.140585'),
('1271', '39', '17', '1', NULL, 'seed', NULL, '2026-06-14 00:08:28.140585', '2026-06-14 00:08:28.140585'),
('1272', '39', '18', '1', NULL, 'seed', NULL, '2026-06-14 00:08:28.140585', '2026-06-14 00:08:28.140585'),
('1273', '39', '19', '1', NULL, 'seed', NULL, '2026-06-14 00:08:28.140585', '2026-06-14 00:08:28.140585'),
('1274', '39', '20', '1', NULL, 'seed', NULL, '2026-06-14 00:08:28.140585', '2026-06-14 00:08:28.140585'),
('1275', '39', '21', '1', NULL, 'seed', NULL, '2026-06-14 00:08:28.140585', '2026-06-14 00:08:28.140585'),
('1276', '39', '22', '1', NULL, 'seed', NULL, '2026-06-14 00:08:28.140585', '2026-06-14 00:08:28.140585'),
('1277', '39', '23', '1', NULL, 'seed', NULL, '2026-06-14 00:08:28.140585', '2026-06-14 00:08:28.140585'),
('1278', '39', '24', '1', NULL, 'seed', NULL, '2026-06-14 00:08:28.140585', '2026-06-14 00:08:28.140585'),
('1279', '39', '25', '1', NULL, 'seed', NULL, '2026-06-14 00:08:28.140585', '2026-06-14 00:08:28.140585'),
('1280', '39', '26', '1', NULL, 'seed', NULL, '2026-06-14 00:08:28.140585', '2026-06-14 00:08:28.140585'),
('1281', '39', '27', '1', NULL, 'seed', NULL, '2026-06-14 00:08:28.140585', '2026-06-14 00:08:28.140585'),
('1282', '39', '28', '1', NULL, 'seed', NULL, '2026-06-14 00:08:28.140585', '2026-06-14 00:08:28.140585'),
('1283', '39', '29', '1', NULL, 'seed', NULL, '2026-06-14 00:08:28.140585', '2026-06-14 00:08:28.140585'),
('1284', '39', '30', '2', NULL, 'seed', NULL, '2026-06-14 00:08:28.140585', '2026-06-14 00:08:28.140585'),
('1285', '39', '31', '1', NULL, 'seed', NULL, '2026-06-14 00:08:28.140585', '2026-06-14 00:08:28.140585'),
('1286', '39', '32', '1', NULL, 'seed', NULL, '2026-06-14 00:08:28.140585', '2026-06-14 00:08:28.140585'),
('1287', '39', '33', '2', NULL, 'seed', NULL, '2026-06-14 00:08:28.140585', '2026-06-14 00:08:28.140585'),
('1288', '39', '34', '1', NULL, 'seed', NULL, '2026-06-14 00:08:28.140585', '2026-06-14 00:08:28.140585'),
('1289', '39', '35', '1', NULL, 'seed', NULL, '2026-06-14 00:08:28.140585', '2026-06-14 00:08:28.140585'),
('1290', '39', '36', '1', NULL, 'seed', NULL, '2026-06-14 00:08:28.140585', '2026-06-14 00:08:28.140585'),
('1291', '39', '37', '1', NULL, 'seed', NULL, '2026-06-14 00:08:28.140585', '2026-06-14 00:08:28.140585'),
('1292', '40', '1', '2', NULL, 'seed', NULL, '2026-06-14 00:08:28.140585', '2026-06-14 00:08:28.140585'),
('1293', '40', '2', '2', NULL, 'seed', NULL, '2026-06-14 00:08:28.140585', '2026-06-14 00:08:28.140585'),
('1294', '40', '3', '1', NULL, 'seed', NULL, '2026-06-14 00:08:28.140585', '2026-06-14 00:08:28.140585'),
('1295', '40', '4', '1', NULL, 'seed', NULL, '2026-06-14 00:08:28.140585', '2026-06-14 00:08:28.140585'),
('1296', '40', '5', '2', NULL, 'seed', NULL, '2026-06-14 00:08:28.140585', '2026-06-14 00:08:28.140585'),
('1297', '40', '6', '1', NULL, 'seed', NULL, '2026-06-14 00:08:28.140585', '2026-06-14 00:08:28.140585'),
('1298', '40', '7', '1', NULL, 'seed', NULL, '2026-06-14 00:08:28.140585', '2026-06-14 00:08:28.140585'),
('1299', '40', '8', '1', NULL, 'seed', NULL, '2026-06-14 00:08:28.140585', '2026-06-14 00:08:28.140585'),
('1300', '40', '9', '1', NULL, 'seed', NULL, '2026-06-14 00:08:28.140585', '2026-06-14 00:08:28.140585'),
('1301', '40', '10', '1', NULL, 'seed', NULL, '2026-06-14 00:08:28.140585', '2026-06-14 00:08:28.140585'),
('1302', '40', '11', '1', NULL, 'seed', NULL, '2026-06-14 00:08:28.140585', '2026-06-14 00:08:28.140585'),
('1303', '40', '12', '1', NULL, 'seed', NULL, '2026-06-14 00:08:28.140585', '2026-06-14 00:08:28.140585'),
('1304', '40', '13', '1', NULL, 'seed', NULL, '2026-06-14 00:08:28.140585', '2026-06-14 00:08:28.140585'),
('1305', '40', '14', '1', NULL, 'seed', NULL, '2026-06-14 00:08:28.140585', '2026-06-14 00:08:28.140585'),
('1306', '40', '15', '1', NULL, 'seed', NULL, '2026-06-14 00:08:28.140585', '2026-06-14 00:08:28.140585'),
('1307', '40', '16', '1', NULL, 'seed', NULL, '2026-06-14 00:08:28.140585', '2026-06-14 00:08:28.140585'),
('1308', '40', '17', '1', NULL, 'seed', NULL, '2026-06-14 00:08:28.140585', '2026-06-14 00:08:28.140585'),
('1309', '40', '18', '2', NULL, 'seed', NULL, '2026-06-14 00:08:28.140585', '2026-06-14 00:08:28.140585'),
('1310', '40', '19', '1', NULL, 'seed', NULL, '2026-06-14 00:08:28.140585', '2026-06-14 00:08:28.140585'),
('1311', '40', '20', '1', NULL, 'seed', NULL, '2026-06-14 00:08:28.140585', '2026-06-14 00:08:28.140585'),
('1312', '40', '21', '1', NULL, 'seed', NULL, '2026-06-14 00:08:28.140585', '2026-06-14 00:08:28.140585'),
('1313', '40', '22', '1', NULL, 'seed', NULL, '2026-06-14 00:08:28.140585', '2026-06-14 00:08:28.140585'),
('1314', '40', '23', '1', NULL, 'seed', NULL, '2026-06-14 00:08:28.140585', '2026-06-14 00:08:28.140585'),
('1315', '40', '24', '1', NULL, 'seed', NULL, '2026-06-14 00:08:28.140585', '2026-06-14 00:08:28.140585'),
('1316', '40', '25', '1', NULL, 'seed', NULL, '2026-06-14 00:08:28.140585', '2026-06-14 00:08:28.140585'),
('1317', '40', '26', '1', NULL, 'seed', NULL, '2026-06-14 00:08:28.140585', '2026-06-14 00:08:28.140585'),
('1318', '40', '27', '1', NULL, 'seed', NULL, '2026-06-14 00:08:28.140585', '2026-06-14 00:08:28.140585'),
('1319', '40', '28', '1', NULL, 'seed', NULL, '2026-06-14 00:08:28.140585', '2026-06-14 00:08:28.140585'),
('1320', '40', '29', '1', NULL, 'seed', NULL, '2026-06-14 00:08:28.140585', '2026-06-14 00:08:28.140585'),
('1321', '40', '30', '2', NULL, 'seed', NULL, '2026-06-14 00:08:28.140585', '2026-06-14 00:08:28.140585'),
('1322', '40', '31', '1', NULL, 'seed', NULL, '2026-06-14 00:08:28.140585', '2026-06-14 00:08:28.140585'),
('1323', '40', '32', '1', NULL, 'seed', NULL, '2026-06-14 00:08:28.140585', '2026-06-14 00:08:28.140585'),
('1324', '40', '33', '2', NULL, 'seed', NULL, '2026-06-14 00:08:28.140585', '2026-06-14 00:08:28.140585'),
('1325', '40', '34', '1', NULL, 'seed', NULL, '2026-06-14 00:08:28.140585', '2026-06-14 00:08:28.140585'),
('1326', '40', '35', '1', NULL, 'seed', NULL, '2026-06-14 00:08:28.140585', '2026-06-14 00:08:28.140585'),
('1327', '40', '36', '1', NULL, 'seed', NULL, '2026-06-14 00:08:28.140585', '2026-06-14 00:08:28.140585'),
('1328', '40', '37', '1', NULL, 'seed', NULL, '2026-06-14 00:08:28.140585', '2026-06-14 00:08:28.140585'),
('1329', '41', '1', '2', NULL, 'seed', NULL, '2026-06-14 00:08:28.140585', '2026-06-14 00:08:28.140585'),
('1330', '41', '2', '2', NULL, 'seed', NULL, '2026-06-14 00:08:28.140585', '2026-06-14 00:08:28.140585'),
('1331', '41', '3', '1', NULL, 'seed', NULL, '2026-06-14 00:08:28.140585', '2026-06-14 00:08:28.140585'),
('1332', '41', '4', '1', NULL, 'seed', NULL, '2026-06-14 00:08:28.140585', '2026-06-14 00:08:28.140585'),
('1333', '41', '5', '1', NULL, 'seed', NULL, '2026-06-14 00:08:28.140585', '2026-06-14 00:08:28.140585'),
('1334', '41', '6', '1', NULL, 'seed', NULL, '2026-06-14 00:08:28.140585', '2026-06-14 00:08:28.140585'),
('1335', '41', '7', '1', NULL, 'seed', NULL, '2026-06-14 00:08:28.140585', '2026-06-14 00:08:28.140585'),
('1336', '41', '8', '1', NULL, 'seed', NULL, '2026-06-14 00:08:28.140585', '2026-06-14 00:08:28.140585'),
('1337', '41', '9', '1', NULL, 'seed', NULL, '2026-06-14 00:08:28.140585', '2026-06-14 00:08:28.140585'),
('1338', '41', '10', '1', NULL, 'seed', NULL, '2026-06-14 00:08:28.140585', '2026-06-14 00:08:28.140585'),
('1339', '41', '11', '1', NULL, 'seed', NULL, '2026-06-14 00:08:28.140585', '2026-06-14 00:08:28.140585'),
('1340', '41', '12', '3', NULL, 'seed', NULL, '2026-06-14 00:08:28.140585', '2026-06-14 00:08:28.140585'),
('1341', '41', '13', '3', NULL, 'seed', NULL, '2026-06-14 00:08:28.140585', '2026-06-14 00:08:28.140585'),
('1342', '41', '14', '3', NULL, 'seed', NULL, '2026-06-14 00:08:28.140585', '2026-06-14 00:08:28.140585'),
('1343', '41', '15', '1', NULL, 'seed', NULL, '2026-06-14 00:08:28.140585', '2026-06-14 00:08:28.140585'),
('1344', '41', '16', '1', NULL, 'seed', NULL, '2026-06-14 00:08:28.140585', '2026-06-14 00:08:28.140585'),
('1345', '41', '17', '1', NULL, 'seed', NULL, '2026-06-14 00:08:28.140585', '2026-06-14 00:08:28.140585'),
('1346', '41', '18', '2', NULL, 'seed', NULL, '2026-06-14 00:08:28.140585', '2026-06-14 00:08:28.140585'),
('1347', '41', '19', '1', NULL, 'seed', NULL, '2026-06-14 00:08:28.140585', '2026-06-14 00:08:28.140585'),
('1348', '41', '20', '1', NULL, 'seed', NULL, '2026-06-14 00:08:28.140585', '2026-06-14 00:08:28.140585'),
('1349', '41', '21', '1', NULL, 'seed', NULL, '2026-06-14 00:08:28.140585', '2026-06-14 00:08:28.140585'),
('1350', '41', '22', '1', NULL, 'seed', NULL, '2026-06-14 00:08:28.140585', '2026-06-14 00:08:28.140585'),
('1351', '41', '23', '1', NULL, 'seed', NULL, '2026-06-14 00:08:28.140585', '2026-06-14 00:08:28.140585'),
('1352', '41', '24', '1', NULL, 'seed', NULL, '2026-06-14 00:08:28.140585', '2026-06-14 00:08:28.140585'),
('1353', '41', '25', '1', NULL, 'seed', NULL, '2026-06-14 00:08:28.140585', '2026-06-14 00:08:28.140585'),
('1354', '41', '26', '1', NULL, 'seed', NULL, '2026-06-14 00:08:28.140585', '2026-06-14 00:08:28.140585'),
('1355', '41', '27', '1', NULL, 'seed', NULL, '2026-06-14 00:08:28.140585', '2026-06-14 00:08:28.140585'),
('1356', '41', '28', '1', NULL, 'seed', NULL, '2026-06-14 00:08:28.140585', '2026-06-14 00:08:28.140585'),
('1357', '41', '29', '1', NULL, 'seed', NULL, '2026-06-14 00:08:28.140585', '2026-06-14 00:08:28.140585'),
('1358', '41', '30', '1', NULL, 'seed', NULL, '2026-06-14 00:08:28.140585', '2026-06-14 00:08:28.140585'),
('1359', '41', '31', '1', NULL, 'seed', NULL, '2026-06-14 00:08:28.140585', '2026-06-14 00:08:28.140585'),
('1360', '41', '32', '1', NULL, 'seed', NULL, '2026-06-14 00:08:28.140585', '2026-06-14 00:08:28.140585'),
('1361', '41', '33', '1', NULL, 'seed', NULL, '2026-06-14 00:08:28.140585', '2026-06-14 00:08:28.140585'),
('1362', '41', '34', '1', NULL, 'seed', NULL, '2026-06-14 00:08:28.140585', '2026-06-14 00:08:28.140585'),
('1363', '41', '35', '1', NULL, 'seed', NULL, '2026-06-14 00:08:28.140585', '2026-06-14 00:08:28.140585'),
('1364', '41', '36', '1', NULL, 'seed', NULL, '2026-06-14 00:08:28.140585', '2026-06-14 00:08:28.140585'),
('1365', '41', '37', '1', NULL, 'seed', NULL, '2026-06-14 00:08:28.140585', '2026-06-14 00:08:28.140585'),
('1366', '42', '1', '1', NULL, 'seed', NULL, '2026-06-14 00:08:28.140585', '2026-06-14 00:08:28.140585'),
('1367', '42', '2', '1', NULL, 'seed', NULL, '2026-06-14 00:08:28.140585', '2026-06-14 00:08:28.140585'),
('1368', '42', '3', '1', NULL, 'seed', NULL, '2026-06-14 00:08:28.140585', '2026-06-14 00:08:28.140585'),
('1369', '42', '4', '1', NULL, 'seed', NULL, '2026-06-14 00:08:28.140585', '2026-06-14 00:08:28.140585'),
('1370', '42', '5', '2', NULL, 'seed', NULL, '2026-06-14 00:08:28.140585', '2026-06-14 00:08:28.140585'),
('1371', '42', '6', '1', NULL, 'seed', NULL, '2026-06-14 00:08:28.140585', '2026-06-14 00:08:28.140585'),
('1372', '42', '7', '1', NULL, 'seed', NULL, '2026-06-14 00:08:28.140585', '2026-06-14 00:08:28.140585'),
('1373', '42', '8', '1', NULL, 'seed', NULL, '2026-06-14 00:08:28.140585', '2026-06-14 00:08:28.140585'),
('1374', '42', '9', '1', NULL, 'seed', NULL, '2026-06-14 00:08:28.140585', '2026-06-14 00:08:28.140585'),
('1375', '42', '10', '1', NULL, 'seed', NULL, '2026-06-14 00:08:28.140585', '2026-06-14 00:08:28.140585'),
('1376', '42', '11', '1', NULL, 'seed', NULL, '2026-06-14 00:08:28.140585', '2026-06-14 00:08:28.140585'),
('1377', '42', '12', '1', NULL, 'seed', NULL, '2026-06-14 00:08:28.140585', '2026-06-14 00:08:28.140585'),
('1378', '42', '13', '1', NULL, 'seed', NULL, '2026-06-14 00:08:28.140585', '2026-06-14 00:08:28.140585'),
('1379', '42', '14', '1', NULL, 'seed', NULL, '2026-06-14 00:08:28.140585', '2026-06-14 00:08:28.140585'),
('1380', '42', '15', '1', NULL, 'seed', NULL, '2026-06-14 00:08:28.140585', '2026-06-14 00:08:28.140585'),
('1381', '42', '16', '1', NULL, 'seed', NULL, '2026-06-14 00:08:28.140585', '2026-06-14 00:08:28.140585'),
('1382', '42', '17', '1', NULL, 'seed', NULL, '2026-06-14 00:08:28.140585', '2026-06-14 00:08:28.140585'),
('1383', '42', '18', '1', NULL, 'seed', NULL, '2026-06-14 00:08:28.140585', '2026-06-14 00:08:28.140585'),
('1384', '42', '19', '1', NULL, 'seed', NULL, '2026-06-14 00:08:28.140585', '2026-06-14 00:08:28.140585'),
('1385', '42', '20', '1', NULL, 'seed', NULL, '2026-06-14 00:08:28.140585', '2026-06-14 00:08:28.140585'),
('1386', '42', '21', '1', NULL, 'seed', NULL, '2026-06-14 00:08:28.140585', '2026-06-14 00:08:28.140585'),
('1387', '42', '22', '1', NULL, 'seed', NULL, '2026-06-14 00:08:28.140585', '2026-06-14 00:08:28.140585'),
('1388', '42', '23', '1', NULL, 'seed', NULL, '2026-06-14 00:08:28.140585', '2026-06-14 00:08:28.140585'),
('1389', '42', '24', '1', NULL, 'seed', NULL, '2026-06-14 00:08:28.140585', '2026-06-14 00:08:28.140585'),
('1390', '42', '25', '1', NULL, 'seed', NULL, '2026-06-14 00:08:28.140585', '2026-06-14 00:08:28.140585'),
('1391', '42', '26', '1', NULL, 'seed', NULL, '2026-06-14 00:08:28.140585', '2026-06-14 00:08:28.140585'),
('1392', '42', '27', '1', NULL, 'seed', NULL, '2026-06-14 00:08:28.140585', '2026-06-14 00:08:28.140585'),
('1393', '42', '28', '2', NULL, 'seed', NULL, '2026-06-14 00:08:28.140585', '2026-06-14 00:08:28.140585'),
('1394', '42', '29', '2', NULL, 'seed', NULL, '2026-06-14 00:08:28.140585', '2026-06-14 00:08:28.140585'),
('1395', '42', '30', '1', NULL, 'seed', NULL, '2026-06-14 00:08:28.140585', '2026-06-14 00:08:28.140585'),
('1396', '42', '31', '1', NULL, 'seed', NULL, '2026-06-14 00:08:28.140585', '2026-06-14 00:08:28.140585'),
('1397', '42', '32', '1', NULL, 'seed', NULL, '2026-06-14 00:08:28.140585', '2026-06-14 00:08:28.140585'),
('1398', '42', '33', '2', NULL, 'seed', NULL, '2026-06-14 00:08:28.140585', '2026-06-14 00:08:28.140585'),
('1399', '42', '34', '1', NULL, 'seed', NULL, '2026-06-14 00:08:28.140585', '2026-06-14 00:08:28.140585'),
('1400', '42', '35', '1', NULL, 'seed', NULL, '2026-06-14 00:08:28.140585', '2026-06-14 00:08:28.140585'),
('1401', '42', '36', '2', NULL, 'seed', NULL, '2026-06-14 00:08:28.140585', '2026-06-14 00:08:28.140585'),
('1402', '42', '37', '2', NULL, 'seed', NULL, '2026-06-14 00:08:28.140585', '2026-06-14 00:08:28.140585'),
('1403', '43', '1', '1', NULL, 'seed', NULL, '2026-06-14 00:08:28.140585', '2026-06-14 00:08:28.140585'),
('1404', '43', '2', '1', NULL, 'seed', NULL, '2026-06-14 00:08:28.140585', '2026-06-14 00:08:28.140585'),
('1405', '43', '3', '1', NULL, 'seed', NULL, '2026-06-14 00:08:28.140585', '2026-06-14 00:08:28.140585'),
('1406', '43', '4', '1', NULL, 'seed', NULL, '2026-06-14 00:08:28.140585', '2026-06-14 00:08:28.140585'),
('1407', '43', '5', '1', NULL, 'seed', NULL, '2026-06-14 00:08:28.140585', '2026-06-14 00:08:28.140585'),
('1408', '43', '6', '1', NULL, 'seed', NULL, '2026-06-14 00:08:28.140585', '2026-06-14 00:08:28.140585'),
('1409', '43', '7', '1', NULL, 'seed', NULL, '2026-06-14 00:08:28.140585', '2026-06-14 00:08:28.140585'),
('1410', '43', '8', '1', NULL, 'seed', NULL, '2026-06-14 00:08:28.140585', '2026-06-14 00:08:28.140585'),
('1411', '43', '9', '1', NULL, 'seed', NULL, '2026-06-14 00:08:28.140585', '2026-06-14 00:08:28.140585'),
('1412', '43', '10', '1', NULL, 'seed', NULL, '2026-06-14 00:08:28.140585', '2026-06-14 00:08:28.140585'),
('1413', '43', '11', '1', NULL, 'seed', NULL, '2026-06-14 00:08:28.140585', '2026-06-14 00:08:28.140585'),
('1414', '43', '12', '1', NULL, 'seed', NULL, '2026-06-14 00:08:28.140585', '2026-06-14 00:08:28.140585'),
('1415', '43', '13', '2', NULL, 'seed', NULL, '2026-06-14 00:08:28.140585', '2026-06-14 00:08:28.140585'),
('1416', '43', '14', '1', NULL, 'seed', NULL, '2026-06-14 00:08:28.140585', '2026-06-14 00:08:28.140585'),
('1417', '43', '15', '1', NULL, 'seed', NULL, '2026-06-14 00:08:28.140585', '2026-06-14 00:08:28.140585'),
('1418', '43', '16', '1', NULL, 'seed', NULL, '2026-06-14 00:08:28.140585', '2026-06-14 00:08:28.140585'),
('1419', '43', '17', '1', NULL, 'seed', NULL, '2026-06-14 00:08:28.140585', '2026-06-14 00:08:28.140585'),
('1420', '43', '18', '2', NULL, 'seed', NULL, '2026-06-14 00:08:28.140585', '2026-06-14 00:08:28.140585'),
('1421', '43', '19', '1', NULL, 'seed', NULL, '2026-06-14 00:08:28.140585', '2026-06-14 00:08:28.140585'),
('1422', '43', '20', '2', NULL, 'seed', NULL, '2026-06-14 00:08:28.140585', '2026-06-14 00:08:28.140585'),
('1423', '43', '21', '2', NULL, 'seed', NULL, '2026-06-14 00:08:28.140585', '2026-06-14 00:08:28.140585'),
('1424', '43', '22', '1', NULL, 'seed', NULL, '2026-06-14 00:08:28.140585', '2026-06-14 00:08:28.140585'),
('1425', '43', '23', '1', NULL, 'seed', NULL, '2026-06-14 00:08:28.140585', '2026-06-14 00:08:28.140585'),
('1426', '43', '24', '1', NULL, 'seed', NULL, '2026-06-14 00:08:28.140585', '2026-06-14 00:08:28.140585'),
('1427', '43', '25', '1', NULL, 'seed', NULL, '2026-06-14 00:08:28.140585', '2026-06-14 00:08:28.140585'),
('1428', '43', '26', '1', NULL, 'seed', NULL, '2026-06-14 00:08:28.140585', '2026-06-14 00:08:28.140585'),
('1429', '43', '27', '1', NULL, 'seed', NULL, '2026-06-14 00:08:28.140585', '2026-06-14 00:08:28.140585'),
('1430', '43', '28', '1', NULL, 'seed', NULL, '2026-06-14 00:08:28.140585', '2026-06-14 00:08:28.140585'),
('1431', '43', '29', '3', NULL, 'seed', NULL, '2026-06-14 00:08:28.140585', '2026-06-14 00:08:28.140585'),
('1432', '43', '30', '1', NULL, 'seed', NULL, '2026-06-14 00:08:28.140585', '2026-06-14 00:08:28.140585'),
('1433', '43', '31', '1', NULL, 'seed', NULL, '2026-06-14 00:08:28.140585', '2026-06-14 00:08:28.140585'),
('1434', '43', '32', '1', NULL, 'seed', NULL, '2026-06-14 00:08:28.140585', '2026-06-14 00:08:28.140585'),
('1435', '43', '33', '2', NULL, 'seed', NULL, '2026-06-14 00:08:28.140585', '2026-06-14 00:08:28.140585'),
('1436', '43', '34', '2', NULL, 'seed', NULL, '2026-06-14 00:08:28.140585', '2026-06-14 00:08:28.140585'),
('1437', '43', '35', '1', NULL, 'seed', NULL, '2026-06-14 00:08:28.140585', '2026-06-14 00:08:28.140585'),
('1438', '43', '36', '1', NULL, 'seed', NULL, '2026-06-14 00:08:28.140585', '2026-06-14 00:08:28.140585'),
('1439', '43', '37', '2', NULL, 'seed', NULL, '2026-06-14 00:08:28.140585', '2026-06-14 00:08:28.140585'),
('1440', '44', '18', '1', NULL, 'seed', NULL, '2026-06-14 00:08:28.140585', '2026-06-14 00:08:28.140585'),
('1441', '44', '19', '2', NULL, 'seed', NULL, '2026-06-14 00:08:28.140585', '2026-06-14 00:08:28.140585'),
('1442', '44', '20', '1', NULL, 'seed', NULL, '2026-06-14 00:08:28.140585', '2026-06-14 00:08:28.140585'),
('1443', '44', '21', '1', NULL, 'seed', NULL, '2026-06-14 00:08:28.140585', '2026-06-14 00:08:28.140585'),
('1444', '44', '22', '1', NULL, 'seed', NULL, '2026-06-14 00:08:28.140585', '2026-06-14 00:08:28.140585'),
('1445', '44', '23', '1', NULL, 'seed', NULL, '2026-06-14 00:08:28.140585', '2026-06-14 00:08:28.140585'),
('1446', '44', '24', '2', NULL, 'seed', NULL, '2026-06-14 00:08:28.140585', '2026-06-14 00:08:28.140585'),
('1447', '44', '25', '2', NULL, 'seed', NULL, '2026-06-14 00:08:28.140585', '2026-06-14 00:08:28.140585'),
('1448', '44', '26', '2', NULL, 'seed', NULL, '2026-06-14 00:08:28.140585', '2026-06-14 00:08:28.140585'),
('1449', '44', '27', '1', NULL, 'seed', NULL, '2026-06-14 00:08:28.140585', '2026-06-14 00:08:28.140585'),
('1450', '44', '28', '2', NULL, 'seed', NULL, '2026-06-14 00:08:28.140585', '2026-06-14 00:08:28.140585'),
('1451', '44', '29', '2', NULL, 'seed', NULL, '2026-06-14 00:08:28.140585', '2026-06-14 00:08:28.140585'),
('1452', '44', '30', '1', NULL, 'seed', NULL, '2026-06-14 00:08:28.140585', '2026-06-14 00:08:28.140585'),
('1453', '44', '31', '1', NULL, 'seed', NULL, '2026-06-14 00:08:28.140585', '2026-06-14 00:08:28.140585'),
('1454', '44', '32', '1', NULL, 'seed', NULL, '2026-06-14 00:08:28.140585', '2026-06-14 00:08:28.140585'),
('1455', '44', '33', '1', NULL, 'seed', NULL, '2026-06-14 00:08:28.140585', '2026-06-14 00:08:28.140585'),
('1456', '44', '34', '2', NULL, 'seed', NULL, '2026-06-14 00:08:28.140585', '2026-06-14 00:08:28.140585'),
('1457', '44', '35', '1', NULL, 'seed', NULL, '2026-06-14 00:08:28.140585', '2026-06-14 00:08:28.140585'),
('1458', '44', '36', '1', NULL, 'seed', NULL, '2026-06-14 00:08:28.140585', '2026-06-14 00:08:28.140585'),
('1459', '44', '37', '1', NULL, 'seed', NULL, '2026-06-14 00:08:28.140585', '2026-06-14 00:08:28.140585'),
('1460', '45', '1', '1', NULL, 'seed', NULL, '2026-06-14 00:08:28.140585', '2026-06-14 00:08:28.140585'),
('1461', '45', '2', '1', NULL, 'seed', NULL, '2026-06-14 00:08:28.140585', '2026-06-14 00:08:28.140585'),
('1462', '45', '3', '1', NULL, 'seed', NULL, '2026-06-14 00:08:28.140585', '2026-06-14 00:08:28.140585'),
('1463', '45', '4', '1', NULL, 'seed', NULL, '2026-06-14 00:08:28.140585', '2026-06-14 00:08:28.140585'),
('1464', '45', '5', '1', NULL, 'seed', NULL, '2026-06-14 00:08:28.140585', '2026-06-14 00:08:28.140585'),
('1465', '45', '6', '1', NULL, 'seed', NULL, '2026-06-14 00:08:28.140585', '2026-06-14 00:08:28.140585'),
('1466', '45', '7', '1', NULL, 'seed', NULL, '2026-06-14 00:08:28.140585', '2026-06-14 00:08:28.140585'),
('1467', '45', '8', '1', NULL, 'seed', NULL, '2026-06-14 00:08:28.140585', '2026-06-14 00:08:28.140585'),
('1468', '45', '9', '1', NULL, 'seed', NULL, '2026-06-14 00:08:28.140585', '2026-06-14 00:08:28.140585'),
('1469', '45', '10', '1', NULL, 'seed', NULL, '2026-06-14 00:08:28.140585', '2026-06-14 00:08:28.140585'),
('1470', '45', '11', '1', NULL, 'seed', NULL, '2026-06-14 00:08:28.140585', '2026-06-14 00:08:28.140585'),
('1471', '45', '12', '1', NULL, 'seed', NULL, '2026-06-14 00:08:28.140585', '2026-06-14 00:08:28.140585'),
('1472', '45', '13', '1', NULL, 'seed', NULL, '2026-06-14 00:08:28.140585', '2026-06-14 00:08:28.140585'),
('1473', '45', '14', '1', NULL, 'seed', NULL, '2026-06-14 00:08:28.140585', '2026-06-14 00:08:28.140585'),
('1474', '45', '15', '1', NULL, 'seed', NULL, '2026-06-14 00:08:28.140585', '2026-06-14 00:08:28.140585'),
('1475', '45', '16', '1', NULL, 'seed', NULL, '2026-06-14 00:08:28.140585', '2026-06-14 00:08:28.140585'),
('1476', '45', '17', '1', NULL, 'seed', NULL, '2026-06-14 00:08:28.140585', '2026-06-14 00:08:28.140585'),
('1477', '45', '18', '1', NULL, 'seed', NULL, '2026-06-14 00:08:28.140585', '2026-06-14 00:08:28.140585'),
('1478', '45', '19', '1', NULL, 'seed', NULL, '2026-06-14 00:08:28.140585', '2026-06-14 00:08:28.140585'),
('1479', '45', '20', '1', NULL, 'seed', NULL, '2026-06-14 00:08:28.140585', '2026-06-14 00:08:28.140585'),
('1480', '45', '21', '1', NULL, 'seed', NULL, '2026-06-14 00:08:28.140585', '2026-06-14 00:08:28.140585'),
('1481', '45', '22', '1', NULL, 'seed', NULL, '2026-06-14 00:08:28.140585', '2026-06-14 00:08:28.140585'),
('1482', '45', '23', '1', NULL, 'seed', NULL, '2026-06-14 00:08:28.140585', '2026-06-14 00:08:28.140585'),
('1483', '45', '24', '2', NULL, 'seed', NULL, '2026-06-14 00:08:28.140585', '2026-06-14 00:08:28.140585'),
('1484', '45', '25', '2', NULL, 'seed', NULL, '2026-06-14 00:08:28.140585', '2026-06-14 00:08:28.140585'),
('1485', '45', '26', '2', NULL, 'seed', NULL, '2026-06-14 00:08:28.140585', '2026-06-14 00:08:28.140585'),
('1486', '45', '27', '1', NULL, 'seed', NULL, '2026-06-14 00:08:28.140585', '2026-06-14 00:08:28.140585'),
('1487', '45', '28', '1', NULL, 'seed', NULL, '2026-06-14 00:08:28.140585', '2026-06-14 00:08:28.140585'),
('1488', '45', '29', '1', NULL, 'seed', NULL, '2026-06-14 00:08:28.140585', '2026-06-14 00:08:28.140585'),
('1489', '45', '30', '1', NULL, 'seed', NULL, '2026-06-14 00:08:28.140585', '2026-06-14 00:08:28.140585'),
('1490', '45', '31', '1', NULL, 'seed', NULL, '2026-06-14 00:08:28.140585', '2026-06-14 00:08:28.140585'),
('1491', '45', '32', '1', NULL, 'seed', NULL, '2026-06-14 00:08:28.140585', '2026-06-14 00:08:28.140585'),
('1492', '45', '33', '1', NULL, 'seed', NULL, '2026-06-14 00:08:28.140585', '2026-06-14 00:08:28.140585'),
('1493', '45', '34', '1', NULL, 'seed', NULL, '2026-06-14 00:08:28.140585', '2026-06-14 00:08:28.140585'),
('1494', '45', '35', '1', NULL, 'seed', NULL, '2026-06-14 00:08:28.140585', '2026-06-14 00:08:28.140585'),
('1495', '45', '36', '1', NULL, 'seed', NULL, '2026-06-14 00:08:28.140585', '2026-06-14 00:08:28.140585'),
('1496', '45', '37', '1', NULL, 'seed', NULL, '2026-06-14 00:08:28.140585', '2026-06-14 00:08:28.140585'),
('1497', '46', '1', '2', NULL, 'seed', NULL, '2026-06-14 00:08:28.140585', '2026-06-14 00:08:28.140585'),
('1498', '46', '2', '1', NULL, 'seed', NULL, '2026-06-14 00:08:28.140585', '2026-06-14 00:08:28.140585'),
('1499', '46', '3', '2', NULL, 'seed', NULL, '2026-06-14 00:08:28.140585', '2026-06-14 00:08:28.140585'),
('1500', '46', '4', '1', NULL, 'seed', NULL, '2026-06-14 00:08:28.140585', '2026-06-14 00:08:28.140585');

INSERT INTO "public"."attendance_records" ("id", "player_team_id", "training_session_id", "attendance_status_id", "notes", "created_by", "updated_by", "created_at", "updated_at") VALUES
('1501', '46', '5', '2', NULL, 'seed', NULL, '2026-06-14 00:08:28.140585', '2026-06-14 00:08:28.140585'),
('1502', '46', '6', '2', NULL, 'seed', NULL, '2026-06-14 00:08:28.140585', '2026-06-14 00:08:28.140585'),
('1503', '46', '7', '1', NULL, 'seed', NULL, '2026-06-14 00:08:28.140585', '2026-06-14 00:08:28.140585'),
('1504', '46', '8', '3', NULL, 'seed', NULL, '2026-06-14 00:08:28.140585', '2026-06-14 00:08:28.140585'),
('1505', '46', '9', '1', NULL, 'seed', NULL, '2026-06-14 00:08:28.140585', '2026-06-14 00:08:28.140585'),
('1506', '46', '10', '1', NULL, 'seed', NULL, '2026-06-14 00:08:28.140585', '2026-06-14 00:08:28.140585'),
('1507', '46', '11', '1', NULL, 'seed', NULL, '2026-06-14 00:08:28.140585', '2026-06-14 00:08:28.140585'),
('1508', '46', '12', '1', NULL, 'seed', NULL, '2026-06-14 00:08:28.140585', '2026-06-14 00:08:28.140585'),
('1509', '46', '13', '1', NULL, 'seed', NULL, '2026-06-14 00:08:28.140585', '2026-06-14 00:08:28.140585'),
('1510', '46', '14', '3', NULL, 'seed', NULL, '2026-06-14 00:08:28.140585', '2026-06-14 00:08:28.140585'),
('1511', '46', '15', '1', NULL, 'seed', NULL, '2026-06-14 00:08:28.140585', '2026-06-14 00:08:28.140585'),
('1512', '46', '16', '2', NULL, 'seed', NULL, '2026-06-14 00:08:28.140585', '2026-06-14 00:08:28.140585'),
('1513', '46', '17', '1', NULL, 'seed', NULL, '2026-06-14 00:08:28.140585', '2026-06-14 00:08:28.140585'),
('1514', '46', '18', '2', NULL, 'seed', NULL, '2026-06-14 00:08:28.140585', '2026-06-14 00:08:28.140585'),
('1515', '46', '19', '2', NULL, 'seed', NULL, '2026-06-14 00:08:28.140585', '2026-06-14 00:08:28.140585'),
('1516', '46', '20', '2', NULL, 'seed', NULL, '2026-06-14 00:08:28.140585', '2026-06-14 00:08:28.140585'),
('1517', '46', '21', '2', NULL, 'seed', NULL, '2026-06-14 00:08:28.140585', '2026-06-14 00:08:28.140585'),
('1518', '46', '22', '1', NULL, 'seed', NULL, '2026-06-14 00:08:28.140585', '2026-06-14 00:08:28.140585'),
('1519', '46', '23', '1', NULL, 'seed', NULL, '2026-06-14 00:08:28.140585', '2026-06-14 00:08:28.140585'),
('1520', '46', '24', '2', NULL, 'seed', NULL, '2026-06-14 00:08:28.140585', '2026-06-14 00:08:28.140585'),
('1521', '46', '25', '2', NULL, 'seed', NULL, '2026-06-14 00:08:28.140585', '2026-06-14 00:08:28.140585'),
('1522', '46', '26', '2', NULL, 'seed', NULL, '2026-06-14 00:08:28.140585', '2026-06-14 00:08:28.140585'),
('1523', '46', '27', '1', NULL, 'seed', NULL, '2026-06-14 00:08:28.140585', '2026-06-14 00:08:28.140585'),
('1524', '46', '28', '1', NULL, 'seed', NULL, '2026-06-14 00:08:28.140585', '2026-06-14 00:08:28.140585'),
('1525', '46', '29', '1', NULL, 'seed', NULL, '2026-06-14 00:08:28.140585', '2026-06-14 00:08:28.140585'),
('1526', '46', '30', '1', NULL, 'seed', NULL, '2026-06-14 00:08:28.140585', '2026-06-14 00:08:28.140585'),
('1527', '46', '31', '2', NULL, 'seed', NULL, '2026-06-14 00:08:28.140585', '2026-06-14 00:08:28.140585'),
('1528', '46', '32', '1', NULL, 'seed', NULL, '2026-06-14 00:08:28.140585', '2026-06-14 00:08:28.140585'),
('1529', '46', '33', '2', NULL, 'seed', NULL, '2026-06-14 00:08:28.140585', '2026-06-14 00:08:28.140585'),
('1530', '46', '34', '2', NULL, 'seed', NULL, '2026-06-14 00:08:28.140585', '2026-06-14 00:08:28.140585'),
('1531', '46', '35', '1', NULL, 'seed', NULL, '2026-06-14 00:08:28.140585', '2026-06-14 00:08:28.140585'),
('1532', '46', '36', '2', NULL, 'seed', NULL, '2026-06-14 00:08:28.140585', '2026-06-14 00:08:28.140585'),
('1533', '46', '37', '1', NULL, 'seed', NULL, '2026-06-14 00:08:28.140585', '2026-06-14 00:08:28.140585'),
('1534', '47', '1', '1', NULL, 'seed', NULL, '2026-06-14 00:08:28.140585', '2026-06-14 00:08:28.140585'),
('1535', '47', '2', '1', NULL, 'seed', NULL, '2026-06-14 00:08:28.140585', '2026-06-14 00:08:28.140585'),
('1536', '47', '3', '1', NULL, 'seed', NULL, '2026-06-14 00:08:28.140585', '2026-06-14 00:08:28.140585'),
('1537', '47', '4', '1', NULL, 'seed', NULL, '2026-06-14 00:08:28.140585', '2026-06-14 00:08:28.140585'),
('1538', '47', '5', '1', NULL, 'seed', NULL, '2026-06-14 00:08:28.140585', '2026-06-14 00:08:28.140585'),
('1539', '47', '6', '1', NULL, 'seed', NULL, '2026-06-14 00:08:28.140585', '2026-06-14 00:08:28.140585'),
('1540', '47', '7', '1', NULL, 'seed', NULL, '2026-06-14 00:08:28.140585', '2026-06-14 00:08:28.140585'),
('1541', '47', '8', '1', NULL, 'seed', NULL, '2026-06-14 00:08:28.140585', '2026-06-14 00:08:28.140585'),
('1542', '47', '9', '1', NULL, 'seed', NULL, '2026-06-14 00:08:28.140585', '2026-06-14 00:08:28.140585'),
('1543', '47', '10', '1', NULL, 'seed', NULL, '2026-06-14 00:08:28.140585', '2026-06-14 00:08:28.140585'),
('1544', '47', '11', '1', NULL, 'seed', NULL, '2026-06-14 00:08:28.140585', '2026-06-14 00:08:28.140585'),
('1545', '47', '12', '1', NULL, 'seed', NULL, '2026-06-14 00:08:28.140585', '2026-06-14 00:08:28.140585'),
('1546', '47', '13', '1', NULL, 'seed', NULL, '2026-06-14 00:08:28.140585', '2026-06-14 00:08:28.140585'),
('1547', '47', '14', '1', NULL, 'seed', NULL, '2026-06-14 00:08:28.140585', '2026-06-14 00:08:28.140585'),
('1548', '47', '15', '1', NULL, 'seed', NULL, '2026-06-14 00:08:28.140585', '2026-06-14 00:08:28.140585'),
('1549', '47', '16', '1', NULL, 'seed', NULL, '2026-06-14 00:08:28.140585', '2026-06-14 00:08:28.140585'),
('1550', '47', '17', '1', NULL, 'seed', NULL, '2026-06-14 00:08:28.140585', '2026-06-14 00:08:28.140585'),
('1551', '47', '18', '1', NULL, 'seed', NULL, '2026-06-14 00:08:28.140585', '2026-06-14 00:08:28.140585'),
('1552', '47', '19', '1', NULL, 'seed', NULL, '2026-06-14 00:08:28.140585', '2026-06-14 00:08:28.140585'),
('1553', '47', '20', '2', NULL, 'seed', NULL, '2026-06-14 00:08:28.140585', '2026-06-14 00:08:28.140585'),
('1554', '47', '21', '2', NULL, 'seed', NULL, '2026-06-14 00:08:28.140585', '2026-06-14 00:08:28.140585'),
('1555', '47', '22', '1', NULL, 'seed', NULL, '2026-06-14 00:08:28.140585', '2026-06-14 00:08:28.140585'),
('1556', '47', '23', '1', NULL, 'seed', NULL, '2026-06-14 00:08:28.140585', '2026-06-14 00:08:28.140585'),
('1557', '47', '24', '2', NULL, 'seed', NULL, '2026-06-14 00:08:28.140585', '2026-06-14 00:08:28.140585'),
('1558', '47', '25', '2', NULL, 'seed', NULL, '2026-06-14 00:08:28.140585', '2026-06-14 00:08:28.140585'),
('1559', '47', '26', '2', NULL, 'seed', NULL, '2026-06-14 00:08:28.140585', '2026-06-14 00:08:28.140585'),
('1560', '47', '27', '1', NULL, 'seed', NULL, '2026-06-14 00:08:28.140585', '2026-06-14 00:08:28.140585'),
('1561', '47', '28', '1', NULL, 'seed', NULL, '2026-06-14 00:08:28.140585', '2026-06-14 00:08:28.140585'),
('1562', '47', '29', '1', NULL, 'seed', NULL, '2026-06-14 00:08:28.140585', '2026-06-14 00:08:28.140585'),
('1563', '47', '30', '1', NULL, 'seed', NULL, '2026-06-14 00:08:28.140585', '2026-06-14 00:08:28.140585'),
('1564', '47', '31', '1', NULL, 'seed', NULL, '2026-06-14 00:08:28.140585', '2026-06-14 00:08:28.140585'),
('1565', '47', '32', '1', NULL, 'seed', NULL, '2026-06-14 00:08:28.140585', '2026-06-14 00:08:28.140585'),
('1566', '47', '33', '1', NULL, 'seed', NULL, '2026-06-14 00:08:28.140585', '2026-06-14 00:08:28.140585'),
('1567', '47', '34', '1', NULL, 'seed', NULL, '2026-06-14 00:08:28.140585', '2026-06-14 00:08:28.140585'),
('1568', '47', '35', '1', NULL, 'seed', NULL, '2026-06-14 00:08:28.140585', '2026-06-14 00:08:28.140585'),
('1569', '47', '36', '1', NULL, 'seed', NULL, '2026-06-14 00:08:28.140585', '2026-06-14 00:08:28.140585'),
('1570', '47', '37', '1', NULL, 'seed', NULL, '2026-06-14 00:08:28.140585', '2026-06-14 00:08:28.140585'),
('1571', '48', '3', '1', NULL, 'seed', NULL, '2026-06-14 00:08:28.140585', '2026-06-14 00:08:28.140585'),
('1572', '48', '4', '1', NULL, 'seed', NULL, '2026-06-14 00:08:28.140585', '2026-06-14 00:08:28.140585'),
('1573', '48', '5', '2', NULL, 'seed', NULL, '2026-06-14 00:08:28.140585', '2026-06-14 00:08:28.140585'),
('1574', '48', '6', '1', NULL, 'seed', NULL, '2026-06-14 00:08:28.140585', '2026-06-14 00:08:28.140585'),
('1575', '48', '7', '1', NULL, 'seed', NULL, '2026-06-14 00:08:28.140585', '2026-06-14 00:08:28.140585'),
('1576', '48', '8', '1', NULL, 'seed', NULL, '2026-06-14 00:08:28.140585', '2026-06-14 00:08:28.140585'),
('1577', '48', '9', '1', NULL, 'seed', NULL, '2026-06-14 00:08:28.140585', '2026-06-14 00:08:28.140585'),
('1578', '48', '10', '1', NULL, 'seed', NULL, '2026-06-14 00:08:28.140585', '2026-06-14 00:08:28.140585'),
('1579', '48', '11', '1', NULL, 'seed', NULL, '2026-06-14 00:08:28.140585', '2026-06-14 00:08:28.140585'),
('1580', '48', '12', '1', NULL, 'seed', NULL, '2026-06-14 00:08:28.140585', '2026-06-14 00:08:28.140585'),
('1581', '48', '13', '1', NULL, 'seed', NULL, '2026-06-14 00:08:28.140585', '2026-06-14 00:08:28.140585'),
('1582', '48', '14', '1', NULL, 'seed', NULL, '2026-06-14 00:08:28.140585', '2026-06-14 00:08:28.140585'),
('1583', '48', '15', '1', NULL, 'seed', NULL, '2026-06-14 00:08:28.140585', '2026-06-14 00:08:28.140585'),
('1584', '48', '16', '1', NULL, 'seed', NULL, '2026-06-14 00:08:28.140585', '2026-06-14 00:08:28.140585'),
('1585', '48', '17', '1', NULL, 'seed', NULL, '2026-06-14 00:08:28.140585', '2026-06-14 00:08:28.140585'),
('1586', '48', '18', '1', NULL, 'seed', NULL, '2026-06-14 00:08:28.140585', '2026-06-14 00:08:28.140585'),
('1587', '48', '19', '1', NULL, 'seed', NULL, '2026-06-14 00:08:28.140585', '2026-06-14 00:08:28.140585'),
('1588', '48', '20', '1', NULL, 'seed', NULL, '2026-06-14 00:08:28.140585', '2026-06-14 00:08:28.140585'),
('1589', '48', '21', '1', NULL, 'seed', NULL, '2026-06-14 00:08:28.140585', '2026-06-14 00:08:28.140585'),
('1590', '48', '22', '1', NULL, 'seed', NULL, '2026-06-14 00:08:28.140585', '2026-06-14 00:08:28.140585'),
('1591', '48', '23', '1', NULL, 'seed', NULL, '2026-06-14 00:08:28.140585', '2026-06-14 00:08:28.140585'),
('1592', '48', '24', '1', NULL, 'seed', NULL, '2026-06-14 00:08:28.140585', '2026-06-14 00:08:28.140585'),
('1593', '48', '25', '1', NULL, 'seed', NULL, '2026-06-14 00:08:28.140585', '2026-06-14 00:08:28.140585'),
('1594', '48', '26', '1', NULL, 'seed', NULL, '2026-06-14 00:08:28.140585', '2026-06-14 00:08:28.140585'),
('1595', '48', '27', '1', NULL, 'seed', NULL, '2026-06-14 00:08:28.140585', '2026-06-14 00:08:28.140585'),
('1596', '48', '28', '1', NULL, 'seed', NULL, '2026-06-14 00:08:28.140585', '2026-06-14 00:08:28.140585'),
('1597', '48', '29', '1', NULL, 'seed', NULL, '2026-06-14 00:08:28.140585', '2026-06-14 00:08:28.140585'),
('1598', '48', '30', '2', NULL, 'seed', NULL, '2026-06-14 00:08:28.140585', '2026-06-14 00:08:28.140585'),
('1599', '48', '31', '2', NULL, 'seed', NULL, '2026-06-14 00:08:28.140585', '2026-06-14 00:08:28.140585'),
('1600', '48', '32', '2', NULL, 'seed', NULL, '2026-06-14 00:08:28.140585', '2026-06-14 00:08:28.140585'),
('1601', '48', '33', '1', NULL, 'seed', NULL, '2026-06-14 00:08:28.140585', '2026-06-14 00:08:28.140585'),
('1602', '48', '34', '2', NULL, 'seed', NULL, '2026-06-14 00:08:28.140585', '2026-06-14 00:08:28.140585'),
('1603', '48', '35', '1', NULL, 'seed', NULL, '2026-06-14 00:08:28.140585', '2026-06-14 00:08:28.140585'),
('1604', '48', '36', '1', NULL, 'seed', NULL, '2026-06-14 00:08:28.140585', '2026-06-14 00:08:28.140585'),
('1605', '48', '37', '1', NULL, 'seed', NULL, '2026-06-14 00:08:28.140585', '2026-06-14 00:08:28.140585'),
('1606', '49', '1', '2', NULL, 'seed', NULL, '2026-06-14 00:08:28.140585', '2026-06-14 00:08:28.140585'),
('1607', '49', '2', '2', NULL, 'seed', NULL, '2026-06-14 00:08:28.140585', '2026-06-14 00:08:28.140585'),
('1608', '49', '3', '2', NULL, 'seed', NULL, '2026-06-14 00:08:28.140585', '2026-06-14 00:08:28.140585'),
('1609', '49', '4', '2', NULL, 'seed', NULL, '2026-06-14 00:08:28.140585', '2026-06-14 00:08:28.140585'),
('1610', '49', '5', '2', NULL, 'seed', NULL, '2026-06-14 00:08:28.140585', '2026-06-14 00:08:28.140585'),
('1611', '49', '6', '2', NULL, 'seed', NULL, '2026-06-14 00:08:28.140585', '2026-06-14 00:08:28.140585'),
('1612', '49', '7', '1', NULL, 'seed', NULL, '2026-06-14 00:08:28.140585', '2026-06-14 00:08:28.140585'),
('1613', '49', '8', '1', NULL, 'seed', NULL, '2026-06-14 00:08:28.140585', '2026-06-14 00:08:28.140585'),
('1614', '49', '9', '2', NULL, 'seed', NULL, '2026-06-14 00:08:28.140585', '2026-06-14 00:08:28.140585'),
('1615', '49', '10', '1', NULL, 'seed', NULL, '2026-06-14 00:08:28.140585', '2026-06-14 00:08:28.140585'),
('1616', '49', '11', '2', NULL, 'seed', NULL, '2026-06-14 00:08:28.140585', '2026-06-14 00:08:28.140585'),
('1617', '49', '12', '1', NULL, 'seed', NULL, '2026-06-14 00:08:28.140585', '2026-06-14 00:08:28.140585'),
('1618', '49', '13', '1', NULL, 'seed', NULL, '2026-06-14 00:08:28.140585', '2026-06-14 00:08:28.140585'),
('1619', '49', '14', '1', NULL, 'seed', NULL, '2026-06-14 00:08:28.140585', '2026-06-14 00:08:28.140585'),
('1620', '49', '15', '2', NULL, 'seed', NULL, '2026-06-14 00:08:28.140585', '2026-06-14 00:08:28.140585'),
('1621', '49', '16', '1', NULL, 'seed', NULL, '2026-06-14 00:08:28.140585', '2026-06-14 00:08:28.140585'),
('1622', '49', '17', '1', NULL, 'seed', NULL, '2026-06-14 00:08:28.140585', '2026-06-14 00:08:28.140585'),
('1623', '49', '18', '2', NULL, 'seed', NULL, '2026-06-14 00:08:28.140585', '2026-06-14 00:08:28.140585'),
('1624', '49', '19', '1', NULL, 'seed', NULL, '2026-06-14 00:08:28.140585', '2026-06-14 00:08:28.140585'),
('1625', '49', '20', '1', NULL, 'seed', NULL, '2026-06-14 00:08:28.140585', '2026-06-14 00:08:28.140585'),
('1626', '49', '21', '1', NULL, 'seed', NULL, '2026-06-14 00:08:28.140585', '2026-06-14 00:08:28.140585'),
('1627', '49', '22', '1', NULL, 'seed', NULL, '2026-06-14 00:08:28.140585', '2026-06-14 00:08:28.140585'),
('1628', '49', '23', '1', NULL, 'seed', NULL, '2026-06-14 00:08:28.140585', '2026-06-14 00:08:28.140585'),
('1629', '49', '24', '1', NULL, 'seed', NULL, '2026-06-14 00:08:28.140585', '2026-06-14 00:08:28.140585'),
('1630', '49', '25', '1', NULL, 'seed', NULL, '2026-06-14 00:08:28.140585', '2026-06-14 00:08:28.140585'),
('1631', '49', '26', '1', NULL, 'seed', NULL, '2026-06-14 00:08:28.140585', '2026-06-14 00:08:28.140585'),
('1632', '49', '27', '1', NULL, 'seed', NULL, '2026-06-14 00:08:28.140585', '2026-06-14 00:08:28.140585'),
('1633', '49', '28', '2', NULL, 'seed', NULL, '2026-06-14 00:08:28.140585', '2026-06-14 00:08:28.140585'),
('1634', '49', '29', '2', NULL, 'seed', NULL, '2026-06-14 00:08:28.140585', '2026-06-14 00:08:28.140585'),
('1635', '49', '30', '2', NULL, 'seed', NULL, '2026-06-14 00:08:28.140585', '2026-06-14 00:08:28.140585'),
('1636', '49', '31', '2', NULL, 'seed', NULL, '2026-06-14 00:08:28.140585', '2026-06-14 00:08:28.140585'),
('1637', '49', '32', '2', NULL, 'seed', NULL, '2026-06-14 00:08:28.140585', '2026-06-14 00:08:28.140585'),
('1638', '49', '33', '2', NULL, 'seed', NULL, '2026-06-14 00:08:28.140585', '2026-06-14 00:08:28.140585'),
('1639', '49', '34', '2', NULL, 'seed', NULL, '2026-06-14 00:08:28.140585', '2026-06-14 00:08:28.140585'),
('1640', '49', '35', '2', NULL, 'seed', NULL, '2026-06-14 00:08:28.140585', '2026-06-14 00:08:28.140585'),
('1641', '49', '36', '2', NULL, 'seed', NULL, '2026-06-14 00:08:28.140585', '2026-06-14 00:08:28.140585'),
('1642', '49', '37', '2', NULL, 'seed', NULL, '2026-06-14 00:08:28.140585', '2026-06-14 00:08:28.140585'),
('1643', '50', '1', '2', NULL, 'seed', NULL, '2026-06-14 00:08:28.140585', '2026-06-14 00:08:28.140585'),
('1644', '50', '2', '1', NULL, 'seed', NULL, '2026-06-14 00:08:28.140585', '2026-06-14 00:08:28.140585'),
('1645', '50', '3', '1', NULL, 'seed', NULL, '2026-06-14 00:08:28.140585', '2026-06-14 00:08:28.140585'),
('1646', '50', '4', '1', NULL, 'seed', NULL, '2026-06-14 00:08:28.140585', '2026-06-14 00:08:28.140585'),
('1647', '50', '5', '2', NULL, 'seed', NULL, '2026-06-14 00:08:28.140585', '2026-06-14 00:08:28.140585'),
('1648', '50', '6', '1', NULL, 'seed', NULL, '2026-06-14 00:08:28.140585', '2026-06-14 00:08:28.140585'),
('1649', '50', '7', '1', NULL, 'seed', NULL, '2026-06-14 00:08:28.140585', '2026-06-14 00:08:28.140585'),
('1650', '50', '8', '1', NULL, 'seed', NULL, '2026-06-14 00:08:28.140585', '2026-06-14 00:08:28.140585'),
('1651', '50', '9', '1', NULL, 'seed', NULL, '2026-06-14 00:08:28.140585', '2026-06-14 00:08:28.140585'),
('1652', '50', '10', '1', NULL, 'seed', NULL, '2026-06-14 00:08:28.140585', '2026-06-14 00:08:28.140585'),
('1653', '50', '11', '1', NULL, 'seed', NULL, '2026-06-14 00:08:28.140585', '2026-06-14 00:08:28.140585'),
('1654', '50', '12', '1', NULL, 'seed', NULL, '2026-06-14 00:08:28.140585', '2026-06-14 00:08:28.140585'),
('1655', '50', '13', '1', NULL, 'seed', NULL, '2026-06-14 00:08:28.140585', '2026-06-14 00:08:28.140585'),
('1656', '50', '14', '1', NULL, 'seed', NULL, '2026-06-14 00:08:28.140585', '2026-06-14 00:08:28.140585'),
('1657', '50', '15', '1', NULL, 'seed', NULL, '2026-06-14 00:08:28.140585', '2026-06-14 00:08:28.140585'),
('1658', '50', '16', '1', NULL, 'seed', NULL, '2026-06-14 00:08:28.140585', '2026-06-14 00:08:28.140585'),
('1659', '50', '17', '1', NULL, 'seed', NULL, '2026-06-14 00:08:28.140585', '2026-06-14 00:08:28.140585'),
('1660', '50', '18', '2', NULL, 'seed', NULL, '2026-06-14 00:08:28.140585', '2026-06-14 00:08:28.140585'),
('1661', '50', '19', '1', NULL, 'seed', NULL, '2026-06-14 00:08:28.140585', '2026-06-14 00:08:28.140585'),
('1662', '50', '20', '2', NULL, 'seed', NULL, '2026-06-14 00:08:28.140585', '2026-06-14 00:08:28.140585'),
('1663', '50', '21', '1', NULL, 'seed', NULL, '2026-06-14 00:08:28.140585', '2026-06-14 00:08:28.140585'),
('1664', '50', '22', '1', NULL, 'seed', NULL, '2026-06-14 00:08:28.140585', '2026-06-14 00:08:28.140585'),
('1665', '50', '23', '1', NULL, 'seed', NULL, '2026-06-14 00:08:28.140585', '2026-06-14 00:08:28.140585'),
('1666', '50', '24', '1', NULL, 'seed', NULL, '2026-06-14 00:08:28.140585', '2026-06-14 00:08:28.140585'),
('1667', '50', '25', '1', NULL, 'seed', NULL, '2026-06-14 00:08:28.140585', '2026-06-14 00:08:28.140585'),
('1668', '50', '26', '1', NULL, 'seed', NULL, '2026-06-14 00:08:28.140585', '2026-06-14 00:08:28.140585'),
('1669', '50', '27', '1', NULL, 'seed', NULL, '2026-06-14 00:08:28.140585', '2026-06-14 00:08:28.140585'),
('1670', '50', '28', '1', NULL, 'seed', NULL, '2026-06-14 00:08:28.140585', '2026-06-14 00:08:28.140585'),
('1671', '50', '29', '1', NULL, 'seed', NULL, '2026-06-14 00:08:28.140585', '2026-06-14 00:08:28.140585'),
('1672', '50', '30', '2', NULL, 'seed', NULL, '2026-06-14 00:08:28.140585', '2026-06-14 00:08:28.140585'),
('1673', '50', '31', '2', NULL, 'seed', NULL, '2026-06-14 00:08:28.140585', '2026-06-14 00:08:28.140585'),
('1674', '50', '32', '2', NULL, 'seed', NULL, '2026-06-14 00:08:28.140585', '2026-06-14 00:08:28.140585'),
('1675', '50', '33', '1', NULL, 'seed', NULL, '2026-06-14 00:08:28.140585', '2026-06-14 00:08:28.140585'),
('1676', '50', '34', '2', NULL, 'seed', NULL, '2026-06-14 00:08:28.140585', '2026-06-14 00:08:28.140585'),
('1677', '50', '35', '1', NULL, 'seed', NULL, '2026-06-14 00:08:28.140585', '2026-06-14 00:08:28.140585'),
('1678', '50', '36', '2', NULL, 'seed', NULL, '2026-06-14 00:08:28.140585', '2026-06-14 00:08:28.140585'),
('1679', '50', '37', '1', NULL, 'seed', NULL, '2026-06-14 00:08:28.140585', '2026-06-14 00:08:28.140585'),
('1680', '51', '1', '2', NULL, 'seed', NULL, '2026-06-14 00:08:28.140585', '2026-06-14 00:08:28.140585'),
('1681', '51', '2', '2', NULL, 'seed', NULL, '2026-06-14 00:08:28.140585', '2026-06-14 00:08:28.140585'),
('1682', '51', '3', '1', NULL, 'seed', NULL, '2026-06-14 00:08:28.140585', '2026-06-14 00:08:28.140585'),
('1683', '51', '4', '1', NULL, 'seed', NULL, '2026-06-14 00:08:28.140585', '2026-06-14 00:08:28.140585'),
('1684', '51', '5', '1', NULL, 'seed', NULL, '2026-06-14 00:08:28.140585', '2026-06-14 00:08:28.140585'),
('1685', '51', '6', '2', NULL, 'seed', NULL, '2026-06-14 00:08:28.140585', '2026-06-14 00:08:28.140585'),
('1686', '51', '7', '2', NULL, 'seed', NULL, '2026-06-14 00:08:28.140585', '2026-06-14 00:08:28.140585'),
('1687', '51', '8', '1', NULL, 'seed', NULL, '2026-06-14 00:08:28.140585', '2026-06-14 00:08:28.140585'),
('1688', '51', '9', '1', NULL, 'seed', NULL, '2026-06-14 00:08:28.140585', '2026-06-14 00:08:28.140585'),
('1689', '51', '10', '1', NULL, 'seed', NULL, '2026-06-14 00:08:28.140585', '2026-06-14 00:08:28.140585'),
('1690', '51', '11', '1', NULL, 'seed', NULL, '2026-06-14 00:08:28.140585', '2026-06-14 00:08:28.140585'),
('1691', '51', '12', '1', NULL, 'seed', NULL, '2026-06-14 00:08:28.140585', '2026-06-14 00:08:28.140585'),
('1692', '51', '13', '1', NULL, 'seed', NULL, '2026-06-14 00:08:28.140585', '2026-06-14 00:08:28.140585'),
('1693', '51', '14', '1', NULL, 'seed', NULL, '2026-06-14 00:08:28.140585', '2026-06-14 00:08:28.140585'),
('1694', '51', '15', '1', NULL, 'seed', NULL, '2026-06-14 00:08:28.140585', '2026-06-14 00:08:28.140585'),
('1695', '51', '16', '1', NULL, 'seed', NULL, '2026-06-14 00:08:28.140585', '2026-06-14 00:08:28.140585'),
('1696', '51', '17', '1', NULL, 'seed', NULL, '2026-06-14 00:08:28.140585', '2026-06-14 00:08:28.140585'),
('1697', '51', '18', '2', NULL, 'seed', NULL, '2026-06-14 00:08:28.140585', '2026-06-14 00:08:28.140585'),
('1698', '51', '19', '1', NULL, 'seed', NULL, '2026-06-14 00:08:28.140585', '2026-06-14 00:08:28.140585'),
('1699', '51', '20', '1', NULL, 'seed', NULL, '2026-06-14 00:08:28.140585', '2026-06-14 00:08:28.140585'),
('1700', '51', '21', '1', NULL, 'seed', NULL, '2026-06-14 00:08:28.140585', '2026-06-14 00:08:28.140585'),
('1701', '51', '22', '2', NULL, 'seed', NULL, '2026-06-14 00:08:28.140585', '2026-06-14 00:08:28.140585'),
('1702', '51', '23', '2', NULL, 'seed', NULL, '2026-06-14 00:08:28.140585', '2026-06-14 00:08:28.140585'),
('1703', '51', '24', '2', NULL, 'seed', NULL, '2026-06-14 00:08:28.140585', '2026-06-14 00:08:28.140585'),
('1704', '51', '25', '2', NULL, 'seed', NULL, '2026-06-14 00:08:28.140585', '2026-06-14 00:08:28.140585'),
('1705', '51', '26', '2', NULL, 'seed', NULL, '2026-06-14 00:08:28.140585', '2026-06-14 00:08:28.140585'),
('1706', '51', '27', '1', NULL, 'seed', NULL, '2026-06-14 00:08:28.140585', '2026-06-14 00:08:28.140585'),
('1707', '51', '28', '1', NULL, 'seed', NULL, '2026-06-14 00:08:28.140585', '2026-06-14 00:08:28.140585'),
('1708', '51', '29', '1', NULL, 'seed', NULL, '2026-06-14 00:08:28.140585', '2026-06-14 00:08:28.140585'),
('1709', '51', '30', '2', NULL, 'seed', NULL, '2026-06-14 00:08:28.140585', '2026-06-14 00:08:28.140585'),
('1710', '51', '31', '2', NULL, 'seed', NULL, '2026-06-14 00:08:28.140585', '2026-06-14 00:08:28.140585'),
('1711', '51', '32', '1', NULL, 'seed', NULL, '2026-06-14 00:08:28.140585', '2026-06-14 00:08:28.140585'),
('1712', '51', '33', '2', NULL, 'seed', NULL, '2026-06-14 00:08:28.140585', '2026-06-14 00:08:28.140585'),
('1713', '51', '34', '2', NULL, 'seed', NULL, '2026-06-14 00:08:28.140585', '2026-06-14 00:08:28.140585'),
('1714', '51', '35', '1', NULL, 'seed', NULL, '2026-06-14 00:08:28.140585', '2026-06-14 00:08:28.140585'),
('1715', '51', '36', '2', NULL, 'seed', NULL, '2026-06-14 00:08:28.140585', '2026-06-14 00:08:28.140585'),
('1716', '51', '37', '2', NULL, 'seed', NULL, '2026-06-14 00:08:28.140585', '2026-06-14 00:08:28.140585'),
('1717', '52', '6', '1', NULL, 'seed', NULL, '2026-06-14 00:08:28.140585', '2026-06-14 00:08:28.140585'),
('1718', '52', '7', '1', NULL, 'seed', NULL, '2026-06-14 00:08:28.140585', '2026-06-14 00:08:28.140585'),
('1719', '52', '8', '1', NULL, 'seed', NULL, '2026-06-14 00:08:28.140585', '2026-06-14 00:08:28.140585'),
('1720', '52', '9', '1', NULL, 'seed', NULL, '2026-06-14 00:08:28.140585', '2026-06-14 00:08:28.140585'),
('1721', '52', '10', '1', NULL, 'seed', NULL, '2026-06-14 00:08:28.140585', '2026-06-14 00:08:28.140585'),
('1722', '52', '11', '1', NULL, 'seed', NULL, '2026-06-14 00:08:28.140585', '2026-06-14 00:08:28.140585'),
('1723', '52', '12', '1', NULL, 'seed', NULL, '2026-06-14 00:08:28.140585', '2026-06-14 00:08:28.140585'),
('1724', '52', '13', '1', NULL, 'seed', NULL, '2026-06-14 00:08:28.140585', '2026-06-14 00:08:28.140585'),
('1725', '52', '14', '1', NULL, 'seed', NULL, '2026-06-14 00:08:28.140585', '2026-06-14 00:08:28.140585'),
('1726', '52', '15', '1', NULL, 'seed', NULL, '2026-06-14 00:08:28.140585', '2026-06-14 00:08:28.140585'),
('1727', '52', '16', '1', NULL, 'seed', NULL, '2026-06-14 00:08:28.140585', '2026-06-14 00:08:28.140585'),
('1728', '52', '17', '1', NULL, 'seed', NULL, '2026-06-14 00:08:28.140585', '2026-06-14 00:08:28.140585'),
('1729', '52', '18', '1', NULL, 'seed', NULL, '2026-06-14 00:08:28.140585', '2026-06-14 00:08:28.140585'),
('1730', '52', '19', '1', NULL, 'seed', NULL, '2026-06-14 00:08:28.140585', '2026-06-14 00:08:28.140585'),
('1731', '52', '20', '1', NULL, 'seed', NULL, '2026-06-14 00:08:28.140585', '2026-06-14 00:08:28.140585'),
('1732', '52', '21', '2', NULL, 'seed', NULL, '2026-06-14 00:08:28.140585', '2026-06-14 00:08:28.140585'),
('1733', '52', '22', '1', NULL, 'seed', NULL, '2026-06-14 00:08:28.140585', '2026-06-14 00:08:28.140585'),
('1734', '52', '23', '1', NULL, 'seed', NULL, '2026-06-14 00:08:28.140585', '2026-06-14 00:08:28.140585'),
('1735', '52', '24', '1', NULL, 'seed', NULL, '2026-06-14 00:08:28.140585', '2026-06-14 00:08:28.140585'),
('1736', '52', '25', '1', NULL, 'seed', NULL, '2026-06-14 00:08:28.140585', '2026-06-14 00:08:28.140585'),
('1737', '52', '26', '1', NULL, 'seed', NULL, '2026-06-14 00:08:28.140585', '2026-06-14 00:08:28.140585'),
('1738', '52', '27', '1', NULL, 'seed', NULL, '2026-06-14 00:08:28.140585', '2026-06-14 00:08:28.140585'),
('1739', '52', '28', '1', NULL, 'seed', NULL, '2026-06-14 00:08:28.140585', '2026-06-14 00:08:28.140585'),
('1740', '52', '29', '1', NULL, 'seed', NULL, '2026-06-14 00:08:28.140585', '2026-06-14 00:08:28.140585'),
('1741', '52', '30', '1', NULL, 'seed', NULL, '2026-06-14 00:08:28.140585', '2026-06-14 00:08:28.140585'),
('1742', '52', '31', '1', NULL, 'seed', NULL, '2026-06-14 00:08:28.140585', '2026-06-14 00:08:28.140585'),
('1743', '52', '32', '1', NULL, 'seed', NULL, '2026-06-14 00:08:28.140585', '2026-06-14 00:08:28.140585'),
('1744', '52', '33', '1', NULL, 'seed', NULL, '2026-06-14 00:08:28.140585', '2026-06-14 00:08:28.140585'),
('1745', '52', '34', '1', NULL, 'seed', NULL, '2026-06-14 00:08:28.140585', '2026-06-14 00:08:28.140585'),
('1746', '52', '35', '1', NULL, 'seed', NULL, '2026-06-14 00:08:28.140585', '2026-06-14 00:08:28.140585'),
('1747', '52', '36', '1', NULL, 'seed', NULL, '2026-06-14 00:08:28.140585', '2026-06-14 00:08:28.140585'),
('1748', '52', '37', '1', NULL, 'seed', NULL, '2026-06-14 00:08:28.140585', '2026-06-14 00:08:28.140585'),
('1749', '53', '1', '1', NULL, 'seed', NULL, '2026-06-14 00:08:28.140585', '2026-06-14 00:08:28.140585'),
('1750', '53', '2', '1', NULL, 'seed', NULL, '2026-06-14 00:08:28.140585', '2026-06-14 00:08:28.140585'),
('1751', '53', '3', '1', NULL, 'seed', NULL, '2026-06-14 00:08:28.140585', '2026-06-14 00:08:28.140585'),
('1752', '53', '4', '1', NULL, 'seed', NULL, '2026-06-14 00:08:28.140585', '2026-06-14 00:08:28.140585'),
('1753', '53', '5', '1', NULL, 'seed', NULL, '2026-06-14 00:08:28.140585', '2026-06-14 00:08:28.140585'),
('1754', '53', '6', '1', NULL, 'seed', NULL, '2026-06-14 00:08:28.140585', '2026-06-14 00:08:28.140585'),
('1755', '53', '7', '1', NULL, 'seed', NULL, '2026-06-14 00:08:28.140585', '2026-06-14 00:08:28.140585'),
('1756', '53', '8', '1', NULL, 'seed', NULL, '2026-06-14 00:08:28.140585', '2026-06-14 00:08:28.140585'),
('1757', '53', '9', '3', NULL, 'seed', NULL, '2026-06-14 00:08:28.140585', '2026-06-14 00:08:28.140585'),
('1758', '53', '10', '1', NULL, 'seed', NULL, '2026-06-14 00:08:28.140585', '2026-06-14 00:08:28.140585'),
('1759', '53', '11', '1', NULL, 'seed', NULL, '2026-06-14 00:08:28.140585', '2026-06-14 00:08:28.140585'),
('1760', '53', '12', '1', NULL, 'seed', NULL, '2026-06-14 00:08:28.140585', '2026-06-14 00:08:28.140585'),
('1761', '53', '13', '2', NULL, 'seed', NULL, '2026-06-14 00:08:28.140585', '2026-06-14 00:08:28.140585'),
('1762', '53', '14', '3', NULL, 'seed', NULL, '2026-06-14 00:08:28.140585', '2026-06-14 00:08:28.140585'),
('1763', '53', '15', '2', NULL, 'seed', NULL, '2026-06-14 00:08:28.140585', '2026-06-14 00:08:28.140585'),
('1764', '53', '16', '1', NULL, 'seed', NULL, '2026-06-14 00:08:28.140585', '2026-06-14 00:08:28.140585'),
('1765', '53', '17', '1', NULL, 'seed', NULL, '2026-06-14 00:08:28.140585', '2026-06-14 00:08:28.140585'),
('1766', '53', '18', '1', NULL, 'seed', NULL, '2026-06-14 00:08:28.140585', '2026-06-14 00:08:28.140585'),
('1767', '53', '19', '1', NULL, 'seed', NULL, '2026-06-14 00:08:28.140585', '2026-06-14 00:08:28.140585'),
('1768', '53', '20', '1', NULL, 'seed', NULL, '2026-06-14 00:08:28.140585', '2026-06-14 00:08:28.140585'),
('1769', '53', '21', '1', NULL, 'seed', NULL, '2026-06-14 00:08:28.140585', '2026-06-14 00:08:28.140585'),
('1770', '53', '22', '2', NULL, 'seed', NULL, '2026-06-14 00:08:28.140585', '2026-06-14 00:08:28.140585'),
('1771', '53', '23', '2', NULL, 'seed', NULL, '2026-06-14 00:08:28.140585', '2026-06-14 00:08:28.140585'),
('1772', '53', '24', '1', NULL, 'seed', NULL, '2026-06-14 00:08:28.140585', '2026-06-14 00:08:28.140585'),
('1773', '53', '25', '1', NULL, 'seed', NULL, '2026-06-14 00:08:28.140585', '2026-06-14 00:08:28.140585'),
('1774', '53', '26', '1', NULL, 'seed', NULL, '2026-06-14 00:08:28.140585', '2026-06-14 00:08:28.140585'),
('1775', '53', '27', '1', NULL, 'seed', NULL, '2026-06-14 00:08:28.140585', '2026-06-14 00:08:28.140585'),
('1776', '53', '28', '1', NULL, 'seed', NULL, '2026-06-14 00:08:28.140585', '2026-06-14 00:08:28.140585'),
('1777', '53', '29', '1', NULL, 'seed', NULL, '2026-06-14 00:08:28.140585', '2026-06-14 00:08:28.140585'),
('1778', '53', '30', '1', NULL, 'seed', NULL, '2026-06-14 00:08:28.140585', '2026-06-14 00:08:28.140585'),
('1779', '53', '31', '1', NULL, 'seed', NULL, '2026-06-14 00:08:28.140585', '2026-06-14 00:08:28.140585'),
('1780', '53', '32', '1', NULL, 'seed', NULL, '2026-06-14 00:08:28.140585', '2026-06-14 00:08:28.140585'),
('1781', '53', '33', '1', NULL, 'seed', NULL, '2026-06-14 00:08:28.140585', '2026-06-14 00:08:28.140585'),
('1782', '53', '34', '1', NULL, 'seed', NULL, '2026-06-14 00:08:28.140585', '2026-06-14 00:08:28.140585'),
('1783', '53', '35', '1', NULL, 'seed', NULL, '2026-06-14 00:08:28.140585', '2026-06-14 00:08:28.140585'),
('1784', '53', '36', '1', NULL, 'seed', NULL, '2026-06-14 00:08:28.140585', '2026-06-14 00:08:28.140585'),
('1785', '53', '37', '1', NULL, 'seed', NULL, '2026-06-14 00:08:28.140585', '2026-06-14 00:08:28.140585'),
('1786', '54', '14', '1', NULL, 'seed', NULL, '2026-06-14 00:08:28.140585', '2026-06-14 00:08:28.140585'),
('1787', '54', '15', '1', NULL, 'seed', NULL, '2026-06-14 00:08:28.140585', '2026-06-14 00:08:28.140585'),
('1788', '54', '16', '1', NULL, 'seed', NULL, '2026-06-14 00:08:28.140585', '2026-06-14 00:08:28.140585'),
('1789', '54', '17', '2', NULL, 'seed', NULL, '2026-06-14 00:08:28.140585', '2026-06-14 00:08:28.140585'),
('1790', '54', '18', '1', NULL, 'seed', NULL, '2026-06-14 00:08:28.140585', '2026-06-14 00:08:28.140585'),
('1791', '54', '19', '1', NULL, 'seed', NULL, '2026-06-14 00:08:28.140585', '2026-06-14 00:08:28.140585'),
('1792', '54', '20', '1', NULL, 'seed', NULL, '2026-06-14 00:08:28.140585', '2026-06-14 00:08:28.140585'),
('1793', '54', '21', '1', NULL, 'seed', NULL, '2026-06-14 00:08:28.140585', '2026-06-14 00:08:28.140585'),
('1794', '54', '22', '1', NULL, 'seed', NULL, '2026-06-14 00:08:28.140585', '2026-06-14 00:08:28.140585'),
('1795', '54', '23', '1', NULL, 'seed', NULL, '2026-06-14 00:08:28.140585', '2026-06-14 00:08:28.140585'),
('1796', '54', '24', '1', NULL, 'seed', NULL, '2026-06-14 00:08:28.140585', '2026-06-14 00:08:28.140585'),
('1797', '54', '25', '1', NULL, 'seed', NULL, '2026-06-14 00:08:28.140585', '2026-06-14 00:08:28.140585'),
('1798', '54', '26', '1', NULL, 'seed', NULL, '2026-06-14 00:08:28.140585', '2026-06-14 00:08:28.140585'),
('1799', '54', '27', '1', NULL, 'seed', NULL, '2026-06-14 00:08:28.140585', '2026-06-14 00:08:28.140585'),
('1800', '54', '28', '1', NULL, 'seed', NULL, '2026-06-14 00:08:28.140585', '2026-06-14 00:08:28.140585'),
('1801', '54', '29', '1', NULL, 'seed', NULL, '2026-06-14 00:08:28.140585', '2026-06-14 00:08:28.140585'),
('1802', '54', '30', '2', NULL, 'seed', NULL, '2026-06-14 00:08:28.140585', '2026-06-14 00:08:28.140585'),
('1803', '54', '31', '1', NULL, 'seed', NULL, '2026-06-14 00:08:28.140585', '2026-06-14 00:08:28.140585'),
('1804', '54', '32', '1', NULL, 'seed', NULL, '2026-06-14 00:08:28.140585', '2026-06-14 00:08:28.140585'),
('1805', '54', '33', '2', NULL, 'seed', NULL, '2026-06-14 00:08:28.140585', '2026-06-14 00:08:28.140585'),
('1806', '54', '34', '2', NULL, 'seed', NULL, '2026-06-14 00:08:28.140585', '2026-06-14 00:08:28.140585'),
('1807', '54', '35', '2', NULL, 'seed', NULL, '2026-06-14 00:08:28.140585', '2026-06-14 00:08:28.140585'),
('1808', '54', '36', '2', NULL, 'seed', NULL, '2026-06-14 00:08:28.140585', '2026-06-14 00:08:28.140585'),
('1809', '54', '37', '2', NULL, 'seed', NULL, '2026-06-14 00:08:28.140585', '2026-06-14 00:08:28.140585'),
('1810', '55', '1', '1', NULL, 'seed', NULL, '2026-06-14 00:08:28.140585', '2026-06-14 00:08:28.140585'),
('1811', '55', '2', '1', NULL, 'seed', NULL, '2026-06-14 00:08:28.140585', '2026-06-14 00:08:28.140585'),
('1812', '55', '3', '1', NULL, 'seed', NULL, '2026-06-14 00:08:28.140585', '2026-06-14 00:08:28.140585'),
('1813', '55', '4', '1', NULL, 'seed', NULL, '2026-06-14 00:08:28.140585', '2026-06-14 00:08:28.140585'),
('1814', '55', '5', '1', NULL, 'seed', NULL, '2026-06-14 00:08:28.140585', '2026-06-14 00:08:28.140585'),
('1815', '55', '6', '1', NULL, 'seed', NULL, '2026-06-14 00:08:28.140585', '2026-06-14 00:08:28.140585'),
('1816', '55', '7', '1', NULL, 'seed', NULL, '2026-06-14 00:08:28.140585', '2026-06-14 00:08:28.140585'),
('1817', '55', '8', '1', NULL, 'seed', NULL, '2026-06-14 00:08:28.140585', '2026-06-14 00:08:28.140585'),
('1818', '55', '9', '1', NULL, 'seed', NULL, '2026-06-14 00:08:28.140585', '2026-06-14 00:08:28.140585'),
('1819', '55', '10', '1', NULL, 'seed', NULL, '2026-06-14 00:08:28.140585', '2026-06-14 00:08:28.140585'),
('1820', '55', '11', '1', NULL, 'seed', NULL, '2026-06-14 00:08:28.140585', '2026-06-14 00:08:28.140585'),
('1821', '55', '12', '1', NULL, 'seed', NULL, '2026-06-14 00:08:28.140585', '2026-06-14 00:08:28.140585'),
('1822', '55', '13', '1', NULL, 'seed', NULL, '2026-06-14 00:08:28.140585', '2026-06-14 00:08:28.140585'),
('1823', '55', '14', '1', NULL, 'seed', NULL, '2026-06-14 00:08:28.140585', '2026-06-14 00:08:28.140585'),
('1824', '55', '15', '1', NULL, 'seed', NULL, '2026-06-14 00:08:28.140585', '2026-06-14 00:08:28.140585'),
('1825', '55', '16', '1', NULL, 'seed', NULL, '2026-06-14 00:08:28.140585', '2026-06-14 00:08:28.140585'),
('1826', '55', '17', '1', NULL, 'seed', NULL, '2026-06-14 00:08:28.140585', '2026-06-14 00:08:28.140585'),
('1827', '55', '18', '1', NULL, 'seed', NULL, '2026-06-14 00:08:28.140585', '2026-06-14 00:08:28.140585'),
('1828', '55', '19', '1', NULL, 'seed', NULL, '2026-06-14 00:08:28.140585', '2026-06-14 00:08:28.140585'),
('1829', '55', '20', '1', NULL, 'seed', NULL, '2026-06-14 00:08:28.140585', '2026-06-14 00:08:28.140585'),
('1830', '55', '21', '1', NULL, 'seed', NULL, '2026-06-14 00:08:28.140585', '2026-06-14 00:08:28.140585'),
('1831', '55', '22', '1', NULL, 'seed', NULL, '2026-06-14 00:08:28.140585', '2026-06-14 00:08:28.140585'),
('1832', '55', '23', '1', NULL, 'seed', NULL, '2026-06-14 00:08:28.140585', '2026-06-14 00:08:28.140585'),
('1833', '55', '24', '1', NULL, 'seed', NULL, '2026-06-14 00:08:28.140585', '2026-06-14 00:08:28.140585'),
('1834', '55', '25', '1', NULL, 'seed', NULL, '2026-06-14 00:08:28.140585', '2026-06-14 00:08:28.140585'),
('1835', '55', '26', '1', NULL, 'seed', NULL, '2026-06-14 00:08:28.140585', '2026-06-14 00:08:28.140585'),
('1836', '55', '27', '1', NULL, 'seed', NULL, '2026-06-14 00:08:28.140585', '2026-06-14 00:08:28.140585'),
('1837', '55', '28', '1', NULL, 'seed', NULL, '2026-06-14 00:08:28.140585', '2026-06-14 00:08:28.140585'),
('1838', '55', '29', '1', NULL, 'seed', NULL, '2026-06-14 00:08:28.140585', '2026-06-14 00:08:28.140585'),
('1839', '55', '30', '1', NULL, 'seed', NULL, '2026-06-14 00:08:28.140585', '2026-06-14 00:08:28.140585'),
('1840', '55', '31', '1', NULL, 'seed', NULL, '2026-06-14 00:08:28.140585', '2026-06-14 00:08:28.140585'),
('1841', '55', '32', '1', NULL, 'seed', NULL, '2026-06-14 00:08:28.140585', '2026-06-14 00:08:28.140585'),
('1842', '55', '33', '1', NULL, 'seed', NULL, '2026-06-14 00:08:28.140585', '2026-06-14 00:08:28.140585'),
('1843', '55', '34', '1', NULL, 'seed', NULL, '2026-06-14 00:08:28.140585', '2026-06-14 00:08:28.140585'),
('1844', '55', '35', '1', NULL, 'seed', NULL, '2026-06-14 00:08:28.140585', '2026-06-14 00:08:28.140585'),
('1845', '55', '36', '1', NULL, 'seed', NULL, '2026-06-14 00:08:28.140585', '2026-06-14 00:08:28.140585'),
('1846', '55', '37', '2', NULL, 'seed', NULL, '2026-06-14 00:08:28.140585', '2026-06-14 00:08:28.140585'),
('1847', '56', '1', '1', NULL, 'seed', NULL, '2026-06-14 00:08:28.140585', '2026-06-14 00:08:28.140585'),
('1848', '56', '2', '1', NULL, 'seed', NULL, '2026-06-14 00:08:28.140585', '2026-06-14 00:08:28.140585'),
('1849', '56', '3', '1', NULL, 'seed', NULL, '2026-06-14 00:08:28.140585', '2026-06-14 00:08:28.140585'),
('1850', '56', '4', '1', NULL, 'seed', NULL, '2026-06-14 00:08:28.140585', '2026-06-14 00:08:28.140585'),
('1851', '56', '5', '1', NULL, 'seed', NULL, '2026-06-14 00:08:28.140585', '2026-06-14 00:08:28.140585'),
('1852', '56', '6', '1', NULL, 'seed', NULL, '2026-06-14 00:08:28.140585', '2026-06-14 00:08:28.140585'),
('1853', '56', '7', '1', NULL, 'seed', NULL, '2026-06-14 00:08:28.140585', '2026-06-14 00:08:28.140585'),
('1854', '56', '8', '1', NULL, 'seed', NULL, '2026-06-14 00:08:28.140585', '2026-06-14 00:08:28.140585'),
('1855', '56', '9', '1', NULL, 'seed', NULL, '2026-06-14 00:08:28.140585', '2026-06-14 00:08:28.140585'),
('1856', '56', '10', '1', NULL, 'seed', NULL, '2026-06-14 00:08:28.140585', '2026-06-14 00:08:28.140585'),
('1857', '56', '11', '1', NULL, 'seed', NULL, '2026-06-14 00:08:28.140585', '2026-06-14 00:08:28.140585'),
('1858', '56', '12', '1', NULL, 'seed', NULL, '2026-06-14 00:08:28.140585', '2026-06-14 00:08:28.140585'),
('1859', '56', '13', '1', NULL, 'seed', NULL, '2026-06-14 00:08:28.140585', '2026-06-14 00:08:28.140585'),
('1860', '56', '14', '1', NULL, 'seed', NULL, '2026-06-14 00:08:28.140585', '2026-06-14 00:08:28.140585'),
('1861', '56', '15', '1', NULL, 'seed', NULL, '2026-06-14 00:08:28.140585', '2026-06-14 00:08:28.140585'),
('1862', '56', '16', '1', NULL, 'seed', NULL, '2026-06-14 00:08:28.140585', '2026-06-14 00:08:28.140585'),
('1863', '56', '17', '1', NULL, 'seed', NULL, '2026-06-14 00:08:28.140585', '2026-06-14 00:08:28.140585'),
('1864', '56', '18', '1', NULL, 'seed', NULL, '2026-06-14 00:08:28.140585', '2026-06-14 00:08:28.140585'),
('1865', '56', '19', '1', NULL, 'seed', NULL, '2026-06-14 00:08:28.140585', '2026-06-14 00:08:28.140585'),
('1866', '56', '20', '1', NULL, 'seed', NULL, '2026-06-14 00:08:28.140585', '2026-06-14 00:08:28.140585'),
('1867', '56', '21', '1', NULL, 'seed', NULL, '2026-06-14 00:08:28.140585', '2026-06-14 00:08:28.140585'),
('1868', '56', '22', '1', NULL, 'seed', NULL, '2026-06-14 00:08:28.140585', '2026-06-14 00:08:28.140585'),
('1869', '56', '23', '1', NULL, 'seed', NULL, '2026-06-14 00:08:28.140585', '2026-06-14 00:08:28.140585'),
('1870', '56', '24', '1', NULL, 'seed', NULL, '2026-06-14 00:08:28.140585', '2026-06-14 00:08:28.140585'),
('1871', '56', '25', '1', NULL, 'seed', NULL, '2026-06-14 00:08:28.140585', '2026-06-14 00:08:28.140585'),
('1872', '56', '26', '1', NULL, 'seed', NULL, '2026-06-14 00:08:28.140585', '2026-06-14 00:08:28.140585'),
('1873', '56', '27', '1', NULL, 'seed', NULL, '2026-06-14 00:08:28.140585', '2026-06-14 00:08:28.140585'),
('1874', '56', '28', '1', NULL, 'seed', NULL, '2026-06-14 00:08:28.140585', '2026-06-14 00:08:28.140585'),
('1875', '56', '29', '1', NULL, 'seed', NULL, '2026-06-14 00:08:28.140585', '2026-06-14 00:08:28.140585'),
('1876', '56', '30', '1', NULL, 'seed', NULL, '2026-06-14 00:08:28.140585', '2026-06-14 00:08:28.140585'),
('1877', '56', '31', '1', NULL, 'seed', NULL, '2026-06-14 00:08:28.140585', '2026-06-14 00:08:28.140585'),
('1878', '56', '32', '1', NULL, 'seed', NULL, '2026-06-14 00:08:28.140585', '2026-06-14 00:08:28.140585'),
('1879', '56', '33', '2', NULL, 'seed', NULL, '2026-06-14 00:08:28.140585', '2026-06-14 00:08:28.140585'),
('1880', '56', '34', '1', NULL, 'seed', NULL, '2026-06-14 00:08:28.140585', '2026-06-14 00:08:28.140585'),
('1881', '56', '35', '1', NULL, 'seed', NULL, '2026-06-14 00:08:28.140585', '2026-06-14 00:08:28.140585'),
('1882', '56', '36', '1', NULL, 'seed', NULL, '2026-06-14 00:08:28.140585', '2026-06-14 00:08:28.140585'),
('1883', '56', '37', '2', NULL, 'seed', NULL, '2026-06-14 00:08:28.140585', '2026-06-14 00:08:28.140585'),
('1884', '57', '15', '1', NULL, 'seed', NULL, '2026-06-14 00:08:28.140585', '2026-06-14 00:08:28.140585'),
('1885', '57', '16', '1', NULL, 'seed', NULL, '2026-06-14 00:08:28.140585', '2026-06-14 00:08:28.140585'),
('1886', '57', '17', '2', NULL, 'seed', NULL, '2026-06-14 00:08:28.140585', '2026-06-14 00:08:28.140585'),
('1887', '57', '18', '1', NULL, 'seed', NULL, '2026-06-14 00:08:28.140585', '2026-06-14 00:08:28.140585'),
('1888', '57', '19', '2', NULL, 'seed', NULL, '2026-06-14 00:08:28.140585', '2026-06-14 00:08:28.140585'),
('1889', '57', '20', '1', NULL, 'seed', NULL, '2026-06-14 00:08:28.140585', '2026-06-14 00:08:28.140585'),
('1890', '57', '21', '1', NULL, 'seed', NULL, '2026-06-14 00:08:28.140585', '2026-06-14 00:08:28.140585'),
('1891', '57', '22', '1', NULL, 'seed', NULL, '2026-06-14 00:08:28.140585', '2026-06-14 00:08:28.140585'),
('1892', '57', '23', '1', NULL, 'seed', NULL, '2026-06-14 00:08:28.140585', '2026-06-14 00:08:28.140585'),
('1893', '57', '24', '2', NULL, 'seed', NULL, '2026-06-14 00:08:28.140585', '2026-06-14 00:08:28.140585'),
('1894', '57', '25', '2', NULL, 'seed', NULL, '2026-06-14 00:08:28.140585', '2026-06-14 00:08:28.140585'),
('1895', '57', '26', '2', NULL, 'seed', NULL, '2026-06-14 00:08:28.140585', '2026-06-14 00:08:28.140585'),
('1896', '57', '27', '1', NULL, 'seed', NULL, '2026-06-14 00:08:28.140585', '2026-06-14 00:08:28.140585'),
('1897', '57', '28', '2', NULL, 'seed', NULL, '2026-06-14 00:08:28.140585', '2026-06-14 00:08:28.140585'),
('1898', '57', '29', '2', NULL, 'seed', NULL, '2026-06-14 00:08:28.140585', '2026-06-14 00:08:28.140585'),
('1899', '57', '30', '1', NULL, 'seed', NULL, '2026-06-14 00:08:28.140585', '2026-06-14 00:08:28.140585'),
('1900', '57', '31', '1', NULL, 'seed', NULL, '2026-06-14 00:08:28.140585', '2026-06-14 00:08:28.140585'),
('1901', '57', '32', '2', NULL, 'seed', NULL, '2026-06-14 00:08:28.140585', '2026-06-14 00:08:28.140585'),
('1902', '57', '33', '2', NULL, 'seed', NULL, '2026-06-14 00:08:28.140585', '2026-06-14 00:08:28.140585'),
('1903', '57', '34', '2', NULL, 'seed', NULL, '2026-06-14 00:08:28.140585', '2026-06-14 00:08:28.140585'),
('1904', '57', '35', '2', NULL, 'seed', NULL, '2026-06-14 00:08:28.140585', '2026-06-14 00:08:28.140585'),
('1905', '57', '36', '1', NULL, 'seed', NULL, '2026-06-14 00:08:28.140585', '2026-06-14 00:08:28.140585'),
('1906', '57', '37', '1', NULL, 'seed', NULL, '2026-06-14 00:08:28.140585', '2026-06-14 00:08:28.140585'),
('1907', '58', '1', '2', NULL, 'seed', NULL, '2026-06-14 00:08:28.140585', '2026-06-14 00:08:28.140585'),
('1908', '58', '2', '2', NULL, 'seed', NULL, '2026-06-14 00:08:28.140585', '2026-06-14 00:08:28.140585'),
('1909', '58', '3', '2', NULL, 'seed', NULL, '2026-06-14 00:08:28.140585', '2026-06-14 00:08:28.140585'),
('1910', '58', '4', '1', NULL, 'seed', NULL, '2026-06-14 00:08:28.140585', '2026-06-14 00:08:28.140585'),
('1911', '58', '5', '1', NULL, 'seed', NULL, '2026-06-14 00:08:28.140585', '2026-06-14 00:08:28.140585'),
('1912', '58', '6', '1', NULL, 'seed', NULL, '2026-06-14 00:08:28.140585', '2026-06-14 00:08:28.140585'),
('1913', '58', '7', '1', NULL, 'seed', NULL, '2026-06-14 00:08:28.140585', '2026-06-14 00:08:28.140585'),
('1914', '58', '8', '1', NULL, 'seed', NULL, '2026-06-14 00:08:28.140585', '2026-06-14 00:08:28.140585'),
('1915', '58', '9', '2', NULL, 'seed', NULL, '2026-06-14 00:08:28.140585', '2026-06-14 00:08:28.140585'),
('1916', '58', '10', '1', NULL, 'seed', NULL, '2026-06-14 00:08:28.140585', '2026-06-14 00:08:28.140585'),
('1917', '58', '11', '1', NULL, 'seed', NULL, '2026-06-14 00:08:28.140585', '2026-06-14 00:08:28.140585'),
('1918', '58', '12', '1', NULL, 'seed', NULL, '2026-06-14 00:08:28.140585', '2026-06-14 00:08:28.140585'),
('1919', '58', '13', '1', NULL, 'seed', NULL, '2026-06-14 00:08:28.140585', '2026-06-14 00:08:28.140585'),
('1920', '58', '14', '1', NULL, 'seed', NULL, '2026-06-14 00:08:28.140585', '2026-06-14 00:08:28.140585'),
('1921', '58', '15', '2', NULL, 'seed', NULL, '2026-06-14 00:08:28.140585', '2026-06-14 00:08:28.140585'),
('1922', '58', '16', '2', NULL, 'seed', NULL, '2026-06-14 00:08:28.140585', '2026-06-14 00:08:28.140585'),
('1923', '58', '17', '1', NULL, 'seed', NULL, '2026-06-14 00:08:28.140585', '2026-06-14 00:08:28.140585'),
('1924', '58', '18', '2', NULL, 'seed', NULL, '2026-06-14 00:08:28.140585', '2026-06-14 00:08:28.140585'),
('1925', '58', '19', '1', NULL, 'seed', NULL, '2026-06-14 00:08:28.140585', '2026-06-14 00:08:28.140585'),
('1926', '58', '20', '1', NULL, 'seed', NULL, '2026-06-14 00:08:28.140585', '2026-06-14 00:08:28.140585'),
('1927', '58', '21', '1', NULL, 'seed', NULL, '2026-06-14 00:08:28.140585', '2026-06-14 00:08:28.140585'),
('1928', '58', '22', '1', NULL, 'seed', NULL, '2026-06-14 00:08:28.140585', '2026-06-14 00:08:28.140585'),
('1929', '58', '23', '1', NULL, 'seed', NULL, '2026-06-14 00:08:28.140585', '2026-06-14 00:08:28.140585'),
('1930', '58', '24', '2', NULL, 'seed', NULL, '2026-06-14 00:08:28.140585', '2026-06-14 00:08:28.140585'),
('1931', '58', '25', '2', NULL, 'seed', NULL, '2026-06-14 00:08:28.140585', '2026-06-14 00:08:28.140585'),
('1932', '58', '26', '2', NULL, 'seed', NULL, '2026-06-14 00:08:28.140585', '2026-06-14 00:08:28.140585'),
('1933', '58', '27', '2', NULL, 'seed', NULL, '2026-06-14 00:08:28.140585', '2026-06-14 00:08:28.140585'),
('1934', '58', '28', '1', NULL, 'seed', NULL, '2026-06-14 00:08:28.140585', '2026-06-14 00:08:28.140585'),
('1935', '58', '29', '3', NULL, 'seed', NULL, '2026-06-14 00:08:28.140585', '2026-06-14 00:08:28.140585'),
('1936', '58', '30', '1', NULL, 'seed', NULL, '2026-06-14 00:08:28.140585', '2026-06-14 00:08:28.140585'),
('1937', '58', '31', '1', NULL, 'seed', NULL, '2026-06-14 00:08:28.140585', '2026-06-14 00:08:28.140585'),
('1938', '58', '32', '1', NULL, 'seed', NULL, '2026-06-14 00:08:28.140585', '2026-06-14 00:08:28.140585'),
('1939', '58', '33', '2', NULL, 'seed', NULL, '2026-06-14 00:08:28.140585', '2026-06-14 00:08:28.140585'),
('1940', '58', '34', '1', NULL, 'seed', NULL, '2026-06-14 00:08:28.140585', '2026-06-14 00:08:28.140585'),
('1941', '58', '35', '1', NULL, 'seed', NULL, '2026-06-14 00:08:28.140585', '2026-06-14 00:08:28.140585'),
('1942', '58', '36', '2', NULL, 'seed', NULL, '2026-06-14 00:08:28.140585', '2026-06-14 00:08:28.140585'),
('1943', '58', '37', '1', NULL, 'seed', NULL, '2026-06-14 00:08:28.140585', '2026-06-14 00:08:28.140585'),
('1944', '59', '1', '2', NULL, 'seed', NULL, '2026-06-14 00:08:28.140585', '2026-06-14 00:08:28.140585'),
('1945', '59', '2', '2', NULL, 'seed', NULL, '2026-06-14 00:08:28.140585', '2026-06-14 00:08:28.140585'),
('1946', '59', '3', '2', NULL, 'seed', NULL, '2026-06-14 00:08:28.140585', '2026-06-14 00:08:28.140585'),
('1947', '59', '4', '2', NULL, 'seed', NULL, '2026-06-14 00:08:28.140585', '2026-06-14 00:08:28.140585'),
('1948', '59', '5', '1', NULL, 'seed', NULL, '2026-06-14 00:08:28.140585', '2026-06-14 00:08:28.140585'),
('1949', '59', '6', '1', NULL, 'seed', NULL, '2026-06-14 00:08:28.140585', '2026-06-14 00:08:28.140585'),
('1950', '59', '7', '1', NULL, 'seed', NULL, '2026-06-14 00:08:28.140585', '2026-06-14 00:08:28.140585'),
('1951', '59', '8', '1', NULL, 'seed', NULL, '2026-06-14 00:08:28.140585', '2026-06-14 00:08:28.140585'),
('1952', '59', '9', '2', NULL, 'seed', NULL, '2026-06-14 00:08:28.140585', '2026-06-14 00:08:28.140585'),
('1953', '59', '10', '1', NULL, 'seed', NULL, '2026-06-14 00:08:28.140585', '2026-06-14 00:08:28.140585'),
('1954', '59', '11', '1', NULL, 'seed', NULL, '2026-06-14 00:08:28.140585', '2026-06-14 00:08:28.140585'),
('1955', '59', '12', '1', NULL, 'seed', NULL, '2026-06-14 00:08:28.140585', '2026-06-14 00:08:28.140585'),
('1956', '59', '13', '1', NULL, 'seed', NULL, '2026-06-14 00:08:28.140585', '2026-06-14 00:08:28.140585'),
('1957', '59', '14', '1', NULL, 'seed', NULL, '2026-06-14 00:08:28.140585', '2026-06-14 00:08:28.140585'),
('1958', '59', '15', '2', NULL, 'seed', NULL, '2026-06-14 00:08:28.140585', '2026-06-14 00:08:28.140585'),
('1959', '59', '16', '1', NULL, 'seed', NULL, '2026-06-14 00:08:28.140585', '2026-06-14 00:08:28.140585'),
('1960', '59', '17', '1', NULL, 'seed', NULL, '2026-06-14 00:08:28.140585', '2026-06-14 00:08:28.140585'),
('1961', '59', '18', '1', NULL, 'seed', NULL, '2026-06-14 00:08:28.140585', '2026-06-14 00:08:28.140585'),
('1962', '59', '19', '1', NULL, 'seed', NULL, '2026-06-14 00:08:28.140585', '2026-06-14 00:08:28.140585'),
('1963', '59', '20', '1', NULL, 'seed', NULL, '2026-06-14 00:08:28.140585', '2026-06-14 00:08:28.140585'),
('1964', '59', '21', '2', NULL, 'seed', NULL, '2026-06-14 00:08:28.140585', '2026-06-14 00:08:28.140585'),
('1965', '59', '22', '1', NULL, 'seed', NULL, '2026-06-14 00:08:28.140585', '2026-06-14 00:08:28.140585'),
('1966', '59', '23', '1', NULL, 'seed', NULL, '2026-06-14 00:08:28.140585', '2026-06-14 00:08:28.140585'),
('1967', '59', '24', '1', NULL, 'seed', NULL, '2026-06-14 00:08:28.140585', '2026-06-14 00:08:28.140585'),
('1968', '59', '25', '1', NULL, 'seed', NULL, '2026-06-14 00:08:28.140585', '2026-06-14 00:08:28.140585'),
('1969', '59', '26', '1', NULL, 'seed', NULL, '2026-06-14 00:08:28.140585', '2026-06-14 00:08:28.140585'),
('1970', '59', '27', '1', NULL, 'seed', NULL, '2026-06-14 00:08:28.140585', '2026-06-14 00:08:28.140585'),
('1971', '59', '28', '1', NULL, 'seed', NULL, '2026-06-14 00:08:28.140585', '2026-06-14 00:08:28.140585'),
('1972', '59', '29', '1', NULL, 'seed', NULL, '2026-06-14 00:08:28.140585', '2026-06-14 00:08:28.140585'),
('1973', '59', '30', '1', NULL, 'seed', NULL, '2026-06-14 00:08:28.140585', '2026-06-14 00:08:28.140585'),
('1974', '59', '31', '1', NULL, 'seed', NULL, '2026-06-14 00:08:28.140585', '2026-06-14 00:08:28.140585'),
('1975', '59', '32', '1', NULL, 'seed', NULL, '2026-06-14 00:08:28.140585', '2026-06-14 00:08:28.140585'),
('1976', '59', '33', '2', NULL, 'seed', NULL, '2026-06-14 00:08:28.140585', '2026-06-14 00:08:28.140585'),
('1977', '59', '34', '1', NULL, 'seed', NULL, '2026-06-14 00:08:28.140585', '2026-06-14 00:08:28.140585'),
('1978', '59', '35', '1', NULL, 'seed', NULL, '2026-06-14 00:08:28.140585', '2026-06-14 00:08:28.140585'),
('1979', '59', '36', '2', NULL, 'seed', NULL, '2026-06-14 00:08:28.140585', '2026-06-14 00:08:28.140585'),
('1980', '59', '37', '1', NULL, 'seed', NULL, '2026-06-14 00:08:28.140585', '2026-06-14 00:08:28.140585'),
('1981', '60', '1', '1', NULL, 'seed', NULL, '2026-06-14 00:08:28.140585', '2026-06-14 00:08:28.140585'),
('1982', '60', '2', '1', NULL, 'seed', NULL, '2026-06-14 00:08:28.140585', '2026-06-14 00:08:28.140585'),
('1983', '60', '3', '1', NULL, 'seed', NULL, '2026-06-14 00:08:28.140585', '2026-06-14 00:08:28.140585'),
('1984', '60', '4', '1', NULL, 'seed', NULL, '2026-06-14 00:08:28.140585', '2026-06-14 00:08:28.140585'),
('1985', '60', '5', '1', NULL, 'seed', NULL, '2026-06-14 00:08:28.140585', '2026-06-14 00:08:28.140585'),
('1986', '60', '6', '1', NULL, 'seed', NULL, '2026-06-14 00:08:28.140585', '2026-06-14 00:08:28.140585'),
('1987', '60', '7', '1', NULL, 'seed', NULL, '2026-06-14 00:08:28.140585', '2026-06-14 00:08:28.140585'),
('1988', '60', '8', '1', NULL, 'seed', NULL, '2026-06-14 00:08:28.140585', '2026-06-14 00:08:28.140585'),
('1989', '60', '9', '1', NULL, 'seed', NULL, '2026-06-14 00:08:28.140585', '2026-06-14 00:08:28.140585'),
('1990', '60', '10', '1', NULL, 'seed', NULL, '2026-06-14 00:08:28.140585', '2026-06-14 00:08:28.140585'),
('1991', '60', '11', '2', NULL, 'seed', NULL, '2026-06-14 00:08:28.140585', '2026-06-14 00:08:28.140585'),
('1992', '60', '12', '1', NULL, 'seed', NULL, '2026-06-14 00:08:28.140585', '2026-06-14 00:08:28.140585'),
('1993', '60', '13', '3', NULL, 'seed', NULL, '2026-06-14 00:08:28.140585', '2026-06-14 00:08:28.140585'),
('1994', '60', '14', '3', NULL, 'seed', NULL, '2026-06-14 00:08:28.140585', '2026-06-14 00:08:28.140585'),
('1995', '60', '15', '2', NULL, 'seed', NULL, '2026-06-14 00:08:28.140585', '2026-06-14 00:08:28.140585'),
('1996', '60', '16', '1', NULL, 'seed', NULL, '2026-06-14 00:08:28.140585', '2026-06-14 00:08:28.140585'),
('1997', '60', '17', '1', NULL, 'seed', NULL, '2026-06-14 00:08:28.140585', '2026-06-14 00:08:28.140585'),
('1998', '60', '18', '1', NULL, 'seed', NULL, '2026-06-14 00:08:28.140585', '2026-06-14 00:08:28.140585'),
('1999', '60', '19', '1', NULL, 'seed', NULL, '2026-06-14 00:08:28.140585', '2026-06-14 00:08:28.140585'),
('2000', '60', '20', '1', NULL, 'seed', NULL, '2026-06-14 00:08:28.140585', '2026-06-14 00:08:28.140585');

INSERT INTO "public"."attendance_records" ("id", "player_team_id", "training_session_id", "attendance_status_id", "notes", "created_by", "updated_by", "created_at", "updated_at") VALUES
('2001', '60', '21', '2', NULL, 'seed', NULL, '2026-06-14 00:08:28.140585', '2026-06-14 00:08:28.140585'),
('2002', '60', '22', '2', NULL, 'seed', NULL, '2026-06-14 00:08:28.140585', '2026-06-14 00:08:28.140585'),
('2003', '60', '23', '2', NULL, 'seed', NULL, '2026-06-14 00:08:28.140585', '2026-06-14 00:08:28.140585'),
('2004', '60', '24', '2', NULL, 'seed', NULL, '2026-06-14 00:08:28.140585', '2026-06-14 00:08:28.140585'),
('2005', '60', '25', '2', NULL, 'seed', NULL, '2026-06-14 00:08:28.140585', '2026-06-14 00:08:28.140585'),
('2006', '60', '26', '2', NULL, 'seed', NULL, '2026-06-14 00:08:28.140585', '2026-06-14 00:08:28.140585'),
('2007', '60', '27', '1', NULL, 'seed', NULL, '2026-06-14 00:08:28.140585', '2026-06-14 00:08:28.140585'),
('2008', '60', '28', '1', NULL, 'seed', NULL, '2026-06-14 00:08:28.140585', '2026-06-14 00:08:28.140585'),
('2009', '60', '29', '2', NULL, 'seed', NULL, '2026-06-14 00:08:28.140585', '2026-06-14 00:08:28.140585'),
('2010', '60', '30', '2', NULL, 'seed', NULL, '2026-06-14 00:08:28.140585', '2026-06-14 00:08:28.140585'),
('2011', '60', '31', '1', NULL, 'seed', NULL, '2026-06-14 00:08:28.140585', '2026-06-14 00:08:28.140585'),
('2012', '60', '32', '1', NULL, 'seed', NULL, '2026-06-14 00:08:28.140585', '2026-06-14 00:08:28.140585'),
('2013', '60', '33', '2', NULL, 'seed', NULL, '2026-06-14 00:08:28.140585', '2026-06-14 00:08:28.140585'),
('2014', '60', '34', '1', NULL, 'seed', NULL, '2026-06-14 00:08:28.140585', '2026-06-14 00:08:28.140585'),
('2015', '60', '35', '1', NULL, 'seed', NULL, '2026-06-14 00:08:28.140585', '2026-06-14 00:08:28.140585'),
('2016', '60', '36', '1', NULL, 'seed', NULL, '2026-06-14 00:08:28.140585', '2026-06-14 00:08:28.140585'),
('2017', '60', '37', '1', NULL, 'seed', NULL, '2026-06-14 00:08:28.140585', '2026-06-14 00:08:28.140585'),
('2018', '61', '1', '1', NULL, 'seed', NULL, '2026-06-14 00:08:28.140585', '2026-06-14 00:08:28.140585'),
('2019', '61', '2', '1', NULL, 'seed', NULL, '2026-06-14 00:08:28.140585', '2026-06-14 00:08:28.140585'),
('2020', '61', '3', '1', NULL, 'seed', NULL, '2026-06-14 00:08:28.140585', '2026-06-14 00:08:28.140585'),
('2021', '61', '4', '1', NULL, 'seed', NULL, '2026-06-14 00:08:28.140585', '2026-06-14 00:08:28.140585'),
('2022', '61', '5', '1', NULL, 'seed', NULL, '2026-06-14 00:08:28.140585', '2026-06-14 00:08:28.140585'),
('2023', '61', '6', '1', NULL, 'seed', NULL, '2026-06-14 00:08:28.140585', '2026-06-14 00:08:28.140585'),
('2024', '61', '7', '1', NULL, 'seed', NULL, '2026-06-14 00:08:28.140585', '2026-06-14 00:08:28.140585'),
('2025', '61', '8', '1', NULL, 'seed', NULL, '2026-06-14 00:08:28.140585', '2026-06-14 00:08:28.140585'),
('2026', '61', '9', '1', NULL, 'seed', NULL, '2026-06-14 00:08:28.140585', '2026-06-14 00:08:28.140585'),
('2027', '61', '10', '1', NULL, 'seed', NULL, '2026-06-14 00:08:28.140585', '2026-06-14 00:08:28.140585'),
('2028', '61', '11', '1', NULL, 'seed', NULL, '2026-06-14 00:08:28.140585', '2026-06-14 00:08:28.140585'),
('2029', '61', '12', '1', NULL, 'seed', NULL, '2026-06-14 00:08:28.140585', '2026-06-14 00:08:28.140585'),
('2030', '61', '13', '1', NULL, 'seed', NULL, '2026-06-14 00:08:28.140585', '2026-06-14 00:08:28.140585'),
('2031', '61', '14', '1', NULL, 'seed', NULL, '2026-06-14 00:08:28.140585', '2026-06-14 00:08:28.140585'),
('2032', '61', '15', '1', NULL, 'seed', NULL, '2026-06-14 00:08:28.140585', '2026-06-14 00:08:28.140585'),
('2033', '61', '16', '1', NULL, 'seed', NULL, '2026-06-14 00:08:28.140585', '2026-06-14 00:08:28.140585'),
('2034', '61', '17', '1', NULL, 'seed', NULL, '2026-06-14 00:08:28.140585', '2026-06-14 00:08:28.140585'),
('2035', '61', '18', '1', NULL, 'seed', NULL, '2026-06-14 00:08:28.140585', '2026-06-14 00:08:28.140585'),
('2036', '61', '19', '1', NULL, 'seed', NULL, '2026-06-14 00:08:28.140585', '2026-06-14 00:08:28.140585'),
('2037', '61', '20', '1', NULL, 'seed', NULL, '2026-06-14 00:08:28.140585', '2026-06-14 00:08:28.140585'),
('2038', '61', '21', '1', NULL, 'seed', NULL, '2026-06-14 00:08:28.140585', '2026-06-14 00:08:28.140585'),
('2039', '61', '22', '1', NULL, 'seed', NULL, '2026-06-14 00:08:28.140585', '2026-06-14 00:08:28.140585'),
('2040', '61', '23', '1', NULL, 'seed', NULL, '2026-06-14 00:08:28.140585', '2026-06-14 00:08:28.140585'),
('2041', '61', '24', '1', NULL, 'seed', NULL, '2026-06-14 00:08:28.140585', '2026-06-14 00:08:28.140585'),
('2042', '61', '25', '1', NULL, 'seed', NULL, '2026-06-14 00:08:28.140585', '2026-06-14 00:08:28.140585'),
('2043', '61', '26', '1', NULL, 'seed', NULL, '2026-06-14 00:08:28.140585', '2026-06-14 00:08:28.140585'),
('2044', '61', '27', '1', NULL, 'seed', NULL, '2026-06-14 00:08:28.140585', '2026-06-14 00:08:28.140585'),
('2045', '61', '28', '2', NULL, 'seed', NULL, '2026-06-14 00:08:28.140585', '2026-06-14 00:08:28.140585'),
('2046', '61', '29', '1', NULL, 'seed', NULL, '2026-06-14 00:08:28.140585', '2026-06-14 00:08:28.140585'),
('2047', '61', '30', '1', NULL, 'seed', NULL, '2026-06-14 00:08:28.140585', '2026-06-14 00:08:28.140585'),
('2048', '61', '31', '1', NULL, 'seed', NULL, '2026-06-14 00:08:28.140585', '2026-06-14 00:08:28.140585'),
('2049', '61', '32', '1', NULL, 'seed', NULL, '2026-06-14 00:08:28.140585', '2026-06-14 00:08:28.140585'),
('2050', '61', '33', '1', NULL, 'seed', NULL, '2026-06-14 00:08:28.140585', '2026-06-14 00:08:28.140585'),
('2051', '61', '34', '1', NULL, 'seed', NULL, '2026-06-14 00:08:28.140585', '2026-06-14 00:08:28.140585'),
('2052', '61', '35', '1', NULL, 'seed', NULL, '2026-06-14 00:08:28.140585', '2026-06-14 00:08:28.140585'),
('2053', '61', '36', '1', NULL, 'seed', NULL, '2026-06-14 00:08:28.140585', '2026-06-14 00:08:28.140585'),
('2054', '61', '37', '1', NULL, 'seed', NULL, '2026-06-14 00:08:28.140585', '2026-06-14 00:08:28.140585'),
('2055', '62', '1', '1', NULL, 'seed', NULL, '2026-06-14 00:08:28.140585', '2026-06-14 00:08:28.140585'),
('2056', '62', '2', '1', NULL, 'seed', NULL, '2026-06-14 00:08:28.140585', '2026-06-14 00:08:28.140585'),
('2057', '62', '3', '1', NULL, 'seed', NULL, '2026-06-14 00:08:28.140585', '2026-06-14 00:08:28.140585'),
('2058', '62', '4', '1', NULL, 'seed', NULL, '2026-06-14 00:08:28.140585', '2026-06-14 00:08:28.140585'),
('2059', '62', '5', '2', NULL, 'seed', NULL, '2026-06-14 00:08:28.140585', '2026-06-14 00:08:28.140585'),
('2060', '62', '6', '1', NULL, 'seed', NULL, '2026-06-14 00:08:28.140585', '2026-06-14 00:08:28.140585'),
('2061', '62', '7', '1', NULL, 'seed', NULL, '2026-06-14 00:08:28.140585', '2026-06-14 00:08:28.140585'),
('2062', '62', '8', '1', NULL, 'seed', NULL, '2026-06-14 00:08:28.140585', '2026-06-14 00:08:28.140585'),
('2063', '62', '9', '1', NULL, 'seed', NULL, '2026-06-14 00:08:28.140585', '2026-06-14 00:08:28.140585'),
('2064', '62', '10', '1', NULL, 'seed', NULL, '2026-06-14 00:08:28.140585', '2026-06-14 00:08:28.140585'),
('2065', '62', '11', '1', NULL, 'seed', NULL, '2026-06-14 00:08:28.140585', '2026-06-14 00:08:28.140585'),
('2066', '62', '12', '1', NULL, 'seed', NULL, '2026-06-14 00:08:28.140585', '2026-06-14 00:08:28.140585'),
('2067', '62', '13', '1', NULL, 'seed', NULL, '2026-06-14 00:08:28.140585', '2026-06-14 00:08:28.140585'),
('2068', '62', '14', '1', NULL, 'seed', NULL, '2026-06-14 00:08:28.140585', '2026-06-14 00:08:28.140585'),
('2069', '62', '15', '2', NULL, 'seed', NULL, '2026-06-14 00:08:28.140585', '2026-06-14 00:08:28.140585'),
('2070', '62', '16', '1', NULL, 'seed', NULL, '2026-06-14 00:08:28.140585', '2026-06-14 00:08:28.140585'),
('2071', '62', '17', '1', NULL, 'seed', NULL, '2026-06-14 00:08:28.140585', '2026-06-14 00:08:28.140585'),
('2072', '62', '18', '2', NULL, 'seed', NULL, '2026-06-14 00:08:28.140585', '2026-06-14 00:08:28.140585'),
('2073', '62', '19', '1', NULL, 'seed', NULL, '2026-06-14 00:08:28.140585', '2026-06-14 00:08:28.140585'),
('2074', '62', '20', '1', NULL, 'seed', NULL, '2026-06-14 00:08:28.140585', '2026-06-14 00:08:28.140585'),
('2075', '62', '21', '1', NULL, 'seed', NULL, '2026-06-14 00:08:28.140585', '2026-06-14 00:08:28.140585'),
('2076', '62', '22', '2', NULL, 'seed', NULL, '2026-06-14 00:08:28.140585', '2026-06-14 00:08:28.140585'),
('2077', '62', '23', '2', NULL, 'seed', NULL, '2026-06-14 00:08:28.140585', '2026-06-14 00:08:28.140585'),
('2078', '62', '24', '2', NULL, 'seed', NULL, '2026-06-14 00:08:28.140585', '2026-06-14 00:08:28.140585'),
('2079', '62', '25', '2', NULL, 'seed', NULL, '2026-06-14 00:08:28.140585', '2026-06-14 00:08:28.140585'),
('2080', '62', '26', '2', NULL, 'seed', NULL, '2026-06-14 00:08:28.140585', '2026-06-14 00:08:28.140585'),
('2081', '62', '27', '1', NULL, 'seed', NULL, '2026-06-14 00:08:28.140585', '2026-06-14 00:08:28.140585'),
('2082', '62', '28', '2', NULL, 'seed', NULL, '2026-06-14 00:08:28.140585', '2026-06-14 00:08:28.140585'),
('2083', '62', '29', '1', NULL, 'seed', NULL, '2026-06-14 00:08:28.140585', '2026-06-14 00:08:28.140585'),
('2084', '62', '30', '1', NULL, 'seed', NULL, '2026-06-14 00:08:28.140585', '2026-06-14 00:08:28.140585'),
('2085', '62', '31', '2', NULL, 'seed', NULL, '2026-06-14 00:08:28.140585', '2026-06-14 00:08:28.140585'),
('2086', '62', '32', '1', NULL, 'seed', NULL, '2026-06-14 00:08:28.140585', '2026-06-14 00:08:28.140585'),
('2087', '62', '33', '2', NULL, 'seed', NULL, '2026-06-14 00:08:28.140585', '2026-06-14 00:08:28.140585'),
('2088', '62', '34', '1', NULL, 'seed', NULL, '2026-06-14 00:08:28.140585', '2026-06-14 00:08:28.140585'),
('2089', '62', '35', '1', NULL, 'seed', NULL, '2026-06-14 00:08:28.140585', '2026-06-14 00:08:28.140585'),
('2090', '62', '36', '1', NULL, 'seed', NULL, '2026-06-14 00:08:28.140585', '2026-06-14 00:08:28.140585'),
('2091', '62', '37', '1', NULL, 'seed', NULL, '2026-06-14 00:08:28.140585', '2026-06-14 00:08:28.140585'),
('2092', '63', '1', '3', NULL, 'seed', NULL, '2026-06-14 00:08:28.140585', '2026-06-14 00:08:28.140585'),
('2093', '63', '2', '3', NULL, 'seed', NULL, '2026-06-14 00:08:28.140585', '2026-06-14 00:08:28.140585'),
('2094', '63', '3', '3', NULL, 'seed', NULL, '2026-06-14 00:08:28.140585', '2026-06-14 00:08:28.140585'),
('2095', '63', '4', '3', NULL, 'seed', NULL, '2026-06-14 00:08:28.140585', '2026-06-14 00:08:28.140585'),
('2096', '63', '5', '2', NULL, 'seed', NULL, '2026-06-14 00:08:28.140585', '2026-06-14 00:08:28.140585'),
('2097', '63', '6', '3', NULL, 'seed', NULL, '2026-06-14 00:08:28.140585', '2026-06-14 00:08:28.140585'),
('2098', '63', '7', '3', NULL, 'seed', NULL, '2026-06-14 00:08:28.140585', '2026-06-14 00:08:28.140585'),
('2099', '63', '8', '3', NULL, 'seed', NULL, '2026-06-14 00:08:28.140585', '2026-06-14 00:08:28.140585'),
('2100', '63', '9', '2', NULL, 'seed', NULL, '2026-06-14 00:08:28.140585', '2026-06-14 00:08:28.140585'),
('2101', '63', '10', '1', NULL, 'seed', NULL, '2026-06-14 00:08:28.140585', '2026-06-14 00:08:28.140585'),
('2102', '63', '11', '3', NULL, 'seed', NULL, '2026-06-14 00:08:28.140585', '2026-06-14 00:08:28.140585'),
('2103', '63', '12', '1', NULL, 'seed', NULL, '2026-06-14 00:08:28.140585', '2026-06-14 00:08:28.140585'),
('2104', '63', '13', '1', NULL, 'seed', NULL, '2026-06-14 00:08:28.140585', '2026-06-14 00:08:28.140585'),
('2105', '63', '14', '1', NULL, 'seed', NULL, '2026-06-14 00:08:28.140585', '2026-06-14 00:08:28.140585'),
('2106', '63', '15', '1', NULL, 'seed', NULL, '2026-06-14 00:08:28.140585', '2026-06-14 00:08:28.140585'),
('2107', '63', '16', '1', NULL, 'seed', NULL, '2026-06-14 00:08:28.140585', '2026-06-14 00:08:28.140585'),
('2108', '63', '17', '1', NULL, 'seed', NULL, '2026-06-14 00:08:28.140585', '2026-06-14 00:08:28.140585'),
('2109', '63', '18', '1', NULL, 'seed', NULL, '2026-06-14 00:08:28.140585', '2026-06-14 00:08:28.140585'),
('2110', '63', '19', '1', NULL, 'seed', NULL, '2026-06-14 00:08:28.140585', '2026-06-14 00:08:28.140585'),
('2111', '63', '20', '1', NULL, 'seed', NULL, '2026-06-14 00:08:28.140585', '2026-06-14 00:08:28.140585'),
('2112', '63', '21', '1', NULL, 'seed', NULL, '2026-06-14 00:08:28.140585', '2026-06-14 00:08:28.140585'),
('2113', '63', '22', '1', NULL, 'seed', NULL, '2026-06-14 00:08:28.140585', '2026-06-14 00:08:28.140585'),
('2114', '63', '23', '1', NULL, 'seed', NULL, '2026-06-14 00:08:28.140585', '2026-06-14 00:08:28.140585'),
('2115', '63', '24', '1', NULL, 'seed', NULL, '2026-06-14 00:08:28.140585', '2026-06-14 00:08:28.140585'),
('2116', '63', '25', '1', NULL, 'seed', NULL, '2026-06-14 00:08:28.140585', '2026-06-14 00:08:28.140585'),
('2117', '63', '26', '1', NULL, 'seed', NULL, '2026-06-14 00:08:28.140585', '2026-06-14 00:08:28.140585'),
('2118', '63', '27', '3', NULL, 'seed', NULL, '2026-06-14 00:08:28.140585', '2026-06-14 00:08:28.140585'),
('2119', '63', '28', '3', NULL, 'seed', NULL, '2026-06-14 00:08:28.140585', '2026-06-14 00:08:28.140585'),
('2120', '63', '29', '3', NULL, 'seed', NULL, '2026-06-14 00:08:28.140585', '2026-06-14 00:08:28.140585'),
('2121', '63', '30', '3', NULL, 'seed', NULL, '2026-06-14 00:08:28.140585', '2026-06-14 00:08:28.140585'),
('2122', '63', '31', '2', NULL, 'seed', NULL, '2026-06-14 00:08:28.140585', '2026-06-14 00:08:28.140585'),
('2123', '63', '32', '3', NULL, 'seed', NULL, '2026-06-14 00:08:28.140585', '2026-06-14 00:08:28.140585'),
('2124', '63', '33', '2', NULL, 'seed', NULL, '2026-06-14 00:08:28.140585', '2026-06-14 00:08:28.140585'),
('2125', '63', '34', '1', NULL, 'seed', NULL, '2026-06-14 00:08:28.140585', '2026-06-14 00:08:28.140585'),
('2126', '63', '35', '1', NULL, 'seed', NULL, '2026-06-14 00:08:28.140585', '2026-06-14 00:08:28.140585'),
('2127', '63', '36', '1', NULL, 'seed', NULL, '2026-06-14 00:08:28.140585', '2026-06-14 00:08:28.140585'),
('2128', '63', '37', '1', NULL, 'seed', NULL, '2026-06-14 00:08:28.140585', '2026-06-14 00:08:28.140585'),
('2129', '64', '1', '1', NULL, 'seed', NULL, '2026-06-14 00:08:28.140585', '2026-06-14 00:08:28.140585'),
('2130', '64', '2', '1', NULL, 'seed', NULL, '2026-06-14 00:08:28.140585', '2026-06-14 00:08:28.140585'),
('2131', '64', '3', '1', NULL, 'seed', NULL, '2026-06-14 00:08:28.140585', '2026-06-14 00:08:28.140585'),
('2132', '64', '4', '1', NULL, 'seed', NULL, '2026-06-14 00:08:28.140585', '2026-06-14 00:08:28.140585'),
('2133', '64', '5', '1', NULL, 'seed', NULL, '2026-06-14 00:08:28.140585', '2026-06-14 00:08:28.140585'),
('2134', '64', '6', '1', NULL, 'seed', NULL, '2026-06-14 00:08:28.140585', '2026-06-14 00:08:28.140585'),
('2135', '64', '7', '1', NULL, 'seed', NULL, '2026-06-14 00:08:28.140585', '2026-06-14 00:08:28.140585'),
('2136', '64', '8', '1', NULL, 'seed', NULL, '2026-06-14 00:08:28.140585', '2026-06-14 00:08:28.140585'),
('2137', '64', '9', '1', NULL, 'seed', NULL, '2026-06-14 00:08:28.140585', '2026-06-14 00:08:28.140585'),
('2138', '64', '10', '1', NULL, 'seed', NULL, '2026-06-14 00:08:28.140585', '2026-06-14 00:08:28.140585'),
('2139', '64', '11', '1', NULL, 'seed', NULL, '2026-06-14 00:08:28.140585', '2026-06-14 00:08:28.140585'),
('2140', '64', '12', '1', NULL, 'seed', NULL, '2026-06-14 00:08:28.140585', '2026-06-14 00:08:28.140585'),
('2141', '64', '13', '1', NULL, 'seed', NULL, '2026-06-14 00:08:28.140585', '2026-06-14 00:08:28.140585'),
('2142', '64', '14', '2', NULL, 'seed', NULL, '2026-06-14 00:08:28.140585', '2026-06-14 00:08:28.140585'),
('2143', '64', '15', '1', NULL, 'seed', NULL, '2026-06-14 00:08:28.140585', '2026-06-14 00:08:28.140585'),
('2144', '64', '16', '2', NULL, 'seed', NULL, '2026-06-14 00:08:28.140585', '2026-06-14 00:08:28.140585'),
('2145', '64', '17', '1', NULL, 'seed', NULL, '2026-06-14 00:08:28.140585', '2026-06-14 00:08:28.140585'),
('2146', '64', '18', '1', NULL, 'seed', NULL, '2026-06-14 00:08:28.140585', '2026-06-14 00:08:28.140585'),
('2147', '64', '19', '1', NULL, 'seed', NULL, '2026-06-14 00:08:28.140585', '2026-06-14 00:08:28.140585'),
('2148', '64', '20', '2', NULL, 'seed', NULL, '2026-06-14 00:08:28.140585', '2026-06-14 00:08:28.140585'),
('2149', '64', '21', '2', NULL, 'seed', NULL, '2026-06-14 00:08:28.140585', '2026-06-14 00:08:28.140585'),
('2150', '64', '22', '1', NULL, 'seed', NULL, '2026-06-14 00:08:28.140585', '2026-06-14 00:08:28.140585'),
('2151', '64', '23', '1', NULL, 'seed', NULL, '2026-06-14 00:08:28.140585', '2026-06-14 00:08:28.140585'),
('2152', '64', '24', '1', NULL, 'seed', NULL, '2026-06-14 00:08:28.140585', '2026-06-14 00:08:28.140585'),
('2153', '64', '25', '1', NULL, 'seed', NULL, '2026-06-14 00:08:28.140585', '2026-06-14 00:08:28.140585'),
('2154', '64', '26', '1', NULL, 'seed', NULL, '2026-06-14 00:08:28.140585', '2026-06-14 00:08:28.140585'),
('2155', '64', '27', '1', NULL, 'seed', NULL, '2026-06-14 00:08:28.140585', '2026-06-14 00:08:28.140585'),
('2156', '64', '28', '1', NULL, 'seed', NULL, '2026-06-14 00:08:28.140585', '2026-06-14 00:08:28.140585'),
('2157', '64', '29', '1', NULL, 'seed', NULL, '2026-06-14 00:08:28.140585', '2026-06-14 00:08:28.140585'),
('2158', '64', '30', '1', NULL, 'seed', NULL, '2026-06-14 00:08:28.140585', '2026-06-14 00:08:28.140585'),
('2159', '64', '31', '1', NULL, 'seed', NULL, '2026-06-14 00:08:28.140585', '2026-06-14 00:08:28.140585'),
('2160', '64', '32', '1', NULL, 'seed', NULL, '2026-06-14 00:08:28.140585', '2026-06-14 00:08:28.140585'),
('2161', '64', '33', '2', NULL, 'seed', NULL, '2026-06-14 00:08:28.140585', '2026-06-14 00:08:28.140585'),
('2162', '64', '34', '1', NULL, 'seed', NULL, '2026-06-14 00:08:28.140585', '2026-06-14 00:08:28.140585'),
('2163', '64', '35', '1', NULL, 'seed', NULL, '2026-06-14 00:08:28.140585', '2026-06-14 00:08:28.140585'),
('2164', '64', '36', '1', NULL, 'seed', NULL, '2026-06-14 00:08:28.140585', '2026-06-14 00:08:28.140585'),
('2165', '64', '37', '1', NULL, 'seed', NULL, '2026-06-14 00:08:28.140585', '2026-06-14 00:08:28.140585'),
('2166', '65', '1', '1', NULL, 'seed', NULL, '2026-06-14 00:08:28.140585', '2026-06-14 00:08:28.140585'),
('2167', '65', '2', '1', NULL, 'seed', NULL, '2026-06-14 00:08:28.140585', '2026-06-14 00:08:28.140585'),
('2168', '65', '3', '1', NULL, 'seed', NULL, '2026-06-14 00:08:28.140585', '2026-06-14 00:08:28.140585'),
('2169', '65', '4', '1', NULL, 'seed', NULL, '2026-06-14 00:08:28.140585', '2026-06-14 00:08:28.140585'),
('2170', '65', '5', '1', NULL, 'seed', NULL, '2026-06-14 00:08:28.140585', '2026-06-14 00:08:28.140585'),
('2171', '65', '6', '1', NULL, 'seed', NULL, '2026-06-14 00:08:28.140585', '2026-06-14 00:08:28.140585'),
('2172', '65', '7', '1', NULL, 'seed', NULL, '2026-06-14 00:08:28.140585', '2026-06-14 00:08:28.140585'),
('2173', '65', '8', '2', NULL, 'seed', NULL, '2026-06-14 00:08:28.140585', '2026-06-14 00:08:28.140585'),
('2174', '65', '9', '1', NULL, 'seed', NULL, '2026-06-14 00:08:28.140585', '2026-06-14 00:08:28.140585'),
('2175', '65', '10', '1', NULL, 'seed', NULL, '2026-06-14 00:08:28.140585', '2026-06-14 00:08:28.140585'),
('2176', '65', '11', '1', NULL, 'seed', NULL, '2026-06-14 00:08:28.140585', '2026-06-14 00:08:28.140585'),
('2177', '65', '12', '1', NULL, 'seed', NULL, '2026-06-14 00:08:28.140585', '2026-06-14 00:08:28.140585'),
('2178', '65', '13', '1', NULL, 'seed', NULL, '2026-06-14 00:08:28.140585', '2026-06-14 00:08:28.140585'),
('2179', '65', '14', '1', NULL, 'seed', NULL, '2026-06-14 00:08:28.140585', '2026-06-14 00:08:28.140585'),
('2180', '65', '15', '1', NULL, 'seed', NULL, '2026-06-14 00:08:28.140585', '2026-06-14 00:08:28.140585'),
('2181', '65', '16', '1', NULL, 'seed', NULL, '2026-06-14 00:08:28.140585', '2026-06-14 00:08:28.140585'),
('2182', '65', '17', '1', NULL, 'seed', NULL, '2026-06-14 00:08:28.140585', '2026-06-14 00:08:28.140585'),
('2183', '65', '18', '1', NULL, 'seed', NULL, '2026-06-14 00:08:28.140585', '2026-06-14 00:08:28.140585'),
('2184', '65', '19', '1', NULL, 'seed', NULL, '2026-06-14 00:08:28.140585', '2026-06-14 00:08:28.140585'),
('2185', '65', '20', '1', NULL, 'seed', NULL, '2026-06-14 00:08:28.140585', '2026-06-14 00:08:28.140585'),
('2186', '65', '21', '1', NULL, 'seed', NULL, '2026-06-14 00:08:28.140585', '2026-06-14 00:08:28.140585'),
('2187', '65', '22', '2', NULL, 'seed', NULL, '2026-06-14 00:08:28.140585', '2026-06-14 00:08:28.140585'),
('2188', '65', '23', '2', NULL, 'seed', NULL, '2026-06-14 00:08:28.140585', '2026-06-14 00:08:28.140585'),
('2189', '65', '24', '2', NULL, 'seed', NULL, '2026-06-14 00:08:28.140585', '2026-06-14 00:08:28.140585'),
('2190', '65', '25', '2', NULL, 'seed', NULL, '2026-06-14 00:08:28.140585', '2026-06-14 00:08:28.140585'),
('2191', '65', '26', '2', NULL, 'seed', NULL, '2026-06-14 00:08:28.140585', '2026-06-14 00:08:28.140585'),
('2192', '65', '27', '2', NULL, 'seed', NULL, '2026-06-14 00:08:28.140585', '2026-06-14 00:08:28.140585'),
('2193', '65', '28', '2', NULL, 'seed', NULL, '2026-06-14 00:08:28.140585', '2026-06-14 00:08:28.140585'),
('2194', '65', '29', '2', NULL, 'seed', NULL, '2026-06-14 00:08:28.140585', '2026-06-14 00:08:28.140585'),
('2195', '65', '30', '1', NULL, 'seed', NULL, '2026-06-14 00:08:28.140585', '2026-06-14 00:08:28.140585'),
('2196', '65', '31', '1', NULL, 'seed', NULL, '2026-06-14 00:08:28.140585', '2026-06-14 00:08:28.140585'),
('2197', '65', '32', '1', NULL, 'seed', NULL, '2026-06-14 00:08:28.140585', '2026-06-14 00:08:28.140585'),
('2198', '65', '33', '1', NULL, 'seed', NULL, '2026-06-14 00:08:28.140585', '2026-06-14 00:08:28.140585'),
('2199', '65', '34', '1', NULL, 'seed', NULL, '2026-06-14 00:08:28.140585', '2026-06-14 00:08:28.140585'),
('2200', '65', '35', '1', NULL, 'seed', NULL, '2026-06-14 00:08:28.140585', '2026-06-14 00:08:28.140585'),
('2201', '65', '36', '1', NULL, 'seed', NULL, '2026-06-14 00:08:28.140585', '2026-06-14 00:08:28.140585'),
('2202', '65', '37', '2', NULL, 'seed', NULL, '2026-06-14 00:08:28.140585', '2026-06-14 00:08:28.140585'),
('2203', '66', '1', '1', NULL, 'seed', NULL, '2026-06-14 00:08:28.140585', '2026-06-14 00:08:28.140585'),
('2204', '66', '2', '1', NULL, 'seed', NULL, '2026-06-14 00:08:28.140585', '2026-06-14 00:08:28.140585'),
('2205', '66', '3', '1', NULL, 'seed', NULL, '2026-06-14 00:08:28.140585', '2026-06-14 00:08:28.140585'),
('2206', '66', '4', '1', NULL, 'seed', NULL, '2026-06-14 00:08:28.140585', '2026-06-14 00:08:28.140585'),
('2207', '66', '5', '1', NULL, 'seed', NULL, '2026-06-14 00:08:28.140585', '2026-06-14 00:08:28.140585'),
('2208', '66', '6', '1', NULL, 'seed', NULL, '2026-06-14 00:08:28.140585', '2026-06-14 00:08:28.140585'),
('2209', '66', '7', '3', NULL, 'seed', NULL, '2026-06-14 00:08:28.140585', '2026-06-14 00:08:28.140585'),
('2210', '66', '8', '3', NULL, 'seed', NULL, '2026-06-14 00:08:28.140585', '2026-06-14 00:08:28.140585'),
('2211', '66', '9', '2', NULL, 'seed', NULL, '2026-06-14 00:08:28.140585', '2026-06-14 00:08:28.140585'),
('2212', '66', '10', '3', NULL, 'seed', NULL, '2026-06-14 00:08:28.140585', '2026-06-14 00:08:28.140585'),
('2213', '66', '11', '2', NULL, 'seed', NULL, '2026-06-14 00:08:28.140585', '2026-06-14 00:08:28.140585'),
('2214', '66', '12', '3', NULL, 'seed', NULL, '2026-06-14 00:08:28.140585', '2026-06-14 00:08:28.140585'),
('2215', '66', '13', '3', NULL, 'seed', NULL, '2026-06-14 00:08:28.140585', '2026-06-14 00:08:28.140585'),
('2216', '66', '14', '1', NULL, 'seed', NULL, '2026-06-14 00:08:28.140585', '2026-06-14 00:08:28.140585'),
('2217', '66', '15', '1', NULL, 'seed', NULL, '2026-06-14 00:08:28.140585', '2026-06-14 00:08:28.140585'),
('2218', '66', '16', '1', NULL, 'seed', NULL, '2026-06-14 00:08:28.140585', '2026-06-14 00:08:28.140585'),
('2219', '66', '17', '1', NULL, 'seed', NULL, '2026-06-14 00:08:28.140585', '2026-06-14 00:08:28.140585'),
('2220', '66', '18', '1', NULL, 'seed', NULL, '2026-06-14 00:08:28.140585', '2026-06-14 00:08:28.140585'),
('2221', '66', '19', '1', NULL, 'seed', NULL, '2026-06-14 00:08:28.140585', '2026-06-14 00:08:28.140585'),
('2222', '66', '20', '2', NULL, 'seed', NULL, '2026-06-14 00:08:28.140585', '2026-06-14 00:08:28.140585'),
('2223', '66', '21', '1', NULL, 'seed', NULL, '2026-06-14 00:08:28.140585', '2026-06-14 00:08:28.140585'),
('2224', '66', '22', '1', NULL, 'seed', NULL, '2026-06-14 00:08:28.140585', '2026-06-14 00:08:28.140585'),
('2225', '66', '23', '1', NULL, 'seed', NULL, '2026-06-14 00:08:28.140585', '2026-06-14 00:08:28.140585'),
('2226', '66', '24', '1', NULL, 'seed', NULL, '2026-06-14 00:08:28.140585', '2026-06-14 00:08:28.140585'),
('2227', '66', '25', '1', NULL, 'seed', NULL, '2026-06-14 00:08:28.140585', '2026-06-14 00:08:28.140585'),
('2228', '66', '26', '1', NULL, 'seed', NULL, '2026-06-14 00:08:28.140585', '2026-06-14 00:08:28.140585'),
('2229', '66', '27', '1', NULL, 'seed', NULL, '2026-06-14 00:08:28.140585', '2026-06-14 00:08:28.140585'),
('2230', '66', '28', '1', NULL, 'seed', NULL, '2026-06-14 00:08:28.140585', '2026-06-14 00:08:28.140585'),
('2231', '66', '29', '1', NULL, 'seed', NULL, '2026-06-14 00:08:28.140585', '2026-06-14 00:08:28.140585'),
('2232', '66', '30', '1', NULL, 'seed', NULL, '2026-06-14 00:08:28.140585', '2026-06-14 00:08:28.140585'),
('2233', '66', '31', '1', NULL, 'seed', NULL, '2026-06-14 00:08:28.140585', '2026-06-14 00:08:28.140585'),
('2234', '66', '32', '1', NULL, 'seed', NULL, '2026-06-14 00:08:28.140585', '2026-06-14 00:08:28.140585'),
('2235', '66', '33', '1', NULL, 'seed', NULL, '2026-06-14 00:08:28.140585', '2026-06-14 00:08:28.140585'),
('2236', '66', '34', '1', NULL, 'seed', NULL, '2026-06-14 00:08:28.140585', '2026-06-14 00:08:28.140585'),
('2237', '66', '35', '1', NULL, 'seed', NULL, '2026-06-14 00:08:28.140585', '2026-06-14 00:08:28.140585'),
('2238', '66', '36', '1', NULL, 'seed', NULL, '2026-06-14 00:08:28.140585', '2026-06-14 00:08:28.140585'),
('2239', '66', '37', '1', NULL, 'seed', NULL, '2026-06-14 00:08:28.140585', '2026-06-14 00:08:28.140585'),
('2240', '67', '1', '1', NULL, 'seed', NULL, '2026-06-14 00:08:28.140585', '2026-06-14 00:08:28.140585'),
('2241', '67', '2', '1', NULL, 'seed', NULL, '2026-06-14 00:08:28.140585', '2026-06-14 00:08:28.140585'),
('2242', '67', '3', '1', NULL, 'seed', NULL, '2026-06-14 00:08:28.140585', '2026-06-14 00:08:28.140585'),
('2243', '67', '4', '1', NULL, 'seed', NULL, '2026-06-14 00:08:28.140585', '2026-06-14 00:08:28.140585'),
('2244', '67', '5', '2', NULL, 'seed', NULL, '2026-06-14 00:08:28.140585', '2026-06-14 00:08:28.140585'),
('2245', '67', '6', '1', NULL, 'seed', NULL, '2026-06-14 00:08:28.140585', '2026-06-14 00:08:28.140585'),
('2246', '67', '7', '2', NULL, 'seed', NULL, '2026-06-14 00:08:28.140585', '2026-06-14 00:08:28.140585'),
('2247', '67', '8', '2', NULL, 'seed', NULL, '2026-06-14 00:08:28.140585', '2026-06-14 00:08:28.140585'),
('2248', '67', '9', '1', NULL, 'seed', NULL, '2026-06-14 00:08:28.140585', '2026-06-14 00:08:28.140585'),
('2249', '67', '10', '1', NULL, 'seed', NULL, '2026-06-14 00:08:28.140585', '2026-06-14 00:08:28.140585'),
('2250', '67', '11', '1', NULL, 'seed', NULL, '2026-06-14 00:08:28.140585', '2026-06-14 00:08:28.140585'),
('2251', '67', '12', '1', NULL, 'seed', NULL, '2026-06-14 00:08:28.140585', '2026-06-14 00:08:28.140585'),
('2252', '67', '13', '1', NULL, 'seed', NULL, '2026-06-14 00:08:28.140585', '2026-06-14 00:08:28.140585'),
('2253', '67', '14', '1', NULL, 'seed', NULL, '2026-06-14 00:08:28.140585', '2026-06-14 00:08:28.140585'),
('2254', '67', '15', '1', NULL, 'seed', NULL, '2026-06-14 00:08:28.140585', '2026-06-14 00:08:28.140585'),
('2255', '67', '16', '2', NULL, 'seed', NULL, '2026-06-14 00:08:28.140585', '2026-06-14 00:08:28.140585'),
('2256', '67', '17', '2', NULL, 'seed', NULL, '2026-06-14 00:08:28.140585', '2026-06-14 00:08:28.140585'),
('2257', '67', '18', '2', NULL, 'seed', NULL, '2026-06-14 00:08:28.140585', '2026-06-14 00:08:28.140585'),
('2258', '67', '19', '2', NULL, 'seed', NULL, '2026-06-14 00:08:28.140585', '2026-06-14 00:08:28.140585'),
('2259', '67', '20', '1', NULL, 'seed', NULL, '2026-06-14 00:08:28.140585', '2026-06-14 00:08:28.140585'),
('2260', '67', '21', '2', NULL, 'seed', NULL, '2026-06-14 00:08:28.140585', '2026-06-14 00:08:28.140585'),
('2261', '67', '22', '2', NULL, 'seed', NULL, '2026-06-14 00:08:28.140585', '2026-06-14 00:08:28.140585'),
('2262', '67', '23', '2', NULL, 'seed', NULL, '2026-06-14 00:08:28.140585', '2026-06-14 00:08:28.140585'),
('2263', '67', '24', '2', NULL, 'seed', NULL, '2026-06-14 00:08:28.140585', '2026-06-14 00:08:28.140585'),
('2264', '67', '25', '2', NULL, 'seed', NULL, '2026-06-14 00:08:28.140585', '2026-06-14 00:08:28.140585'),
('2265', '67', '26', '2', NULL, 'seed', NULL, '2026-06-14 00:08:28.140585', '2026-06-14 00:08:28.140585'),
('2266', '67', '27', '2', NULL, 'seed', NULL, '2026-06-14 00:08:28.140585', '2026-06-14 00:08:28.140585'),
('2267', '67', '28', '2', NULL, 'seed', NULL, '2026-06-14 00:08:28.140585', '2026-06-14 00:08:28.140585'),
('2268', '67', '29', '2', NULL, 'seed', NULL, '2026-06-14 00:08:28.140585', '2026-06-14 00:08:28.140585'),
('2269', '67', '30', '2', NULL, 'seed', NULL, '2026-06-14 00:08:28.140585', '2026-06-14 00:08:28.140585'),
('2270', '67', '31', '1', NULL, 'seed', NULL, '2026-06-14 00:08:28.140585', '2026-06-14 00:08:28.140585'),
('2271', '67', '32', '2', NULL, 'seed', NULL, '2026-06-14 00:08:28.140585', '2026-06-14 00:08:28.140585'),
('2272', '67', '33', '2', NULL, 'seed', NULL, '2026-06-14 00:08:28.140585', '2026-06-14 00:08:28.140585'),
('2273', '67', '34', '2', NULL, 'seed', NULL, '2026-06-14 00:08:28.140585', '2026-06-14 00:08:28.140585'),
('2274', '67', '35', '2', NULL, 'seed', NULL, '2026-06-14 00:08:28.140585', '2026-06-14 00:08:28.140585'),
('2275', '67', '36', '2', NULL, 'seed', NULL, '2026-06-14 00:08:28.140585', '2026-06-14 00:08:28.140585'),
('2276', '67', '37', '2', NULL, 'seed', NULL, '2026-06-14 00:08:28.140585', '2026-06-14 00:08:28.140585'),
('2277', '68', '1', '1', NULL, 'seed', NULL, '2026-06-14 00:08:28.140585', '2026-06-14 00:08:28.140585'),
('2278', '68', '2', '1', NULL, 'seed', NULL, '2026-06-14 00:08:28.140585', '2026-06-14 00:08:28.140585'),
('2279', '68', '3', '1', NULL, 'seed', NULL, '2026-06-14 00:08:28.140585', '2026-06-14 00:08:28.140585'),
('2280', '68', '4', '1', NULL, 'seed', NULL, '2026-06-14 00:08:28.140585', '2026-06-14 00:08:28.140585'),
('2281', '68', '5', '1', NULL, 'seed', NULL, '2026-06-14 00:08:28.140585', '2026-06-14 00:08:28.140585'),
('2282', '68', '6', '1', NULL, 'seed', NULL, '2026-06-14 00:08:28.140585', '2026-06-14 00:08:28.140585'),
('2283', '68', '7', '1', NULL, 'seed', NULL, '2026-06-14 00:08:28.140585', '2026-06-14 00:08:28.140585'),
('2284', '68', '8', '1', NULL, 'seed', NULL, '2026-06-14 00:08:28.140585', '2026-06-14 00:08:28.140585'),
('2285', '68', '9', '1', NULL, 'seed', NULL, '2026-06-14 00:08:28.140585', '2026-06-14 00:08:28.140585'),
('2286', '68', '10', '1', NULL, 'seed', NULL, '2026-06-14 00:08:28.140585', '2026-06-14 00:08:28.140585'),
('2287', '68', '11', '1', NULL, 'seed', NULL, '2026-06-14 00:08:28.140585', '2026-06-14 00:08:28.140585'),
('2288', '68', '12', '2', NULL, 'seed', NULL, '2026-06-14 00:08:28.140585', '2026-06-14 00:08:28.140585'),
('2289', '68', '13', '1', NULL, 'seed', NULL, '2026-06-14 00:08:28.140585', '2026-06-14 00:08:28.140585'),
('2290', '68', '14', '1', NULL, 'seed', NULL, '2026-06-14 00:08:28.140585', '2026-06-14 00:08:28.140585'),
('2291', '68', '15', '1', NULL, 'seed', NULL, '2026-06-14 00:08:28.140585', '2026-06-14 00:08:28.140585'),
('2292', '68', '16', '1', NULL, 'seed', NULL, '2026-06-14 00:08:28.140585', '2026-06-14 00:08:28.140585'),
('2293', '68', '17', '1', NULL, 'seed', NULL, '2026-06-14 00:08:28.140585', '2026-06-14 00:08:28.140585'),
('2294', '68', '18', '1', NULL, 'seed', NULL, '2026-06-14 00:08:28.140585', '2026-06-14 00:08:28.140585'),
('2295', '68', '19', '1', NULL, 'seed', NULL, '2026-06-14 00:08:28.140585', '2026-06-14 00:08:28.140585'),
('2296', '68', '20', '1', NULL, 'seed', NULL, '2026-06-14 00:08:28.140585', '2026-06-14 00:08:28.140585'),
('2297', '68', '21', '1', NULL, 'seed', NULL, '2026-06-14 00:08:28.140585', '2026-06-14 00:08:28.140585'),
('2298', '68', '22', '1', NULL, 'seed', NULL, '2026-06-14 00:08:28.140585', '2026-06-14 00:08:28.140585'),
('2299', '68', '23', '1', NULL, 'seed', NULL, '2026-06-14 00:08:28.140585', '2026-06-14 00:08:28.140585'),
('2300', '68', '24', '1', NULL, 'seed', NULL, '2026-06-14 00:08:28.140585', '2026-06-14 00:08:28.140585'),
('2301', '68', '25', '1', NULL, 'seed', NULL, '2026-06-14 00:08:28.140585', '2026-06-14 00:08:28.140585'),
('2302', '68', '26', '1', NULL, 'seed', NULL, '2026-06-14 00:08:28.140585', '2026-06-14 00:08:28.140585'),
('2303', '68', '27', '1', NULL, 'seed', NULL, '2026-06-14 00:08:28.140585', '2026-06-14 00:08:28.140585'),
('2304', '68', '28', '1', NULL, 'seed', NULL, '2026-06-14 00:08:28.140585', '2026-06-14 00:08:28.140585'),
('2305', '68', '29', '1', NULL, 'seed', NULL, '2026-06-14 00:08:28.140585', '2026-06-14 00:08:28.140585'),
('2306', '68', '30', '1', NULL, 'seed', NULL, '2026-06-14 00:08:28.140585', '2026-06-14 00:08:28.140585'),
('2307', '68', '31', '1', NULL, 'seed', NULL, '2026-06-14 00:08:28.140585', '2026-06-14 00:08:28.140585'),
('2308', '68', '32', '2', NULL, 'seed', NULL, '2026-06-14 00:08:28.140585', '2026-06-14 00:08:28.140585'),
('2309', '68', '33', '1', NULL, 'seed', NULL, '2026-06-14 00:08:28.140585', '2026-06-14 00:08:28.140585'),
('2310', '68', '34', '1', NULL, 'seed', NULL, '2026-06-14 00:08:28.140585', '2026-06-14 00:08:28.140585'),
('2311', '68', '35', '1', NULL, 'seed', NULL, '2026-06-14 00:08:28.140585', '2026-06-14 00:08:28.140585'),
('2312', '68', '36', '1', NULL, 'seed', NULL, '2026-06-14 00:08:28.140585', '2026-06-14 00:08:28.140585'),
('2313', '68', '37', '1', NULL, 'seed', NULL, '2026-06-14 00:08:28.140585', '2026-06-14 00:08:28.140585'),
('2314', '69', '1', '2', NULL, 'seed', NULL, '2026-06-14 00:08:28.140585', '2026-06-14 00:08:28.140585'),
('2315', '69', '2', '2', NULL, 'seed', NULL, '2026-06-14 00:08:28.140585', '2026-06-14 00:08:28.140585'),
('2316', '69', '3', '2', NULL, 'seed', NULL, '2026-06-14 00:08:28.140585', '2026-06-14 00:08:28.140585'),
('2317', '69', '4', '2', NULL, 'seed', NULL, '2026-06-14 00:08:28.140585', '2026-06-14 00:08:28.140585'),
('2318', '69', '5', '1', NULL, 'seed', NULL, '2026-06-14 00:08:28.140585', '2026-06-14 00:08:28.140585'),
('2319', '69', '6', '1', NULL, 'seed', NULL, '2026-06-14 00:08:28.140585', '2026-06-14 00:08:28.140585'),
('2320', '69', '7', '1', NULL, 'seed', NULL, '2026-06-14 00:08:28.140585', '2026-06-14 00:08:28.140585'),
('2321', '69', '8', '1', NULL, 'seed', NULL, '2026-06-14 00:08:28.140585', '2026-06-14 00:08:28.140585'),
('2322', '69', '9', '1', NULL, 'seed', NULL, '2026-06-14 00:08:28.140585', '2026-06-14 00:08:28.140585'),
('2323', '69', '10', '1', NULL, 'seed', NULL, '2026-06-14 00:08:28.140585', '2026-06-14 00:08:28.140585'),
('2324', '69', '11', '1', NULL, 'seed', NULL, '2026-06-14 00:08:28.140585', '2026-06-14 00:08:28.140585'),
('2325', '69', '12', '1', NULL, 'seed', NULL, '2026-06-14 00:08:28.140585', '2026-06-14 00:08:28.140585'),
('2326', '69', '13', '1', NULL, 'seed', NULL, '2026-06-14 00:08:28.140585', '2026-06-14 00:08:28.140585'),
('2327', '69', '14', '1', NULL, 'seed', NULL, '2026-06-14 00:08:28.140585', '2026-06-14 00:08:28.140585'),
('2328', '69', '15', '1', NULL, 'seed', NULL, '2026-06-14 00:08:28.140585', '2026-06-14 00:08:28.140585'),
('2329', '69', '16', '1', NULL, 'seed', NULL, '2026-06-14 00:08:28.140585', '2026-06-14 00:08:28.140585'),
('2330', '69', '17', '1', NULL, 'seed', NULL, '2026-06-14 00:08:28.140585', '2026-06-14 00:08:28.140585'),
('2331', '69', '18', '1', NULL, 'seed', NULL, '2026-06-14 00:08:28.140585', '2026-06-14 00:08:28.140585'),
('2332', '69', '19', '1', NULL, 'seed', NULL, '2026-06-14 00:08:28.140585', '2026-06-14 00:08:28.140585'),
('2333', '69', '20', '1', NULL, 'seed', NULL, '2026-06-14 00:08:28.140585', '2026-06-14 00:08:28.140585'),
('2334', '69', '21', '1', NULL, 'seed', NULL, '2026-06-14 00:08:28.140585', '2026-06-14 00:08:28.140585'),
('2335', '69', '22', '1', NULL, 'seed', NULL, '2026-06-14 00:08:28.140585', '2026-06-14 00:08:28.140585'),
('2336', '69', '23', '1', NULL, 'seed', NULL, '2026-06-14 00:08:28.140585', '2026-06-14 00:08:28.140585'),
('2337', '69', '24', '1', NULL, 'seed', NULL, '2026-06-14 00:08:28.140585', '2026-06-14 00:08:28.140585'),
('2338', '69', '25', '1', NULL, 'seed', NULL, '2026-06-14 00:08:28.140585', '2026-06-14 00:08:28.140585'),
('2339', '69', '26', '1', NULL, 'seed', NULL, '2026-06-14 00:08:28.140585', '2026-06-14 00:08:28.140585'),
('2340', '69', '27', '1', NULL, 'seed', NULL, '2026-06-14 00:08:28.140585', '2026-06-14 00:08:28.140585'),
('2341', '69', '28', '1', NULL, 'seed', NULL, '2026-06-14 00:08:28.140585', '2026-06-14 00:08:28.140585'),
('2342', '69', '29', '1', NULL, 'seed', NULL, '2026-06-14 00:08:28.140585', '2026-06-14 00:08:28.140585'),
('2343', '69', '30', '2', NULL, 'seed', NULL, '2026-06-14 00:08:28.140585', '2026-06-14 00:08:28.140585'),
('2344', '69', '31', '2', NULL, 'seed', NULL, '2026-06-14 00:08:28.140585', '2026-06-14 00:08:28.140585'),
('2345', '69', '32', '1', NULL, 'seed', NULL, '2026-06-14 00:08:28.140585', '2026-06-14 00:08:28.140585'),
('2346', '69', '33', '1', NULL, 'seed', NULL, '2026-06-14 00:08:28.140585', '2026-06-14 00:08:28.140585'),
('2347', '69', '34', '1', NULL, 'seed', NULL, '2026-06-14 00:08:28.140585', '2026-06-14 00:08:28.140585'),
('2348', '69', '35', '1', NULL, 'seed', NULL, '2026-06-14 00:08:28.140585', '2026-06-14 00:08:28.140585'),
('2349', '69', '36', '1', NULL, 'seed', NULL, '2026-06-14 00:08:28.140585', '2026-06-14 00:08:28.140585'),
('2350', '69', '37', '2', NULL, 'seed', NULL, '2026-06-14 00:08:28.140585', '2026-06-14 00:08:28.140585'),
('2351', '70', '1', '1', NULL, 'seed', NULL, '2026-06-14 00:08:28.140585', '2026-06-14 00:08:28.140585'),
('2352', '70', '2', '1', NULL, 'seed', NULL, '2026-06-14 00:08:28.140585', '2026-06-14 00:08:28.140585'),
('2353', '70', '3', '1', NULL, 'seed', NULL, '2026-06-14 00:08:28.140585', '2026-06-14 00:08:28.140585'),
('2354', '70', '4', '1', NULL, 'seed', NULL, '2026-06-14 00:08:28.140585', '2026-06-14 00:08:28.140585'),
('2355', '70', '5', '1', NULL, 'seed', NULL, '2026-06-14 00:08:28.140585', '2026-06-14 00:08:28.140585'),
('2356', '70', '6', '1', NULL, 'seed', NULL, '2026-06-14 00:08:28.140585', '2026-06-14 00:08:28.140585'),
('2357', '70', '7', '1', NULL, 'seed', NULL, '2026-06-14 00:08:28.140585', '2026-06-14 00:08:28.140585'),
('2358', '70', '8', '1', NULL, 'seed', NULL, '2026-06-14 00:08:28.140585', '2026-06-14 00:08:28.140585'),
('2359', '70', '9', '1', NULL, 'seed', NULL, '2026-06-14 00:08:28.140585', '2026-06-14 00:08:28.140585'),
('2360', '70', '10', '1', NULL, 'seed', NULL, '2026-06-14 00:08:28.140585', '2026-06-14 00:08:28.140585'),
('2361', '70', '11', '1', NULL, 'seed', NULL, '2026-06-14 00:08:28.140585', '2026-06-14 00:08:28.140585'),
('2362', '70', '12', '1', NULL, 'seed', NULL, '2026-06-14 00:08:28.140585', '2026-06-14 00:08:28.140585'),
('2363', '70', '13', '1', NULL, 'seed', NULL, '2026-06-14 00:08:28.140585', '2026-06-14 00:08:28.140585'),
('2364', '70', '14', '1', NULL, 'seed', NULL, '2026-06-14 00:08:28.140585', '2026-06-14 00:08:28.140585'),
('2365', '70', '15', '1', NULL, 'seed', NULL, '2026-06-14 00:08:28.140585', '2026-06-14 00:08:28.140585'),
('2366', '70', '16', '1', NULL, 'seed', NULL, '2026-06-14 00:08:28.140585', '2026-06-14 00:08:28.140585'),
('2367', '70', '17', '1', NULL, 'seed', NULL, '2026-06-14 00:08:28.140585', '2026-06-14 00:08:28.140585'),
('2368', '70', '18', '1', NULL, 'seed', NULL, '2026-06-14 00:08:28.140585', '2026-06-14 00:08:28.140585'),
('2369', '70', '19', '1', NULL, 'seed', NULL, '2026-06-14 00:08:28.140585', '2026-06-14 00:08:28.140585'),
('2370', '70', '20', '2', NULL, 'seed', NULL, '2026-06-14 00:08:28.140585', '2026-06-14 00:08:28.140585'),
('2371', '70', '21', '1', NULL, 'seed', NULL, '2026-06-14 00:08:28.140585', '2026-06-14 00:08:28.140585'),
('2372', '70', '22', '2', NULL, 'seed', NULL, '2026-06-14 00:08:28.140585', '2026-06-14 00:08:28.140585'),
('2373', '70', '23', '2', NULL, 'seed', NULL, '2026-06-14 00:08:28.140585', '2026-06-14 00:08:28.140585'),
('2374', '70', '27', '1', NULL, 'seed', NULL, '2026-06-14 00:08:28.140585', '2026-06-14 00:08:28.140585'),
('2375', '70', '28', '1', NULL, 'seed', NULL, '2026-06-14 00:08:28.140585', '2026-06-14 00:08:28.140585'),
('2376', '70', '29', '1', NULL, 'seed', NULL, '2026-06-14 00:08:28.140585', '2026-06-14 00:08:28.140585'),
('2377', '70', '30', '1', NULL, 'seed', NULL, '2026-06-14 00:08:28.140585', '2026-06-14 00:08:28.140585'),
('2378', '70', '31', '1', NULL, 'seed', NULL, '2026-06-14 00:08:28.140585', '2026-06-14 00:08:28.140585'),
('2379', '70', '32', '1', NULL, 'seed', NULL, '2026-06-14 00:08:28.140585', '2026-06-14 00:08:28.140585'),
('2380', '70', '33', '1', NULL, 'seed', NULL, '2026-06-14 00:08:28.140585', '2026-06-14 00:08:28.140585'),
('2381', '70', '34', '2', NULL, 'seed', NULL, '2026-06-14 00:08:28.140585', '2026-06-14 00:08:28.140585'),
('2382', '70', '35', '3', NULL, 'seed', NULL, '2026-06-14 00:08:28.140585', '2026-06-14 00:08:28.140585'),
('2383', '70', '36', '2', NULL, 'seed', NULL, '2026-06-14 00:08:28.140585', '2026-06-14 00:08:28.140585'),
('2384', '70', '37', '2', NULL, 'seed', NULL, '2026-06-14 00:08:28.140585', '2026-06-14 00:08:28.140585');

INSERT INTO "public"."attendance_statuses" ("id", "code", "description", "active", "created_at", "updated_at") VALUES
('1', 'present', 'Presente', 't', '2026-06-13 02:56:33.344484', '2026-06-13 02:56:33.344484'),
('2', 'absent', 'Ausente', 't', '2026-06-13 02:56:33.344484', '2026-06-13 02:56:33.344484'),
('3', 'injured', 'Lesionado', 't', '2026-06-13 02:56:33.344484', '2026-06-13 02:56:33.344484'),
('4', 'late', 'Llegó Tarde', 't', '2026-06-13 02:56:33.344484', '2026-06-13 02:56:33.344484'),
('5', 'excused', 'Justificado', 't', '2026-06-13 02:56:33.344484', '2026-06-13 02:56:33.344484'),
('6', 'sick', 'Enfermo', 't', '2026-06-13 02:56:33.344484', '2026-06-13 02:56:33.344484');

INSERT INTO "public"."clubs" ("id", "name", "short_name", "active", "created_at", "updated_at") VALUES
('1', 'La Tablada', 'LT', 't', '2026-06-13 02:56:33.118453', '2026-06-13 02:56:33.118453');

INSERT INTO "public"."coach_roles" ("id", "code", "description", "active", "created_at", "updated_at") VALUES
('1', 'head_coach', 'Entrenador Principal', 't', '2026-06-13 02:56:33.292571', '2026-06-13 02:56:33.292571'),
('2', 'assistant_coach', 'Entrenador Asistente', 't', '2026-06-13 02:56:33.292571', '2026-06-13 02:56:33.292571'),
('3', 'forwards_coach', 'Entrenador de Forwards', 't', '2026-06-13 02:56:33.292571', '2026-06-13 02:56:33.292571'),
('4', 'backs_coach', 'Entrenador de Backs', 't', '2026-06-13 02:56:33.292571', '2026-06-13 02:56:33.292571'),
('5', 'scrum_coach', 'Entrenador de Scrum', 't', '2026-06-13 02:56:33.292571', '2026-06-13 02:56:33.292571'),
('6', 'physical_trainer', 'Preparador Físico', 't', '2026-06-13 02:56:33.292571', '2026-06-13 02:56:33.292571'),
('7', 'manager', 'Manager', 't', '2026-06-13 02:56:33.292571', '2026-06-13 02:56:33.292571');

INSERT INTO "public"."coaches" ("id", "first_name", "last_name", "birth_date", "document_number", "email", "phone", "active", "created_at", "updated_at") VALUES
('1', 'Sebastian', 'Ferro', NULL, NULL, NULL, NULL, 't', '2026-06-13 03:03:22.747026', '2026-06-13 03:03:22.747026'),
('2', 'Carlos', 'Romero Victorica', NULL, NULL, NULL, NULL, 't', '2026-06-13 03:03:22.747026', '2026-06-13 03:03:22.747026'),
('3', 'Raul', 'Campos', NULL, NULL, NULL, NULL, 't', '2026-06-13 03:03:22.747026', '2026-06-13 03:03:22.747026'),
('4', 'Nicolas', 'Issaia', NULL, NULL, NULL, NULL, 't', '2026-06-13 03:03:22.747026', '2026-06-13 03:03:22.747026'),
('5', 'Carlos', 'Alvarez', NULL, NULL, NULL, NULL, 't', '2026-06-13 03:03:22.747026', '2026-06-13 03:03:22.747026'),
('6', 'Pablo', 'Fernandez', NULL, NULL, NULL, NULL, 't', '2026-06-13 03:03:22.747026', '2026-06-13 03:03:22.747026'),
('7', 'Alejo', 'Del Corro', NULL, NULL, NULL, NULL, 't', '2026-06-13 03:03:22.747026', '2026-06-13 03:03:22.747026'),
('8', 'Eric', 'Farias', NULL, NULL, NULL, NULL, 't', '2026-06-13 03:03:22.747026', '2026-06-13 03:03:22.747026'),
('9', 'Lucia', 'Ludueña', NULL, NULL, NULL, NULL, 't', '2026-06-13 03:03:22.747026', '2026-06-13 03:03:22.747026'),
('10', 'Guillermo', 'Vazquez', NULL, NULL, NULL, NULL, 't', '2026-06-13 03:03:22.747026', '2026-06-13 03:03:22.747026'),
('11', 'Gilberto', 'Olvida', NULL, NULL, NULL, NULL, 't', '2026-06-13 03:03:22.747026', '2026-06-13 03:03:22.747026'),
('12', 'Salvador', 'Viale', NULL, NULL, NULL, NULL, 't', '2026-06-13 03:03:22.747026', '2026-06-13 03:03:22.747026');

INSERT INTO "public"."evaluation_categories" ("id", "code", "description", "active", "created_at", "updated_at") VALUES
('1', 'technical', 'Técnica', 't', '2026-06-13 02:56:33.515453', '2026-06-13 02:56:33.515453'),
('2', 'tactical', 'Táctica', 't', '2026-06-13 02:56:33.515453', '2026-06-13 02:56:33.515453'),
('3', 'mental', 'Mental', 't', '2026-06-13 02:56:33.515453', '2026-06-13 02:56:33.515453');

INSERT INTO "public"."match_player_records" ("id", "match_id", "player_team_id", "player_position_id", "starter", "captain", "minutes_played", "jersey_number", "notes", "created_by", "updated_by", "created_at", "updated_at") VALUES
('1', '3', '6', '1', 't', 'f', NULL, '1', NULL, 'seed', NULL, '2026-06-14 03:04:46.685027', '2026-06-14 03:04:46.685027'),
('2', '3', '30', '2', 't', 'f', NULL, '2', NULL, 'seed', NULL, '2026-06-14 03:04:46.685027', '2026-06-14 03:04:46.685027'),
('3', '3', '2', '3', 't', 'f', NULL, '3', NULL, 'seed', NULL, '2026-06-14 03:04:46.685027', '2026-06-14 03:04:46.685027'),
('4', '3', '35', '4', 't', 'f', NULL, '4', NULL, 'seed', NULL, '2026-06-14 03:04:46.685027', '2026-06-14 03:04:46.685027'),
('5', '3', '32', '5', 't', 'f', NULL, '5', NULL, 'seed', NULL, '2026-06-14 03:04:46.685027', '2026-06-14 03:04:46.685027'),
('6', '3', '11', '6', 't', 'f', NULL, '6', NULL, 'seed', NULL, '2026-06-14 03:04:46.685027', '2026-06-14 03:04:46.685027'),
('7', '3', '33', '7', 't', 'f', NULL, '7', NULL, 'seed', NULL, '2026-06-14 03:04:46.685027', '2026-06-14 03:04:46.685027'),
('8', '3', '15', '8', 't', 'f', NULL, '8', NULL, 'seed', NULL, '2026-06-14 03:04:46.685027', '2026-06-14 03:04:46.685027'),
('9', '3', '53', '9', 't', 'f', NULL, '9', NULL, 'seed', NULL, '2026-06-14 03:04:46.685027', '2026-06-14 03:04:46.685027'),
('10', '3', '47', '10', 't', 'f', NULL, '10', NULL, 'seed', NULL, '2026-06-14 03:04:46.685027', '2026-06-14 03:04:46.685027'),
('11', '3', '16', '11', 't', 'f', NULL, '11', NULL, 'seed', NULL, '2026-06-14 03:04:46.685027', '2026-06-14 03:04:46.685027'),
('12', '3', '56', '12', 't', 'f', NULL, '12', NULL, 'seed', NULL, '2026-06-14 03:04:46.685027', '2026-06-14 03:04:46.685027'),
('13', '3', '38', '13', 't', 'f', NULL, '13', NULL, 'seed', NULL, '2026-06-14 03:04:46.685027', '2026-06-14 03:04:46.685027'),
('14', '3', '65', '14', 't', 'f', NULL, '14', NULL, 'seed', NULL, '2026-06-14 03:04:46.685027', '2026-06-14 03:04:46.685027'),
('15', '3', '59', '15', 't', 'f', NULL, '15', NULL, 'seed', NULL, '2026-06-14 03:04:46.685027', '2026-06-14 03:04:46.685027'),
('16', '3', '37', '16', 'f', 'f', NULL, NULL, NULL, 'seed', NULL, '2026-06-14 03:04:46.685027', '2026-06-14 03:04:46.685027'),
('17', '3', '50', '17', 'f', 'f', NULL, NULL, NULL, 'seed', NULL, '2026-06-14 03:04:46.685027', '2026-06-14 03:04:46.685027'),
('18', '3', '51', '17', 'f', 'f', NULL, NULL, NULL, 'seed', NULL, '2026-06-14 03:04:46.685027', '2026-06-14 03:04:46.685027'),
('19', '3', '45', '19', 'f', 'f', NULL, NULL, NULL, 'seed', NULL, '2026-06-14 03:04:46.685027', '2026-06-14 03:04:46.685027'),
('20', '3', '8', '20', 'f', 'f', NULL, NULL, NULL, 'seed', NULL, '2026-06-14 03:04:46.685027', '2026-06-14 03:04:46.685027'),
('21', '3', '39', '21', 'f', 'f', NULL, NULL, NULL, 'seed', NULL, '2026-06-14 03:04:46.685027', '2026-06-14 03:04:46.685027'),
('22', '3', '48', '17', 'f', 'f', NULL, NULL, NULL, 'seed', NULL, '2026-06-14 03:04:46.685027', '2026-06-14 03:04:46.685027'),
('23', '2', '61', '1', 't', 'f', NULL, '1', NULL, 'seed', NULL, '2026-06-14 03:04:46.685027', '2026-06-14 03:04:46.685027'),
('24', '2', '21', '2', 't', 'f', NULL, '2', NULL, 'seed', NULL, '2026-06-14 03:04:46.685027', '2026-06-14 03:04:46.685027'),
('25', '2', '24', '3', 't', 'f', NULL, '3', NULL, 'seed', NULL, '2026-06-14 03:04:46.685027', '2026-06-14 03:04:46.685027'),
('26', '2', '42', '4', 't', 'f', NULL, '4', NULL, 'seed', NULL, '2026-06-14 03:04:46.685027', '2026-06-14 03:04:46.685027'),
('27', '2', '52', '5', 't', 'f', NULL, '5', NULL, 'seed', NULL, '2026-06-14 03:04:46.685027', '2026-06-14 03:04:46.685027'),
('28', '2', '60', '6', 't', 'f', NULL, '6', NULL, 'seed', NULL, '2026-06-14 03:04:46.685027', '2026-06-14 03:04:46.685027'),
('29', '2', '5', '7', 't', 'f', NULL, '7', NULL, 'seed', NULL, '2026-06-14 03:04:46.685027', '2026-06-14 03:04:46.685027'),
('30', '2', '68', '8', 't', 'f', NULL, '8', NULL, 'seed', NULL, '2026-06-14 03:04:46.685027', '2026-06-14 03:04:46.685027'),
('31', '2', '34', '9', 't', 'f', NULL, '9', NULL, 'seed', NULL, '2026-06-14 03:04:46.685027', '2026-06-14 03:04:46.685027'),
('32', '2', '62', '10', 't', 'f', NULL, '10', NULL, 'seed', NULL, '2026-06-14 03:04:46.685027', '2026-06-14 03:04:46.685027'),
('33', '2', '10', '11', 't', 'f', NULL, '11', NULL, 'seed', NULL, '2026-06-14 03:04:46.685027', '2026-06-14 03:04:46.685027'),
('34', '2', '20', '12', 't', 'f', NULL, '12', NULL, 'seed', NULL, '2026-06-14 03:04:46.685027', '2026-06-14 03:04:46.685027'),
('35', '2', '63', '13', 't', 'f', NULL, '13', NULL, 'seed', NULL, '2026-06-14 03:04:46.685027', '2026-06-14 03:04:46.685027'),
('36', '2', '22', '14', 't', 'f', NULL, '14', NULL, 'seed', NULL, '2026-06-14 03:04:46.685027', '2026-06-14 03:04:46.685027'),
('37', '2', '12', '15', 't', 'f', NULL, '15', NULL, 'seed', NULL, '2026-06-14 03:04:46.685027', '2026-06-14 03:04:46.685027'),
('38', '2', '55', '16', 'f', 'f', NULL, NULL, NULL, 'seed', NULL, '2026-06-14 03:04:46.685027', '2026-06-14 03:04:46.685027'),
('39', '2', '4', '17', 'f', 'f', NULL, NULL, NULL, 'seed', NULL, '2026-06-14 03:04:46.685027', '2026-06-14 03:04:46.685027'),
('40', '2', '3', '22', 'f', 'f', NULL, NULL, NULL, 'seed', NULL, '2026-06-14 03:04:46.685027', '2026-06-14 03:04:46.685027'),
('41', '2', '40', '22', 'f', 'f', NULL, NULL, NULL, 'seed', NULL, '2026-06-14 03:04:46.685027', '2026-06-14 03:04:46.685027'),
('42', '2', '27', '17', 'f', 'f', NULL, NULL, NULL, 'seed', NULL, '2026-06-14 03:04:46.685027', '2026-06-14 03:04:46.685027'),
('43', '2', '69', '16', 'f', 'f', NULL, NULL, NULL, 'seed', NULL, '2026-06-14 03:04:46.685027', '2026-06-14 03:04:46.685027'),
('44', '2', '25', '17', 'f', 'f', NULL, NULL, NULL, 'seed', NULL, '2026-06-14 03:04:46.685027', '2026-06-14 03:04:46.685027'),
('45', '1', '26', '1', 't', 'f', NULL, '1', NULL, 'seed', NULL, '2026-06-14 03:04:46.685027', '2026-06-14 03:04:46.685027'),
('46', '1', '55', '2', 't', 'f', NULL, '2', NULL, 'seed', NULL, '2026-06-14 03:04:46.685027', '2026-06-14 03:04:46.685027'),
('47', '1', '46', '3', 't', 'f', NULL, '3', NULL, 'seed', NULL, '2026-06-14 03:04:46.685027', '2026-06-14 03:04:46.685027'),
('48', '1', '18', '4', 't', 'f', NULL, '4', NULL, 'seed', NULL, '2026-06-14 03:04:46.685027', '2026-06-14 03:04:46.685027'),
('49', '1', '14', '5', 't', 'f', NULL, '5', NULL, 'seed', NULL, '2026-06-14 03:04:46.685027', '2026-06-14 03:04:46.685027'),
('50', '1', '58', '6', 't', 'f', NULL, '6', NULL, 'seed', NULL, '2026-06-14 03:04:46.685027', '2026-06-14 03:04:46.685027'),
('51', '1', '50', '7', 't', 'f', NULL, '7', NULL, 'seed', NULL, '2026-06-14 03:04:46.685027', '2026-06-14 03:04:46.685027'),
('52', '1', '36', '8', 't', 'f', NULL, '8', NULL, 'seed', NULL, '2026-06-14 03:04:46.685027', '2026-06-14 03:04:46.685027'),
('53', '1', '17', '9', 't', 'f', NULL, '9', NULL, 'seed', NULL, '2026-06-14 03:04:46.685027', '2026-06-14 03:04:46.685027'),
('54', '1', '31', '10', 't', 'f', NULL, '10', NULL, 'seed', NULL, '2026-06-14 03:04:46.685027', '2026-06-14 03:04:46.685027'),
('55', '1', '64', '11', 't', 'f', NULL, '11', NULL, 'seed', NULL, '2026-06-14 03:04:46.685027', '2026-06-14 03:04:46.685027'),
('56', '1', '13', '12', 't', 'f', NULL, '12', NULL, 'seed', NULL, '2026-06-14 03:04:46.685027', '2026-06-14 03:04:46.685027'),
('57', '1', '41', '13', 't', 'f', NULL, '13', NULL, 'seed', NULL, '2026-06-14 03:04:46.685027', '2026-06-14 03:04:46.685027'),
('58', '1', '66', '14', 't', 'f', NULL, '14', NULL, 'seed', NULL, '2026-06-14 03:04:46.685027', '2026-06-14 03:04:46.685027'),
('59', '1', '45', '15', 't', 'f', NULL, '15', NULL, 'seed', NULL, '2026-06-14 03:04:46.685027', '2026-06-14 03:04:46.685027'),
('60', '1', '29', '18', 'f', 'f', NULL, NULL, NULL, 'seed', NULL, '2026-06-14 03:04:46.685027', '2026-06-14 03:04:46.685027'),
('61', '1', '44', '16', 'f', 'f', NULL, NULL, NULL, 'seed', NULL, '2026-06-14 03:04:46.685027', '2026-06-14 03:04:46.685027');

INSERT INTO "public"."match_types" ("id", "code", "description", "active", "created_at", "updated_at") VALUES
('1', 'league', 'Torneo', 't', '2026-06-13 02:56:33.459363', '2026-06-13 02:56:33.459363'),
('2', 'friendly', 'Amistoso', 't', '2026-06-13 02:56:33.459363', '2026-06-13 02:56:33.459363'),
('3', 'festival', 'Encuentro', 't', '2026-06-13 02:56:33.459363', '2026-06-13 02:56:33.459363'),
('4', 'tour', 'Gira', 't', '2026-06-13 02:56:33.459363', '2026-06-13 02:56:33.459363');

INSERT INTO "public"."matches" ("id", "team_id", "match_type_id", "match_date", "opponent_name", "location", "home_away", "score_for", "score_against", "notes", "created_by", "updated_by", "created_at", "updated_at", "squad_id") VALUES
('1', '1', '1', '2026-06-05', 'Tala C', NULL, 'away', '45', '15', NULL, NULL, NULL, '2026-06-14 02:56:08.692731', '2026-06-14 02:56:08.692731', '3'),
('2', '1', '1', '2026-06-05', 'Cordoba Rugby', NULL, 'home', '35', '10', NULL, NULL, NULL, '2026-06-14 02:56:08.692731', '2026-06-14 02:56:08.692731', '2'),
('3', '1', '1', '2026-06-05', 'Carlos Paz', NULL, 'home', '40', '0', NULL, NULL, NULL, '2026-06-14 02:56:08.692731', '2026-06-14 02:56:08.692731', '1');

INSERT INTO "public"."player_level_evaluations" ("id", "player_team_id", "evaluator_coach_id", "evaluation_date", "level_score", "notes", "created_by", "updated_by", "created_at", "updated_at") VALUES
('141', '1', '1', '2026-03-01', '2.00', 'Initial M13 2026 level evaluation', 'seed', NULL, '2026-06-14 02:44:11.700329', '2026-06-14 02:44:11.700329'),
('142', '2', '1', '2026-03-01', '6.00', 'Initial M13 2026 level evaluation', 'seed', NULL, '2026-06-14 02:44:11.700329', '2026-06-14 02:44:11.700329'),
('143', '3', '1', '2026-03-01', '8.00', 'Initial M13 2026 level evaluation', 'seed', NULL, '2026-06-14 02:44:11.700329', '2026-06-14 02:44:11.700329'),
('144', '4', '1', '2026-03-01', '8.00', 'Initial M13 2026 level evaluation', 'seed', NULL, '2026-06-14 02:44:11.700329', '2026-06-14 02:44:11.700329'),
('145', '5', '1', '2026-03-01', '8.00', 'Initial M13 2026 level evaluation', 'seed', NULL, '2026-06-14 02:44:11.700329', '2026-06-14 02:44:11.700329'),
('146', '6', '1', '2026-03-01', '6.00', 'Initial M13 2026 level evaluation', 'seed', NULL, '2026-06-14 02:44:11.700329', '2026-06-14 02:44:11.700329'),
('147', '7', '1', '2026-03-01', '2.00', 'Initial M13 2026 level evaluation', 'seed', NULL, '2026-06-14 02:44:11.700329', '2026-06-14 02:44:11.700329'),
('148', '8', '1', '2026-03-01', '8.00', 'Initial M13 2026 level evaluation', 'seed', NULL, '2026-06-14 02:44:11.700329', '2026-06-14 02:44:11.700329'),
('149', '9', '1', '2026-03-01', '8.00', 'Initial M13 2026 level evaluation', 'seed', NULL, '2026-06-14 02:44:11.700329', '2026-06-14 02:44:11.700329'),
('150', '10', '1', '2026-03-01', '8.00', 'Initial M13 2026 level evaluation', 'seed', NULL, '2026-06-14 02:44:11.700329', '2026-06-14 02:44:11.700329'),
('151', '11', '1', '2026-03-01', '6.00', 'Initial M13 2026 level evaluation', 'seed', NULL, '2026-06-14 02:44:11.700329', '2026-06-14 02:44:11.700329'),
('152', '12', '1', '2026-03-01', '6.00', 'Initial M13 2026 level evaluation', 'seed', NULL, '2026-06-14 02:44:11.700329', '2026-06-14 02:44:11.700329'),
('153', '13', '1', '2026-03-01', '4.00', 'Initial M13 2026 level evaluation', 'seed', NULL, '2026-06-14 02:44:11.700329', '2026-06-14 02:44:11.700329'),
('154', '14', '1', '2026-03-01', '2.00', 'Initial M13 2026 level evaluation', 'seed', NULL, '2026-06-14 02:44:11.700329', '2026-06-14 02:44:11.700329'),
('155', '15', '1', '2026-03-01', '10.00', 'Initial M13 2026 level evaluation', 'seed', NULL, '2026-06-14 02:44:11.700329', '2026-06-14 02:44:11.700329'),
('156', '16', '1', '2026-03-01', '8.00', 'Initial M13 2026 level evaluation', 'seed', NULL, '2026-06-14 02:44:11.700329', '2026-06-14 02:44:11.700329'),
('157', '17', '1', '2026-03-01', '4.00', 'Initial M13 2026 level evaluation', 'seed', NULL, '2026-06-14 02:44:11.700329', '2026-06-14 02:44:11.700329'),
('158', '18', '1', '2026-03-01', '2.00', 'Initial M13 2026 level evaluation', 'seed', NULL, '2026-06-14 02:44:11.700329', '2026-06-14 02:44:11.700329'),
('159', '19', '1', '2026-03-01', '6.00', 'Initial M13 2026 level evaluation', 'seed', NULL, '2026-06-14 02:44:11.700329', '2026-06-14 02:44:11.700329'),
('160', '20', '1', '2026-03-01', '10.00', 'Initial M13 2026 level evaluation', 'seed', NULL, '2026-06-14 02:44:11.700329', '2026-06-14 02:44:11.700329'),
('161', '21', '1', '2026-03-01', '8.00', 'Initial M13 2026 level evaluation', 'seed', NULL, '2026-06-14 02:44:11.700329', '2026-06-14 02:44:11.700329'),
('162', '22', '1', '2026-03-01', '6.00', 'Initial M13 2026 level evaluation', 'seed', NULL, '2026-06-14 02:44:11.700329', '2026-06-14 02:44:11.700329'),
('163', '23', '1', '2026-03-01', '4.00', 'Initial M13 2026 level evaluation', 'seed', NULL, '2026-06-14 02:44:11.700329', '2026-06-14 02:44:11.700329'),
('164', '24', '1', '2026-03-01', '4.00', 'Initial M13 2026 level evaluation', 'seed', NULL, '2026-06-14 02:44:11.700329', '2026-06-14 02:44:11.700329'),
('165', '25', '1', '2026-03-01', '2.00', 'Initial M13 2026 level evaluation', 'seed', NULL, '2026-06-14 02:44:11.700329', '2026-06-14 02:44:11.700329'),
('166', '26', '1', '2026-03-01', '4.00', 'Initial M13 2026 level evaluation', 'seed', NULL, '2026-06-14 02:44:11.700329', '2026-06-14 02:44:11.700329'),
('167', '27', '1', '2026-03-01', '6.00', 'Initial M13 2026 level evaluation', 'seed', NULL, '2026-06-14 02:44:11.700329', '2026-06-14 02:44:11.700329'),
('168', '28', '1', '2026-03-01', '6.00', 'Initial M13 2026 level evaluation', 'seed', NULL, '2026-06-14 02:44:11.700329', '2026-06-14 02:44:11.700329'),
('169', '29', '1', '2026-03-01', '4.00', 'Initial M13 2026 level evaluation', 'seed', NULL, '2026-06-14 02:44:11.700329', '2026-06-14 02:44:11.700329'),
('170', '30', '1', '2026-03-01', '8.00', 'Initial M13 2026 level evaluation', 'seed', NULL, '2026-06-14 02:44:11.700329', '2026-06-14 02:44:11.700329'),
('171', '31', '1', '2026-03-01', '4.00', 'Initial M13 2026 level evaluation', 'seed', NULL, '2026-06-14 02:44:11.700329', '2026-06-14 02:44:11.700329'),
('172', '32', '1', '2026-03-01', '4.00', 'Initial M13 2026 level evaluation', 'seed', NULL, '2026-06-14 02:44:11.700329', '2026-06-14 02:44:11.700329'),
('173', '33', '1', '2026-03-01', '8.00', 'Initial M13 2026 level evaluation', 'seed', NULL, '2026-06-14 02:44:11.700329', '2026-06-14 02:44:11.700329'),
('174', '34', '1', '2026-03-01', '6.00', 'Initial M13 2026 level evaluation', 'seed', NULL, '2026-06-14 02:44:11.700329', '2026-06-14 02:44:11.700329'),
('175', '35', '1', '2026-03-01', '8.00', 'Initial M13 2026 level evaluation', 'seed', NULL, '2026-06-14 02:44:11.700329', '2026-06-14 02:44:11.700329'),
('176', '36', '1', '2026-03-01', '2.00', 'Initial M13 2026 level evaluation', 'seed', NULL, '2026-06-14 02:44:11.700329', '2026-06-14 02:44:11.700329'),
('177', '37', '1', '2026-03-01', '8.00', 'Initial M13 2026 level evaluation', 'seed', NULL, '2026-06-14 02:44:11.700329', '2026-06-14 02:44:11.700329'),
('178', '38', '1', '2026-03-01', '6.00', 'Initial M13 2026 level evaluation', 'seed', NULL, '2026-06-14 02:44:11.700329', '2026-06-14 02:44:11.700329'),
('179', '39', '1', '2026-03-01', '6.00', 'Initial M13 2026 level evaluation', 'seed', NULL, '2026-06-14 02:44:11.700329', '2026-06-14 02:44:11.700329'),
('180', '40', '1', '2026-03-01', '4.00', 'Initial M13 2026 level evaluation', 'seed', NULL, '2026-06-14 02:44:11.700329', '2026-06-14 02:44:11.700329'),
('181', '41', '1', '2026-03-01', '6.00', 'Initial M13 2026 level evaluation', 'seed', NULL, '2026-06-14 02:44:11.700329', '2026-06-14 02:44:11.700329'),
('182', '42', '1', '2026-03-01', '6.00', 'Initial M13 2026 level evaluation', 'seed', NULL, '2026-06-14 02:44:11.700329', '2026-06-14 02:44:11.700329'),
('183', '43', '1', '2026-03-01', '8.00', 'Initial M13 2026 level evaluation', 'seed', NULL, '2026-06-14 02:44:11.700329', '2026-06-14 02:44:11.700329'),
('184', '44', '1', '2026-03-01', '2.00', 'Initial M13 2026 level evaluation', 'seed', NULL, '2026-06-14 02:44:11.700329', '2026-06-14 02:44:11.700329'),
('185', '45', '1', '2026-03-01', '6.00', 'Initial M13 2026 level evaluation', 'seed', NULL, '2026-06-14 02:44:11.700329', '2026-06-14 02:44:11.700329'),
('186', '46', '1', '2026-03-01', '2.00', 'Initial M13 2026 level evaluation', 'seed', NULL, '2026-06-14 02:44:11.700329', '2026-06-14 02:44:11.700329'),
('187', '47', '1', '2026-03-01', '8.00', 'Initial M13 2026 level evaluation', 'seed', NULL, '2026-06-14 02:44:11.700329', '2026-06-14 02:44:11.700329'),
('188', '48', '1', '2026-03-01', '2.00', 'Initial M13 2026 level evaluation', 'seed', NULL, '2026-06-14 02:44:11.700329', '2026-06-14 02:44:11.700329'),
('189', '49', '1', '2026-03-01', '2.00', 'Initial M13 2026 level evaluation', 'seed', NULL, '2026-06-14 02:44:11.700329', '2026-06-14 02:44:11.700329'),
('190', '50', '1', '2026-03-01', '6.00', 'Initial M13 2026 level evaluation', 'seed', NULL, '2026-06-14 02:44:11.700329', '2026-06-14 02:44:11.700329'),
('191', '51', '1', '2026-03-01', '6.00', 'Initial M13 2026 level evaluation', 'seed', NULL, '2026-06-14 02:44:11.700329', '2026-06-14 02:44:11.700329'),
('192', '52', '1', '2026-03-01', '4.00', 'Initial M13 2026 level evaluation', 'seed', NULL, '2026-06-14 02:44:11.700329', '2026-06-14 02:44:11.700329'),
('193', '53', '1', '2026-03-01', '10.00', 'Initial M13 2026 level evaluation', 'seed', NULL, '2026-06-14 02:44:11.700329', '2026-06-14 02:44:11.700329'),
('194', '54', '1', '2026-03-01', '4.00', 'Initial M13 2026 level evaluation', 'seed', NULL, '2026-06-14 02:44:11.700329', '2026-06-14 02:44:11.700329'),
('195', '55', '1', '2026-03-01', '6.00', 'Initial M13 2026 level evaluation', 'seed', NULL, '2026-06-14 02:44:11.700329', '2026-06-14 02:44:11.700329'),
('196', '56', '1', '2026-03-01', '10.00', 'Initial M13 2026 level evaluation', 'seed', NULL, '2026-06-14 02:44:11.700329', '2026-06-14 02:44:11.700329'),
('197', '57', '1', '2026-03-01', '2.00', 'Initial M13 2026 level evaluation', 'seed', NULL, '2026-06-14 02:44:11.700329', '2026-06-14 02:44:11.700329'),
('198', '58', '1', '2026-03-01', '4.00', 'Initial M13 2026 level evaluation', 'seed', NULL, '2026-06-14 02:44:11.700329', '2026-06-14 02:44:11.700329'),
('199', '59', '1', '2026-03-01', '10.00', 'Initial M13 2026 level evaluation', 'seed', NULL, '2026-06-14 02:44:11.700329', '2026-06-14 02:44:11.700329'),
('200', '60', '1', '2026-03-01', '10.00', 'Initial M13 2026 level evaluation', 'seed', NULL, '2026-06-14 02:44:11.700329', '2026-06-14 02:44:11.700329'),
('201', '61', '1', '2026-03-01', '6.00', 'Initial M13 2026 level evaluation', 'seed', NULL, '2026-06-14 02:44:11.700329', '2026-06-14 02:44:11.700329'),
('202', '62', '1', '2026-03-01', '10.00', 'Initial M13 2026 level evaluation', 'seed', NULL, '2026-06-14 02:44:11.700329', '2026-06-14 02:44:11.700329'),
('203', '63', '1', '2026-03-01', '10.00', 'Initial M13 2026 level evaluation', 'seed', NULL, '2026-06-14 02:44:11.700329', '2026-06-14 02:44:11.700329'),
('204', '64', '1', '2026-03-01', '2.00', 'Initial M13 2026 level evaluation', 'seed', NULL, '2026-06-14 02:44:11.700329', '2026-06-14 02:44:11.700329'),
('205', '65', '1', '2026-03-01', '6.00', 'Initial M13 2026 level evaluation', 'seed', NULL, '2026-06-14 02:44:11.700329', '2026-06-14 02:44:11.700329'),
('206', '66', '1', '2026-03-01', '6.00', 'Initial M13 2026 level evaluation', 'seed', NULL, '2026-06-14 02:44:11.700329', '2026-06-14 02:44:11.700329'),
('207', '67', '1', '2026-03-01', '2.00', 'Initial M13 2026 level evaluation', 'seed', NULL, '2026-06-14 02:44:11.700329', '2026-06-14 02:44:11.700329'),
('208', '68', '1', '2026-03-01', '10.00', 'Initial M13 2026 level evaluation', 'seed', NULL, '2026-06-14 02:44:11.700329', '2026-06-14 02:44:11.700329'),
('209', '69', '1', '2026-03-01', '4.00', 'Initial M13 2026 level evaluation', 'seed', NULL, '2026-06-14 02:44:11.700329', '2026-06-14 02:44:11.700329'),
('210', '70', '1', '2026-03-01', '6.00', 'Initial M13 2026 level evaluation', 'seed', NULL, '2026-06-14 02:44:11.700329', '2026-06-14 02:44:11.700329');

INSERT INTO "public"."player_measurements" ("id", "player_team_id", "measurement_date", "height_cm", "weight_kg", "notes", "created_by", "updated_by", "created_at", "updated_at") VALUES
('1', '2', '2026-03-01', '163.00', '53.00', NULL, 'seed', NULL, '2026-06-14 00:35:40.051074', '2026-06-14 00:35:40.051074'),
('2', '3', '2026-03-01', '135.00', '39.00', NULL, 'seed', NULL, '2026-06-14 00:35:40.051074', '2026-06-14 00:35:40.051074'),
('3', '4', '2026-03-01', '173.00', '62.00', NULL, 'seed', NULL, '2026-06-14 00:35:40.051074', '2026-06-14 00:35:40.051074'),
('4', '5', '2026-03-01', '170.00', '60.00', NULL, 'seed', NULL, '2026-06-14 00:35:40.051074', '2026-06-14 00:35:40.051074'),
('5', '6', '2026-03-01', '167.00', '82.00', NULL, 'seed', NULL, '2026-06-14 00:35:40.051074', '2026-06-14 00:35:40.051074'),
('6', '9', '2026-03-01', '150.00', '38.00', NULL, 'seed', NULL, '2026-06-14 00:35:40.051074', '2026-06-14 00:35:40.051074'),
('7', '10', '2026-03-01', '159.00', '51.00', NULL, 'seed', NULL, '2026-06-14 00:35:40.051074', '2026-06-14 00:35:40.051074'),
('8', '11', '2026-03-01', '162.00', '48.00', NULL, 'seed', NULL, '2026-06-14 00:35:40.051074', '2026-06-14 00:35:40.051074'),
('9', '15', '2026-03-01', '168.00', '59.00', NULL, 'seed', NULL, '2026-06-14 00:35:40.051074', '2026-06-14 00:35:40.051074'),
('10', '16', '2026-03-01', '163.00', '42.00', NULL, 'seed', NULL, '2026-06-14 00:35:40.051074', '2026-06-14 00:35:40.051074'),
('11', '17', '2026-03-01', '140.00', '37.00', NULL, 'seed', NULL, '2026-06-14 00:35:40.051074', '2026-06-14 00:35:40.051074'),
('12', '19', '2026-03-01', '141.00', '32.00', NULL, 'seed', NULL, '2026-06-14 00:35:40.051074', '2026-06-14 00:35:40.051074'),
('13', '20', '2026-03-01', '166.00', '58.00', NULL, 'seed', NULL, '2026-06-14 00:35:40.051074', '2026-06-14 00:35:40.051074'),
('14', '21', '2026-03-01', '150.00', '52.00', NULL, 'seed', NULL, '2026-06-14 00:35:40.051074', '2026-06-14 00:35:40.051074'),
('15', '22', '2026-03-01', '162.00', '40.00', NULL, 'seed', NULL, '2026-06-14 00:35:40.051074', '2026-06-14 00:35:40.051074'),
('16', '24', '2026-03-01', '164.00', '68.00', NULL, 'seed', NULL, '2026-06-14 00:35:40.051074', '2026-06-14 00:35:40.051074'),
('17', '28', '2026-03-01', '171.00', '67.00', NULL, 'seed', NULL, '2026-06-14 00:35:40.051074', '2026-06-14 00:35:40.051074'),
('18', '30', '2026-03-01', '152.00', '69.00', NULL, 'seed', NULL, '2026-06-14 00:35:40.051074', '2026-06-14 00:35:40.051074'),
('19', '33', '2026-03-01', '168.00', '64.00', NULL, 'seed', NULL, '2026-06-14 00:35:40.051074', '2026-06-14 00:35:40.051074'),
('20', '34', '2026-03-01', '147.00', '39.00', NULL, 'seed', NULL, '2026-06-14 00:35:40.051074', '2026-06-14 00:35:40.051074'),
('21', '35', '2026-03-01', '166.00', '59.00', NULL, 'seed', NULL, '2026-06-14 00:35:40.051074', '2026-06-14 00:35:40.051074'),
('22', '37', '2026-03-01', '159.00', '59.00', NULL, 'seed', NULL, '2026-06-14 00:35:40.051074', '2026-06-14 00:35:40.051074'),
('23', '40', '2026-03-01', '154.00', '40.00', NULL, 'seed', NULL, '2026-06-14 00:35:40.051074', '2026-06-14 00:35:40.051074'),
('24', '43', '2026-03-01', '150.00', '38.00', NULL, 'seed', NULL, '2026-06-14 00:35:40.051074', '2026-06-14 00:35:40.051074'),
('25', '45', '2026-03-01', '144.00', '32.00', NULL, 'seed', NULL, '2026-06-14 00:35:40.051074', '2026-06-14 00:35:40.051074'),
('26', '46', '2026-03-01', '152.00', '46.00', NULL, 'seed', NULL, '2026-06-14 00:35:40.051074', '2026-06-14 00:35:40.051074'),
('27', '47', '2026-03-01', '141.00', '43.00', NULL, 'seed', NULL, '2026-06-14 00:35:40.051074', '2026-06-14 00:35:40.051074'),
('28', '50', '2026-03-01', '154.00', '43.00', NULL, 'seed', NULL, '2026-06-14 00:35:40.051074', '2026-06-14 00:35:40.051074'),
('29', '51', '2026-03-01', '167.00', '60.00', NULL, 'seed', NULL, '2026-06-14 00:35:40.051074', '2026-06-14 00:35:40.051074'),
('30', '53', '2026-03-01', '165.00', '53.00', NULL, 'seed', NULL, '2026-06-14 00:35:40.051074', '2026-06-14 00:35:40.051074'),
('31', '59', '2026-03-01', '162.00', '47.00', NULL, 'seed', NULL, '2026-06-14 00:35:40.051074', '2026-06-14 00:35:40.051074'),
('32', '60', '2026-03-01', '150.00', '40.00', NULL, 'seed', NULL, '2026-06-14 00:35:40.051074', '2026-06-14 00:35:40.051074'),
('33', '61', '2026-03-01', '165.00', '61.00', NULL, 'seed', NULL, '2026-06-14 00:35:40.051074', '2026-06-14 00:35:40.051074'),
('34', '62', '2026-03-01', '156.00', '48.00', NULL, 'seed', NULL, '2026-06-14 00:35:40.051074', '2026-06-14 00:35:40.051074'),
('35', '63', '2026-03-01', '170.00', '61.00', NULL, 'seed', NULL, '2026-06-14 00:35:40.051074', '2026-06-14 00:35:40.051074'),
('36', '64', '2026-03-01', '143.00', '34.00', NULL, 'seed', NULL, '2026-06-14 00:35:40.051074', '2026-06-14 00:35:40.051074'),
('37', '65', '2026-03-01', '160.00', '50.00', NULL, 'seed', NULL, '2026-06-14 00:35:40.051074', '2026-06-14 00:35:40.051074'),
('38', '68', '2026-03-01', '167.00', '57.00', NULL, 'seed', NULL, '2026-06-14 00:35:40.051074', '2026-06-14 00:35:40.051074'),
('39', '69', '2026-03-01', '150.00', '41.00', NULL, 'seed', NULL, '2026-06-14 00:35:40.051074', '2026-06-14 00:35:40.051074');

INSERT INTO "public"."player_positions" ("id", "player_position_number", "code", "description", "position_group", "position_sub_group", "active", "created_at", "updated_at") VALUES
('1', '1', 'prop_loosehead', 'Pilar Izquierdo', 'FORWARDS', 'FIRST_LINE', 't', '2026-06-13 02:56:33.244659', '2026-06-13 02:56:33.244659'),
('2', '2', 'hooker', 'Hooker', 'FORWARDS', 'FIRST_LINE', 't', '2026-06-13 02:56:33.244659', '2026-06-13 02:56:33.244659'),
('3', '3', 'prop_tighthead', 'Pilar Derecho', 'FORWARDS', 'FIRST_LINE', 't', '2026-06-13 02:56:33.244659', '2026-06-13 02:56:33.244659'),
('4', '4', 'lock_4', 'Segunda Línea', 'FORWARDS', 'SECOND_LINE', 't', '2026-06-13 02:56:33.244659', '2026-06-13 02:56:33.244659'),
('5', '5', 'lock_5', 'Segunda Línea', 'FORWARDS', 'SECOND_LINE', 't', '2026-06-13 02:56:33.244659', '2026-06-13 02:56:33.244659'),
('6', '6', 'flanker_blindside', 'Ala Cerrado', 'FORWARDS', 'THIRD_LINE', 't', '2026-06-13 02:56:33.244659', '2026-06-13 02:56:33.244659'),
('7', '7', 'flanker_openside', 'Ala Abierto', 'FORWARDS', 'THIRD_LINE', 't', '2026-06-13 02:56:33.244659', '2026-06-13 02:56:33.244659'),
('8', '8', 'number_8', 'Octavo', 'FORWARDS', 'THIRD_LINE', 't', '2026-06-13 02:56:33.244659', '2026-06-13 02:56:33.244659'),
('9', '9', 'scrum_half', 'Medio Scrum', 'BACKS', 'SCRUM_HALF', 't', '2026-06-13 02:56:33.244659', '2026-06-13 02:56:33.244659'),
('10', '10', 'fly_half', 'Apertura', 'BACKS', 'FLY_HALF', 't', '2026-06-13 02:56:33.244659', '2026-06-13 02:56:33.244659'),
('11', '11', 'left_wing', 'Wing Izquierdo', 'BACKS', 'WING', 't', '2026-06-13 02:56:33.244659', '2026-06-13 02:56:33.244659'),
('12', '12', 'inside_center', 'Centro Interno', 'BACKS', 'CENTER', 't', '2026-06-13 02:56:33.244659', '2026-06-13 02:56:33.244659'),
('13', '13', 'outside_center', 'Centro Externo', 'BACKS', 'CENTER', 't', '2026-06-13 02:56:33.244659', '2026-06-13 02:56:33.244659'),
('14', '14', 'right_wing', 'Wing Derecho', 'BACKS', 'WING', 't', '2026-06-13 02:56:33.244659', '2026-06-13 02:56:33.244659'),
('15', '15', 'fullback', 'Full Back', 'BACKS', 'FULLBACK', 't', '2026-06-13 02:56:33.244659', '2026-06-13 02:56:33.244659'),
('16', NULL, 'first_line', 'Primera Línea', 'FORWARDS', 'FIRST_LINE', 't', '2026-06-13 03:20:05.440491', '2026-06-13 03:20:05.440491'),
('17', NULL, 'second_line', 'Segunda Línea', 'FORWARDS', 'SECOND_LINE', 't', '2026-06-13 03:20:05.440491', '2026-06-13 03:20:05.440491'),
('18', NULL, 'third_line', 'Tercera Línea', 'FORWARDS', 'THIRD_LINE', 't', '2026-06-13 03:20:05.440491', '2026-06-13 03:20:05.440491'),
('19', NULL, 'scrum_half_generic', 'Medio Scrum', 'BACKS', 'SCRUM_HALF', 't', '2026-06-13 03:20:05.440491', '2026-06-13 03:20:05.440491'),
('20', NULL, 'fly_half_generic', 'Apertura', 'BACKS', 'FLY_HALF', 't', '2026-06-13 03:20:05.440491', '2026-06-13 03:20:05.440491'),
('21', NULL, 'center_generic', 'Centro', 'BACKS', 'CENTER', 't', '2026-06-13 03:20:05.440491', '2026-06-13 03:20:05.440491'),
('22', NULL, 'wing_generic', 'Wing', 'BACKS', 'WING', 't', '2026-06-13 03:20:05.440491', '2026-06-13 03:20:05.440491'),
('23', NULL, 'fullback_generic', 'Full Back', 'BACKS', 'FULLBACK', 't', '2026-06-13 03:20:05.440491', '2026-06-13 03:20:05.440491');

INSERT INTO "public"."player_teams" ("id", "player_id", "team_id", "primary_position_id", "alternative_position_id", "active", "joined_at", "left_at", "notes", "created_by", "updated_by", "created_at", "updated_at") VALUES
('1', '1', '1', NULL, NULL, 't', '2026-02-01', NULL, NULL, 'seed', NULL, '2026-06-13 03:20:05.606285', '2026-06-13 03:20:05.606285'),
('2', '2', '1', '17', '18', 't', '2026-02-01', NULL, NULL, 'seed', NULL, '2026-06-13 03:20:05.606285', '2026-06-13 03:20:05.606285'),
('3', '3', '1', '22', '19', 't', '2026-02-01', NULL, NULL, 'seed', NULL, '2026-06-13 03:20:05.606285', '2026-06-13 03:20:05.606285'),
('4', '4', '1', '17', '18', 't', '2026-02-01', NULL, NULL, 'seed', NULL, '2026-06-13 03:20:05.606285', '2026-06-13 03:20:05.606285'),
('5', '5', '1', '18', '17', 't', '2026-02-01', NULL, NULL, 'seed', NULL, '2026-06-13 03:20:05.606285', '2026-06-13 03:20:05.606285'),
('6', '6', '1', '16', '17', 't', '2026-02-01', NULL, NULL, 'seed', NULL, '2026-06-13 03:20:05.606285', '2026-06-13 03:20:05.606285'),
('7', '7', '1', '16', '17', 't', '2026-02-01', NULL, NULL, 'seed', NULL, '2026-06-13 03:20:05.606285', '2026-06-13 03:20:05.606285'),
('8', '8', '1', '20', '23', 't', '2026-02-01', NULL, NULL, 'seed', NULL, '2026-06-13 03:20:05.606285', '2026-06-13 03:20:05.606285'),
('9', '9', '1', '16', '18', 't', '2026-02-01', NULL, NULL, 'seed', NULL, '2026-06-13 03:20:05.606285', '2026-06-13 03:20:05.606285'),
('10', '10', '1', '22', '23', 't', '2026-02-01', NULL, NULL, 'seed', NULL, '2026-06-13 03:20:05.606285', '2026-06-13 03:20:05.606285'),
('11', '11', '1', '17', '18', 't', '2026-02-01', NULL, NULL, 'seed', NULL, '2026-06-13 03:20:05.606285', '2026-06-13 03:20:05.606285'),
('12', '12', '1', '22', '23', 't', '2026-02-01', NULL, NULL, 'seed', NULL, '2026-06-13 03:20:05.606285', '2026-06-13 03:20:05.606285'),
('13', '13', '1', '16', '18', 't', '2026-02-01', NULL, NULL, 'seed', NULL, '2026-06-13 03:20:05.606285', '2026-06-13 03:20:05.606285'),
('14', '14', '1', '16', '16', 't', '2026-02-01', NULL, NULL, 'seed', NULL, '2026-06-13 03:20:05.606285', '2026-06-13 03:20:05.606285'),
('15', '15', '1', '18', '21', 't', '2026-02-01', NULL, NULL, 'seed', NULL, '2026-06-13 03:20:05.606285', '2026-06-13 03:20:05.606285'),
('16', '16', '1', '21', '18', 't', '2026-02-01', NULL, NULL, 'seed', NULL, '2026-06-13 03:20:05.606285', '2026-06-13 03:20:05.606285'),
('17', '17', '1', '19', '22', 't', '2026-02-01', NULL, NULL, 'seed', NULL, '2026-06-13 03:20:05.606285', '2026-06-13 03:20:05.606285'),
('18', '18', '1', '17', '16', 't', '2026-02-01', NULL, NULL, 'seed', NULL, '2026-06-13 03:20:05.606285', '2026-06-13 03:20:05.606285'),
('19', '19', '1', '22', '19', 't', '2026-02-01', NULL, NULL, 'seed', NULL, '2026-06-13 03:20:05.606285', '2026-06-13 03:20:05.606285'),
('20', '20', '1', '21', '18', 't', '2026-02-01', NULL, NULL, 'seed', NULL, '2026-06-13 03:20:05.606285', '2026-06-13 03:20:05.606285'),
('21', '21', '1', '16', '18', 't', '2026-02-01', NULL, NULL, 'seed', NULL, '2026-06-13 03:20:05.606285', '2026-06-13 03:20:05.606285'),
('22', '22', '1', '22', '21', 't', '2026-02-01', NULL, NULL, 'seed', NULL, '2026-06-13 03:20:05.606285', '2026-06-13 03:20:05.606285'),
('23', '23', '1', '22', '19', 't', '2026-02-01', NULL, NULL, 'seed', NULL, '2026-06-13 03:20:05.606285', '2026-06-13 03:20:05.606285'),
('24', '24', '1', '16', '17', 't', '2026-02-01', NULL, NULL, 'seed', NULL, '2026-06-13 03:20:05.606285', '2026-06-13 03:20:05.606285'),
('25', '25', '1', '17', '16', 't', '2026-02-01', NULL, NULL, 'seed', NULL, '2026-06-13 03:20:05.606285', '2026-06-13 03:20:05.606285'),
('26', '26', '1', '16', '17', 't', '2026-02-01', NULL, NULL, 'seed', NULL, '2026-06-13 03:20:05.606285', '2026-06-13 03:20:05.606285'),
('27', '27', '1', '17', '18', 't', '2026-02-01', NULL, NULL, 'seed', NULL, '2026-06-13 03:20:05.606285', '2026-06-13 03:20:05.606285'),
('28', '28', '1', '17', '16', 't', '2026-02-01', NULL, NULL, 'seed', NULL, '2026-06-13 03:20:05.606285', '2026-06-13 03:20:05.606285'),
('29', '29', '1', '18', '22', 't', '2026-02-01', NULL, NULL, 'seed', NULL, '2026-06-13 03:20:05.606285', '2026-06-13 03:20:05.606285'),
('30', '30', '1', '16', '18', 't', '2026-02-01', NULL, NULL, 'seed', NULL, '2026-06-13 03:20:05.606285', '2026-06-13 03:20:05.606285'),
('31', '31', '1', '19', '20', 't', '2026-02-01', NULL, NULL, 'seed', NULL, '2026-06-13 03:20:05.606285', '2026-06-13 03:20:05.606285'),
('32', '32', '1', '17', '18', 't', '2026-02-01', NULL, NULL, 'seed', NULL, '2026-06-13 03:20:05.606285', '2026-06-13 03:20:05.606285'),
('33', '33', '1', '18', '17', 't', '2026-02-01', NULL, NULL, 'seed', NULL, '2026-06-13 03:20:05.606285', '2026-06-13 03:20:05.606285'),
('34', '34', '1', '19', '20', 't', '2026-02-01', NULL, NULL, 'seed', NULL, '2026-06-13 03:20:05.606285', '2026-06-13 03:20:05.606285'),
('35', '35', '1', '17', '18', 't', '2026-02-01', NULL, NULL, 'seed', NULL, '2026-06-13 03:20:05.606285', '2026-06-13 03:20:05.606285'),
('36', '36', '1', '16', '17', 't', '2026-02-01', NULL, NULL, 'seed', NULL, '2026-06-13 03:20:05.606285', '2026-06-13 03:20:05.606285'),
('37', '37', '1', '16', '17', 't', '2026-02-01', NULL, NULL, 'seed', NULL, '2026-06-13 03:20:05.606285', '2026-06-13 03:20:05.606285'),
('38', '38', '1', '22', '21', 't', '2026-02-01', NULL, NULL, 'seed', NULL, '2026-06-13 03:20:05.606285', '2026-06-13 03:20:05.606285'),
('39', '39', '1', '21', '18', 't', '2026-02-01', NULL, NULL, 'seed', NULL, '2026-06-13 03:20:05.606285', '2026-06-13 03:20:05.606285'),
('40', '40', '1', '22', '17', 't', '2026-02-01', NULL, NULL, 'seed', NULL, '2026-06-13 03:20:05.606285', '2026-06-13 03:20:05.606285'),
('41', '41', '1', '16', '20', 't', '2026-02-01', NULL, NULL, 'seed', NULL, '2026-06-13 03:20:05.606285', '2026-06-13 03:20:05.606285'),
('42', '42', '1', '17', '18', 't', '2026-02-01', NULL, NULL, 'seed', NULL, '2026-06-13 03:20:05.606285', '2026-06-13 03:20:05.606285'),
('43', '43', '1', '18', '22', 't', '2026-02-01', NULL, NULL, 'seed', NULL, '2026-06-13 03:20:05.606285', '2026-06-13 03:20:05.606285'),
('44', '44', '1', '16', '17', 't', '2026-02-01', NULL, NULL, 'seed', NULL, '2026-06-13 03:20:05.606285', '2026-06-13 03:20:05.606285'),
('45', '45', '1', '19', '20', 't', '2026-02-01', NULL, NULL, 'seed', NULL, '2026-06-13 03:20:05.606285', '2026-06-13 03:20:05.606285'),
('46', '46', '1', '16', '17', 't', '2026-02-01', NULL, NULL, 'seed', NULL, '2026-06-13 03:20:05.606285', '2026-06-13 03:20:05.606285'),
('47', '47', '1', '20', '21', 't', '2026-02-01', NULL, NULL, 'seed', NULL, '2026-06-13 03:20:05.606285', '2026-06-13 03:20:05.606285'),
('48', '48', '1', '17', '16', 't', '2026-02-01', NULL, NULL, 'seed', NULL, '2026-06-13 03:20:05.606285', '2026-06-13 03:20:05.606285'),
('49', '49', '1', '16', '17', 't', '2026-02-01', NULL, NULL, 'seed', NULL, '2026-06-13 03:20:05.606285', '2026-06-13 03:20:05.606285'),
('50', '50', '1', '17', '18', 't', '2026-02-01', NULL, NULL, 'seed', NULL, '2026-06-13 03:20:05.606285', '2026-06-13 03:20:05.606285'),
('51', '51', '1', '17', '18', 't', '2026-02-01', NULL, NULL, 'seed', NULL, '2026-06-13 03:20:05.606285', '2026-06-13 03:20:05.606285'),
('52', '52', '1', '17', '18', 't', '2026-02-01', NULL, NULL, 'seed', NULL, '2026-06-13 03:20:05.606285', '2026-06-13 03:20:05.606285'),
('53', '53', '1', '19', '20', 't', '2026-02-01', NULL, NULL, 'seed', NULL, '2026-06-13 03:20:05.606285', '2026-06-13 03:20:05.606285'),
('54', '54', '1', '16', '18', 't', '2026-02-01', NULL, NULL, 'seed', NULL, '2026-06-13 03:20:05.606285', '2026-06-13 03:20:05.606285'),
('55', '55', '1', '16', '16', 't', '2026-02-01', NULL, NULL, 'seed', NULL, '2026-06-13 03:20:05.606285', '2026-06-13 03:20:05.606285'),
('56', '56', '1', '21', '18', 't', '2026-02-01', NULL, NULL, 'seed', NULL, '2026-06-13 03:20:05.606285', '2026-06-13 03:20:05.606285'),
('57', '57', '1', '17', '16', 't', '2026-02-01', NULL, NULL, 'seed', NULL, '2026-06-13 03:20:05.606285', '2026-06-13 03:20:05.606285'),
('58', '58', '1', NULL, NULL, 't', '2026-02-01', NULL, NULL, 'seed', NULL, '2026-06-13 03:20:05.606285', '2026-06-13 03:20:05.606285'),
('59', '59', '1', '23', '18', 't', '2026-02-01', NULL, NULL, 'seed', NULL, '2026-06-13 03:20:05.606285', '2026-06-13 03:20:05.606285'),
('60', '60', '1', '18', '16', 't', '2026-02-01', NULL, NULL, 'seed', NULL, '2026-06-13 03:20:05.606285', '2026-06-13 03:20:05.606285'),
('61', '61', '1', '16', '17', 't', '2026-02-01', NULL, NULL, 'seed', NULL, '2026-06-13 03:20:05.606285', '2026-06-13 03:20:05.606285'),
('62', '62', '1', '20', '21', 't', '2026-02-01', NULL, NULL, 'seed', NULL, '2026-06-13 03:20:05.606285', '2026-06-13 03:20:05.606285'),
('63', '63', '1', '21', '18', 't', '2026-02-01', NULL, NULL, 'seed', NULL, '2026-06-13 03:20:05.606285', '2026-06-13 03:20:05.606285'),
('64', '64', '1', '16', '16', 't', '2026-02-01', NULL, NULL, 'seed', NULL, '2026-06-13 03:20:05.606285', '2026-06-13 03:20:05.606285'),
('65', '65', '1', '22', '21', 't', '2026-02-01', NULL, NULL, 'seed', NULL, '2026-06-13 03:20:05.606285', '2026-06-13 03:20:05.606285'),
('66', '66', '1', '22', '22', 't', '2026-02-01', NULL, NULL, 'seed', NULL, '2026-06-13 03:20:05.606285', '2026-06-13 03:20:05.606285'),
('67', '67', '1', '16', '16', 't', '2026-02-01', NULL, NULL, 'seed', NULL, '2026-06-13 03:20:05.606285', '2026-06-13 03:20:05.606285'),
('68', '68', '1', '18', '18', 't', '2026-02-01', NULL, NULL, 'seed', NULL, '2026-06-13 03:20:05.606285', '2026-06-13 03:20:05.606285'),
('69', '69', '1', '16', '16', 't', '2026-02-01', NULL, NULL, 'seed', NULL, '2026-06-13 03:20:05.606285', '2026-06-13 03:20:05.606285'),
('70', '70', '1', '16', '17', 't', '2026-02-01', NULL, NULL, 'seed', NULL, '2026-06-13 03:20:05.606285', '2026-06-13 03:20:05.606285');

INSERT INTO "public"."players" ("id", "first_name", "last_name", "birth_date", "document_number", "email", "phone", "active", "created_at", "updated_at") VALUES
('1', 'Tomas', 'Badra', NULL, NULL, NULL, NULL, 't', '2026-06-13 03:20:05.563534', '2026-06-13 03:20:05.563534'),
('2', 'Luca', 'Ballatore', '2013-11-01', '53263788', NULL, NULL, 't', '2026-06-13 03:20:05.563534', '2026-06-13 03:20:05.563534'),
('3', 'Dante', 'Barros Fachin', '2013-07-23', '53504428', NULL, NULL, 't', '2026-06-13 03:20:05.563534', '2026-06-13 03:20:05.563534'),
('4', 'Pedro', 'Beltrán', '2013-10-02', '53481135', NULL, NULL, 't', '2026-06-13 03:20:05.563534', '2026-06-13 03:20:05.563534'),
('5', 'Pedro', 'Bernardi', '2013-05-27', '52868692', NULL, NULL, 't', '2026-06-13 03:20:05.563534', '2026-06-13 03:20:05.563534'),
('6', 'Camilo', 'Branda', NULL, NULL, NULL, NULL, 't', '2026-06-13 03:20:05.563534', '2026-06-13 03:20:05.563534'),
('7', 'Francisco', 'Brandan', NULL, NULL, NULL, NULL, 't', '2026-06-13 03:20:05.563534', '2026-06-13 03:20:05.563534'),
('8', 'Tomas', 'Carranza', '2013-08-06', '53263948', NULL, NULL, 't', '2026-06-13 03:20:05.563534', '2026-06-13 03:20:05.563534'),
('9', 'Francisco', 'Castellanos', '2013-06-25', '53223880', NULL, NULL, 't', '2026-06-13 03:20:05.563534', '2026-06-13 03:20:05.563534'),
('10', 'Salvador', 'Ceballos', '2013-05-03', '52868612', NULL, NULL, 't', '2026-06-13 03:20:05.563534', '2026-06-13 03:20:05.563534'),
('11', 'Dante', 'Cicarella', NULL, '53504463', NULL, NULL, 't', '2026-06-13 03:20:05.563534', '2026-06-13 03:20:05.563534'),
('12', 'Ramiro', 'Citati', '2013-10-21', '53481609', NULL, NULL, 't', '2026-06-13 03:20:05.563534', '2026-06-13 03:20:05.563534'),
('13', 'Matías', 'Colino', NULL, NULL, NULL, NULL, 't', '2026-06-13 03:20:05.563534', '2026-06-13 03:20:05.563534'),
('14', 'Santino', 'De Almeida', NULL, NULL, NULL, NULL, 't', '2026-06-13 03:20:05.563534', '2026-06-13 03:20:05.563534'),
('15', 'Baltazar', 'De la Cuesta', '2013-01-23', '52864210', NULL, NULL, 't', '2026-06-13 03:20:05.563534', '2026-06-13 03:20:05.563534'),
('16', 'Ignacio', 'De Miguel', '2013-03-07', '52962688', NULL, NULL, 't', '2026-06-13 03:20:05.563534', '2026-06-13 03:20:05.563534'),
('17', 'Gregorio', 'Del Valle', NULL, NULL, NULL, NULL, 't', '2026-06-13 03:20:05.563534', '2026-06-13 03:20:05.563534'),
('18', 'Agustín', 'Dellavedova', NULL, NULL, NULL, NULL, 't', '2026-06-13 03:20:05.563534', '2026-06-13 03:20:05.563534'),
('19', 'Cayetano', 'Ferla', '2014-04-10', '53733849', NULL, NULL, 't', '2026-06-13 03:20:05.563534', '2026-06-13 03:20:05.563534'),
('20', 'Greogorio', 'Fernandez', '2013-04-09', '52866602', NULL, NULL, 't', '2026-06-13 03:20:05.563534', '2026-06-13 03:20:05.563534'),
('21', 'Tomas', 'Ferrer', '2013-06-13', '53078262', NULL, NULL, 't', '2026-06-13 03:20:05.563534', '2026-06-13 03:20:05.563534'),
('22', 'Santiago', 'Ferro', '2013-08-29', '53407555', NULL, NULL, 't', '2026-06-13 03:20:05.563534', '2026-06-13 03:20:05.563534'),
('23', 'Gregorio', 'Gacitúa', NULL, NULL, NULL, NULL, 't', '2026-06-13 03:20:05.563534', '2026-06-13 03:20:05.563534'),
('24', 'Ignacio', 'Grenat', NULL, NULL, NULL, NULL, 't', '2026-06-13 03:20:05.563534', '2026-06-13 03:20:05.563534'),
('25', 'Joaquín', 'Hadad', NULL, NULL, NULL, NULL, 't', '2026-06-13 03:20:05.563534', '2026-06-13 03:20:05.563534'),
('26', 'Dylan', 'Haymal', NULL, '52867062', NULL, NULL, 't', '2026-06-13 03:20:05.563534', '2026-06-13 03:20:05.563534'),
('27', 'Rimón', 'Huespe', NULL, NULL, NULL, NULL, 't', '2026-06-13 03:20:05.563534', '2026-06-13 03:20:05.563534'),
('28', 'Tomer', 'Iacomo', '2013-08-14', '53264383', NULL, NULL, 't', '2026-06-13 03:20:05.563534', '2026-06-13 03:20:05.563534'),
('29', 'Segundo', 'Idoyaga', NULL, NULL, NULL, NULL, 't', '2026-06-13 03:20:05.563534', '2026-06-13 03:20:05.563534'),
('30', 'Facundo', 'Isaia', '2013-10-31', '53507209', NULL, NULL, 't', '2026-06-13 03:20:05.563534', '2026-06-13 03:20:05.563534'),
('31', 'Mateo', 'Juaneda', NULL, NULL, NULL, NULL, 't', '2026-06-13 03:20:05.563534', '2026-06-13 03:20:05.563534'),
('32', 'Augusto', 'Lascano', NULL, NULL, NULL, NULL, 't', '2026-06-13 03:20:05.563534', '2026-06-13 03:20:05.563534'),
('33', 'Genaro', 'Leonelli', '2013-08-12', '53264381', NULL, NULL, 't', '2026-06-13 03:20:05.563534', '2026-06-13 03:20:05.563534'),
('34', 'Benjamín', 'Lorenzi Zamboni', '2013-04-11', '52866926', NULL, NULL, 't', '2026-06-13 03:20:05.563534', '2026-06-13 03:20:05.563534'),
('35', 'Pedro', 'Lozada', '2013-05-05', '52868447', NULL, NULL, 't', '2026-06-13 03:20:05.563534', '2026-06-13 03:20:05.563534'),
('36', 'Francisco', 'Martinolli', NULL, NULL, NULL, NULL, 't', '2026-06-13 03:20:05.563534', '2026-06-13 03:20:05.563534'),
('37', 'Genaro', 'Mateo', '2013-09-02', '53078553', NULL, NULL, 't', '2026-06-13 03:20:05.563534', '2026-06-13 03:20:05.563534'),
('38', 'Felipe', 'Mayer', '2013-05-28', '53077915', NULL, NULL, 't', '2026-06-13 03:20:05.563534', '2026-06-13 03:20:05.563534'),
('39', 'Santiago', 'Mayer', '2013-05-28', '53077914', NULL, NULL, 't', '2026-06-13 03:20:05.563534', '2026-06-13 03:20:05.563534'),
('40', 'Benicio', 'Mellano', '2013-10-29', '53583417', NULL, NULL, 't', '2026-06-13 03:20:05.563534', '2026-06-13 03:20:05.563534'),
('41', 'Bautista', 'Meroi', '2013-12-02', '53506332', NULL, NULL, 't', '2026-06-13 03:20:05.563534', '2026-06-13 03:20:05.563534'),
('42', 'Ignacio', 'Molina', '2013-03-24', '53075483', NULL, NULL, 't', '2026-06-13 03:20:05.563534', '2026-06-13 03:20:05.563534'),
('43', 'Felipe', 'Nebbia', '2013-09-30', '53481130', NULL, NULL, 't', '2026-06-13 03:20:05.563534', '2026-06-13 03:20:05.563534'),
('44', 'Cristobal', 'Novillo', NULL, NULL, NULL, NULL, 't', '2026-06-13 03:20:05.563534', '2026-06-13 03:20:05.563534'),
('45', 'Vicente', 'Oliva', '2013-10-21', '53481621', NULL, NULL, 't', '2026-06-13 03:20:05.563534', '2026-06-13 03:20:05.563534'),
('46', 'Constantino', 'Olocco', '2013-02-05', '52865217', NULL, NULL, 't', '2026-06-13 03:20:05.563534', '2026-06-13 03:20:05.563534'),
('47', 'Federico', 'Pez', '2013-12-19', '53507783', NULL, NULL, 't', '2026-06-13 03:20:05.563534', '2026-06-13 03:20:05.563534'),
('48', 'Vicente', 'Quaglia', NULL, NULL, NULL, NULL, 't', '2026-06-13 03:20:05.563534', '2026-06-13 03:20:05.563534'),
('49', 'Toto', 'Ramirez', '2013-07-29', '53262419', NULL, NULL, 't', '2026-06-13 03:20:05.563534', '2026-06-13 03:20:05.563534'),
('50', 'Facundo', 'Robino', '2013-02-21', '52962656', NULL, NULL, 't', '2026-06-13 03:20:05.563534', '2026-06-13 03:20:05.563534'),
('51', 'Emiliano', 'Rocca', '2013-05-11', '53076127', NULL, NULL, 't', '2026-06-13 03:20:05.563534', '2026-06-13 03:20:05.563534'),
('52', 'Conrado', 'Roggio', NULL, NULL, NULL, NULL, 't', '2026-06-13 03:20:05.563534', '2026-06-13 03:20:05.563534'),
('53', 'Facundo', 'Romero Victorica', '2013-04-18', '53076442', NULL, NULL, 't', '2026-06-13 03:20:05.563534', '2026-06-13 03:20:05.563534'),
('54', 'Gregorio', 'Roque Allende', NULL, NULL, NULL, NULL, 't', '2026-06-13 03:20:05.563534', '2026-06-13 03:20:05.563534'),
('55', 'Pedro', 'Rotundo', '2013-09-20', '53426503', NULL, NULL, 't', '2026-06-13 03:20:05.563534', '2026-06-13 03:20:05.563534'),
('56', 'Facundo', 'Rubioli', '2013-01-18', '52863529', NULL, NULL, 't', '2026-06-13 03:20:05.563534', '2026-06-13 03:20:05.563534'),
('57', 'Santiago', 'Ruiz Orszo', NULL, NULL, NULL, NULL, 't', '2026-06-13 03:20:05.563534', '2026-06-13 03:20:05.563534'),
('58', 'Tomas', 'Salort', '2013-10-10', '53472897', NULL, NULL, 't', '2026-06-13 03:20:05.563534', '2026-06-13 03:20:05.563534'),
('59', 'Francisco', 'Sanchez', '2013-04-04', '53099258', NULL, NULL, 't', '2026-06-13 03:20:05.563534', '2026-06-13 03:20:05.563534'),
('60', 'Octavio', 'Segovia', '2013-05-29', '52868695', NULL, NULL, 't', '2026-06-13 03:20:05.563534', '2026-06-13 03:20:05.563534'),
('61', 'Santino', 'Sosa', '2013-04-13', '52866931', NULL, NULL, 't', '2026-06-13 03:20:05.563534', '2026-06-13 03:20:05.563534'),
('62', 'Federico', 'Taborda', '2013-04-13', '53119061', NULL, NULL, 't', '2026-06-13 03:20:05.563534', '2026-06-13 03:20:05.563534'),
('63', 'Cristobal Toto', 'Tosco', '2013-05-16', '52868630', NULL, NULL, 't', '2026-06-13 03:20:05.563534', '2026-06-13 03:20:05.563534'),
('64', 'Clemente', 'Vazquez', '2013-03-21', '52868630', NULL, NULL, 't', '2026-06-13 03:20:05.563534', '2026-06-13 03:20:05.563534'),
('65', 'Santiago', 'Vera', '2013-03-22', '53117019', NULL, NULL, 't', '2026-06-13 03:20:05.563534', '2026-06-13 03:20:05.563534'),
('66', 'Patricio', 'Viale', '2013-07-04', '53078338', NULL, NULL, 't', '2026-06-13 03:20:05.563534', '2026-06-13 03:20:05.563534'),
('67', 'Lautaro', 'Videla', '2013-03-01', '52864316', NULL, NULL, 't', '2026-06-13 03:20:05.563534', '2026-06-13 03:20:05.563534'),
('68', 'Camilo', 'Villegas', '2013-01-30', '52863928', NULL, NULL, 't', '2026-06-13 03:20:05.563534', '2026-06-13 03:20:05.563534'),
('69', 'Justo', 'Zamorato', '2013-01-16', '52859156', NULL, NULL, 't', '2026-06-13 03:20:05.563534', '2026-06-13 03:20:05.563534'),
('70', 'Felipe', 'Zeballos', '2013-11-06', '53504525', NULL, NULL, 't', '2026-06-13 03:20:05.563534', '2026-06-13 03:20:05.563534');

INSERT INTO "public"."seasons" ("id", "year", "description", "active", "created_at", "updated_at") VALUES
('1', '2024', 'Temporada 2024', 't', '2026-06-13 02:56:33.189289', '2026-06-13 02:56:33.189289'),
('2', '2025', 'Temporada 2025', 't', '2026-06-13 02:56:33.189289', '2026-06-13 02:56:33.189289'),
('3', '2026', 'Temporada 2026', 't', '2026-06-13 02:56:33.189289', '2026-06-13 02:56:33.189289'),
('4', '2027', 'Temporada 2027', 't', '2026-06-13 02:56:33.189289', '2026-06-13 02:56:33.189289'),
('5', '2028', 'Temporada 2028', 't', '2026-06-13 02:56:33.189289', '2026-06-13 02:56:33.189289');

INSERT INTO "public"."squads" ("id", "team_id", "code", "description", "active", "created_at", "updated_at") VALUES
('1', '1', 'A', 'Tablada A', 't', '2026-06-14 02:46:38.075609', '2026-06-14 02:46:38.075609'),
('2', '1', 'B', 'Tablada B', 't', '2026-06-14 02:46:38.075609', '2026-06-14 02:46:38.075609'),
('3', '1', 'C', 'Tablada C', 't', '2026-06-14 02:46:38.075609', '2026-06-14 02:46:38.075609');

INSERT INTO "public"."staff_attendance_records" ("id", "team_coach_id", "training_session_id", "attendance_status_id", "notes", "created_by", "updated_by", "created_at", "updated_at") VALUES
('1', '1', '1', '1', NULL, 'seed', NULL, '2026-06-14 04:09:00.788205', '2026-06-14 04:09:00.788205'),
('2', '1', '2', '1', NULL, 'seed', NULL, '2026-06-14 04:09:00.788205', '2026-06-14 04:09:00.788205'),
('3', '1', '3', '1', NULL, 'seed', NULL, '2026-06-14 04:09:00.788205', '2026-06-14 04:09:00.788205'),
('4', '1', '4', '1', NULL, 'seed', NULL, '2026-06-14 04:09:00.788205', '2026-06-14 04:09:00.788205'),
('5', '1', '5', '1', NULL, 'seed', NULL, '2026-06-14 04:09:00.788205', '2026-06-14 04:09:00.788205'),
('6', '1', '6', '1', NULL, 'seed', NULL, '2026-06-14 04:09:00.788205', '2026-06-14 04:09:00.788205'),
('7', '1', '7', '1', NULL, 'seed', NULL, '2026-06-14 04:09:00.788205', '2026-06-14 04:09:00.788205'),
('8', '1', '8', '1', NULL, 'seed', NULL, '2026-06-14 04:09:00.788205', '2026-06-14 04:09:00.788205'),
('9', '1', '9', '1', NULL, 'seed', NULL, '2026-06-14 04:09:00.788205', '2026-06-14 04:09:00.788205'),
('10', '1', '10', '2', NULL, 'seed', NULL, '2026-06-14 04:09:00.788205', '2026-06-14 04:09:00.788205'),
('11', '1', '11', '1', NULL, 'seed', NULL, '2026-06-14 04:09:00.788205', '2026-06-14 04:09:00.788205'),
('12', '1', '12', '1', NULL, 'seed', NULL, '2026-06-14 04:09:00.788205', '2026-06-14 04:09:00.788205'),
('13', '1', '13', '1', NULL, 'seed', NULL, '2026-06-14 04:09:00.788205', '2026-06-14 04:09:00.788205'),
('14', '1', '14', '1', NULL, 'seed', NULL, '2026-06-14 04:09:00.788205', '2026-06-14 04:09:00.788205'),
('15', '1', '15', '1', NULL, 'seed', NULL, '2026-06-14 04:09:00.788205', '2026-06-14 04:09:00.788205'),
('16', '1', '16', '1', NULL, 'seed', NULL, '2026-06-14 04:09:00.788205', '2026-06-14 04:09:00.788205'),
('17', '1', '17', '1', NULL, 'seed', NULL, '2026-06-14 04:09:00.788205', '2026-06-14 04:09:00.788205'),
('18', '1', '18', '1', NULL, 'seed', NULL, '2026-06-14 04:09:00.788205', '2026-06-14 04:09:00.788205'),
('19', '1', '19', '1', NULL, 'seed', NULL, '2026-06-14 04:09:00.788205', '2026-06-14 04:09:00.788205'),
('20', '1', '20', '1', NULL, 'seed', NULL, '2026-06-14 04:09:00.788205', '2026-06-14 04:09:00.788205'),
('21', '1', '21', '1', NULL, 'seed', NULL, '2026-06-14 04:09:00.788205', '2026-06-14 04:09:00.788205'),
('22', '1', '22', '1', NULL, 'seed', NULL, '2026-06-14 04:09:00.788205', '2026-06-14 04:09:00.788205'),
('23', '1', '23', '1', NULL, 'seed', NULL, '2026-06-14 04:09:00.788205', '2026-06-14 04:09:00.788205'),
('24', '1', '24', '1', NULL, 'seed', NULL, '2026-06-14 04:09:00.788205', '2026-06-14 04:09:00.788205'),
('25', '1', '25', '1', NULL, 'seed', NULL, '2026-06-14 04:09:00.788205', '2026-06-14 04:09:00.788205'),
('26', '1', '26', '1', NULL, 'seed', NULL, '2026-06-14 04:09:00.788205', '2026-06-14 04:09:00.788205'),
('27', '1', '27', '1', NULL, 'seed', NULL, '2026-06-14 04:09:00.788205', '2026-06-14 04:09:00.788205'),
('28', '1', '28', '1', NULL, 'seed', NULL, '2026-06-14 04:09:00.788205', '2026-06-14 04:09:00.788205'),
('29', '1', '29', '1', NULL, 'seed', NULL, '2026-06-14 04:09:00.788205', '2026-06-14 04:09:00.788205'),
('30', '1', '30', '1', NULL, 'seed', NULL, '2026-06-14 04:09:00.788205', '2026-06-14 04:09:00.788205'),
('31', '1', '31', '1', NULL, 'seed', NULL, '2026-06-14 04:09:00.788205', '2026-06-14 04:09:00.788205'),
('32', '1', '32', '1', NULL, 'seed', NULL, '2026-06-14 04:09:00.788205', '2026-06-14 04:09:00.788205'),
('33', '1', '33', '1', NULL, 'seed', NULL, '2026-06-14 04:09:00.788205', '2026-06-14 04:09:00.788205'),
('34', '1', '34', '1', NULL, 'seed', NULL, '2026-06-14 04:09:00.788205', '2026-06-14 04:09:00.788205'),
('35', '1', '35', '1', NULL, 'seed', NULL, '2026-06-14 04:09:00.788205', '2026-06-14 04:09:00.788205'),
('36', '1', '36', '1', NULL, 'seed', NULL, '2026-06-14 04:09:00.788205', '2026-06-14 04:09:00.788205'),
('37', '1', '37', '1', NULL, 'seed', NULL, '2026-06-14 04:09:00.788205', '2026-06-14 04:09:00.788205'),
('38', '2', '1', '1', NULL, 'seed', NULL, '2026-06-14 04:09:00.788205', '2026-06-14 04:09:00.788205'),
('39', '2', '2', '1', NULL, 'seed', NULL, '2026-06-14 04:09:00.788205', '2026-06-14 04:09:00.788205'),
('40', '2', '3', '1', NULL, 'seed', NULL, '2026-06-14 04:09:00.788205', '2026-06-14 04:09:00.788205'),
('41', '2', '4', '1', NULL, 'seed', NULL, '2026-06-14 04:09:00.788205', '2026-06-14 04:09:00.788205'),
('42', '2', '5', '1', NULL, 'seed', NULL, '2026-06-14 04:09:00.788205', '2026-06-14 04:09:00.788205'),
('43', '2', '6', '2', NULL, 'seed', NULL, '2026-06-14 04:09:00.788205', '2026-06-14 04:09:00.788205'),
('44', '2', '7', '1', NULL, 'seed', NULL, '2026-06-14 04:09:00.788205', '2026-06-14 04:09:00.788205'),
('45', '2', '8', '1', NULL, 'seed', NULL, '2026-06-14 04:09:00.788205', '2026-06-14 04:09:00.788205'),
('46', '2', '9', '1', NULL, 'seed', NULL, '2026-06-14 04:09:00.788205', '2026-06-14 04:09:00.788205'),
('47', '2', '10', '1', NULL, 'seed', NULL, '2026-06-14 04:09:00.788205', '2026-06-14 04:09:00.788205'),
('48', '2', '11', '1', NULL, 'seed', NULL, '2026-06-14 04:09:00.788205', '2026-06-14 04:09:00.788205'),
('49', '2', '12', '1', NULL, 'seed', NULL, '2026-06-14 04:09:00.788205', '2026-06-14 04:09:00.788205'),
('50', '2', '13', '1', NULL, 'seed', NULL, '2026-06-14 04:09:00.788205', '2026-06-14 04:09:00.788205'),
('51', '2', '14', '1', NULL, 'seed', NULL, '2026-06-14 04:09:00.788205', '2026-06-14 04:09:00.788205'),
('52', '2', '15', '1', NULL, 'seed', NULL, '2026-06-14 04:09:00.788205', '2026-06-14 04:09:00.788205'),
('53', '2', '16', '1', NULL, 'seed', NULL, '2026-06-14 04:09:00.788205', '2026-06-14 04:09:00.788205'),
('54', '2', '17', '1', NULL, 'seed', NULL, '2026-06-14 04:09:00.788205', '2026-06-14 04:09:00.788205'),
('55', '2', '18', '1', NULL, 'seed', NULL, '2026-06-14 04:09:00.788205', '2026-06-14 04:09:00.788205'),
('56', '2', '19', '1', NULL, 'seed', NULL, '2026-06-14 04:09:00.788205', '2026-06-14 04:09:00.788205'),
('57', '2', '20', '1', NULL, 'seed', NULL, '2026-06-14 04:09:00.788205', '2026-06-14 04:09:00.788205'),
('58', '2', '21', '1', NULL, 'seed', NULL, '2026-06-14 04:09:00.788205', '2026-06-14 04:09:00.788205'),
('59', '2', '22', '1', NULL, 'seed', NULL, '2026-06-14 04:09:00.788205', '2026-06-14 04:09:00.788205'),
('60', '2', '23', '1', NULL, 'seed', NULL, '2026-06-14 04:09:00.788205', '2026-06-14 04:09:00.788205'),
('61', '2', '24', '1', NULL, 'seed', NULL, '2026-06-14 04:09:00.788205', '2026-06-14 04:09:00.788205'),
('62', '2', '25', '1', NULL, 'seed', NULL, '2026-06-14 04:09:00.788205', '2026-06-14 04:09:00.788205'),
('63', '2', '26', '1', NULL, 'seed', NULL, '2026-06-14 04:09:00.788205', '2026-06-14 04:09:00.788205'),
('64', '2', '27', '1', NULL, 'seed', NULL, '2026-06-14 04:09:00.788205', '2026-06-14 04:09:00.788205'),
('65', '2', '28', '1', NULL, 'seed', NULL, '2026-06-14 04:09:00.788205', '2026-06-14 04:09:00.788205'),
('66', '2', '29', '1', NULL, 'seed', NULL, '2026-06-14 04:09:00.788205', '2026-06-14 04:09:00.788205'),
('67', '2', '30', '1', NULL, 'seed', NULL, '2026-06-14 04:09:00.788205', '2026-06-14 04:09:00.788205'),
('68', '2', '31', '1', NULL, 'seed', NULL, '2026-06-14 04:09:00.788205', '2026-06-14 04:09:00.788205'),
('69', '2', '32', '1', NULL, 'seed', NULL, '2026-06-14 04:09:00.788205', '2026-06-14 04:09:00.788205'),
('70', '2', '33', '2', NULL, 'seed', NULL, '2026-06-14 04:09:00.788205', '2026-06-14 04:09:00.788205'),
('71', '2', '34', '1', NULL, 'seed', NULL, '2026-06-14 04:09:00.788205', '2026-06-14 04:09:00.788205'),
('72', '2', '35', '1', NULL, 'seed', NULL, '2026-06-14 04:09:00.788205', '2026-06-14 04:09:00.788205'),
('73', '2', '36', '1', NULL, 'seed', NULL, '2026-06-14 04:09:00.788205', '2026-06-14 04:09:00.788205'),
('74', '2', '37', '1', NULL, 'seed', NULL, '2026-06-14 04:09:00.788205', '2026-06-14 04:09:00.788205'),
('75', '3', '1', '1', NULL, 'seed', NULL, '2026-06-14 04:09:00.788205', '2026-06-14 04:09:00.788205'),
('76', '3', '2', '1', NULL, 'seed', NULL, '2026-06-14 04:09:00.788205', '2026-06-14 04:09:00.788205'),
('77', '3', '3', '1', NULL, 'seed', NULL, '2026-06-14 04:09:00.788205', '2026-06-14 04:09:00.788205'),
('78', '3', '4', '1', NULL, 'seed', NULL, '2026-06-14 04:09:00.788205', '2026-06-14 04:09:00.788205'),
('79', '3', '5', '2', NULL, 'seed', NULL, '2026-06-14 04:09:00.788205', '2026-06-14 04:09:00.788205'),
('80', '3', '6', '1', NULL, 'seed', NULL, '2026-06-14 04:09:00.788205', '2026-06-14 04:09:00.788205'),
('81', '3', '7', '1', NULL, 'seed', NULL, '2026-06-14 04:09:00.788205', '2026-06-14 04:09:00.788205'),
('82', '3', '8', '1', NULL, 'seed', NULL, '2026-06-14 04:09:00.788205', '2026-06-14 04:09:00.788205'),
('83', '3', '9', '1', NULL, 'seed', NULL, '2026-06-14 04:09:00.788205', '2026-06-14 04:09:00.788205'),
('84', '3', '10', '1', NULL, 'seed', NULL, '2026-06-14 04:09:00.788205', '2026-06-14 04:09:00.788205'),
('85', '3', '11', '1', NULL, 'seed', NULL, '2026-06-14 04:09:00.788205', '2026-06-14 04:09:00.788205'),
('86', '3', '12', '2', NULL, 'seed', NULL, '2026-06-14 04:09:00.788205', '2026-06-14 04:09:00.788205'),
('87', '3', '13', '1', NULL, 'seed', NULL, '2026-06-14 04:09:00.788205', '2026-06-14 04:09:00.788205'),
('88', '3', '14', '1', NULL, 'seed', NULL, '2026-06-14 04:09:00.788205', '2026-06-14 04:09:00.788205'),
('89', '3', '15', '1', NULL, 'seed', NULL, '2026-06-14 04:09:00.788205', '2026-06-14 04:09:00.788205'),
('90', '3', '16', '1', NULL, 'seed', NULL, '2026-06-14 04:09:00.788205', '2026-06-14 04:09:00.788205'),
('91', '3', '17', '1', NULL, 'seed', NULL, '2026-06-14 04:09:00.788205', '2026-06-14 04:09:00.788205'),
('92', '3', '18', '1', NULL, 'seed', NULL, '2026-06-14 04:09:00.788205', '2026-06-14 04:09:00.788205'),
('93', '3', '19', '1', NULL, 'seed', NULL, '2026-06-14 04:09:00.788205', '2026-06-14 04:09:00.788205'),
('94', '3', '20', '1', NULL, 'seed', NULL, '2026-06-14 04:09:00.788205', '2026-06-14 04:09:00.788205'),
('95', '3', '21', '2', NULL, 'seed', NULL, '2026-06-14 04:09:00.788205', '2026-06-14 04:09:00.788205'),
('96', '3', '22', '1', NULL, 'seed', NULL, '2026-06-14 04:09:00.788205', '2026-06-14 04:09:00.788205'),
('97', '3', '23', '1', NULL, 'seed', NULL, '2026-06-14 04:09:00.788205', '2026-06-14 04:09:00.788205'),
('98', '3', '24', '1', NULL, 'seed', NULL, '2026-06-14 04:09:00.788205', '2026-06-14 04:09:00.788205'),
('99', '3', '25', '1', NULL, 'seed', NULL, '2026-06-14 04:09:00.788205', '2026-06-14 04:09:00.788205'),
('100', '3', '26', '1', NULL, 'seed', NULL, '2026-06-14 04:09:00.788205', '2026-06-14 04:09:00.788205'),
('101', '3', '27', '1', NULL, 'seed', NULL, '2026-06-14 04:09:00.788205', '2026-06-14 04:09:00.788205'),
('102', '3', '28', '1', NULL, 'seed', NULL, '2026-06-14 04:09:00.788205', '2026-06-14 04:09:00.788205'),
('103', '3', '29', '1', NULL, 'seed', NULL, '2026-06-14 04:09:00.788205', '2026-06-14 04:09:00.788205'),
('104', '3', '30', '1', NULL, 'seed', NULL, '2026-06-14 04:09:00.788205', '2026-06-14 04:09:00.788205'),
('105', '3', '31', '1', NULL, 'seed', NULL, '2026-06-14 04:09:00.788205', '2026-06-14 04:09:00.788205'),
('106', '3', '32', '1', NULL, 'seed', NULL, '2026-06-14 04:09:00.788205', '2026-06-14 04:09:00.788205'),
('107', '3', '33', '1', NULL, 'seed', NULL, '2026-06-14 04:09:00.788205', '2026-06-14 04:09:00.788205'),
('108', '3', '34', '1', NULL, 'seed', NULL, '2026-06-14 04:09:00.788205', '2026-06-14 04:09:00.788205'),
('109', '3', '35', '1', NULL, 'seed', NULL, '2026-06-14 04:09:00.788205', '2026-06-14 04:09:00.788205'),
('110', '3', '36', '1', NULL, 'seed', NULL, '2026-06-14 04:09:00.788205', '2026-06-14 04:09:00.788205'),
('111', '3', '37', '2', NULL, 'seed', NULL, '2026-06-14 04:09:00.788205', '2026-06-14 04:09:00.788205'),
('112', '4', '1', '1', NULL, 'seed', NULL, '2026-06-14 04:09:00.788205', '2026-06-14 04:09:00.788205'),
('113', '4', '2', '1', NULL, 'seed', NULL, '2026-06-14 04:09:00.788205', '2026-06-14 04:09:00.788205'),
('114', '4', '3', '1', NULL, 'seed', NULL, '2026-06-14 04:09:00.788205', '2026-06-14 04:09:00.788205'),
('115', '4', '4', '1', NULL, 'seed', NULL, '2026-06-14 04:09:00.788205', '2026-06-14 04:09:00.788205'),
('116', '4', '5', '1', NULL, 'seed', NULL, '2026-06-14 04:09:00.788205', '2026-06-14 04:09:00.788205'),
('117', '4', '6', '1', NULL, 'seed', NULL, '2026-06-14 04:09:00.788205', '2026-06-14 04:09:00.788205'),
('118', '4', '7', '1', NULL, 'seed', NULL, '2026-06-14 04:09:00.788205', '2026-06-14 04:09:00.788205'),
('119', '4', '8', '1', NULL, 'seed', NULL, '2026-06-14 04:09:00.788205', '2026-06-14 04:09:00.788205'),
('120', '4', '9', '1', NULL, 'seed', NULL, '2026-06-14 04:09:00.788205', '2026-06-14 04:09:00.788205'),
('121', '4', '10', '1', NULL, 'seed', NULL, '2026-06-14 04:09:00.788205', '2026-06-14 04:09:00.788205'),
('122', '4', '11', '1', NULL, 'seed', NULL, '2026-06-14 04:09:00.788205', '2026-06-14 04:09:00.788205'),
('123', '4', '12', '1', NULL, 'seed', NULL, '2026-06-14 04:09:00.788205', '2026-06-14 04:09:00.788205'),
('124', '4', '13', '1', NULL, 'seed', NULL, '2026-06-14 04:09:00.788205', '2026-06-14 04:09:00.788205'),
('125', '4', '14', '1', NULL, 'seed', NULL, '2026-06-14 04:09:00.788205', '2026-06-14 04:09:00.788205'),
('126', '4', '15', '1', NULL, 'seed', NULL, '2026-06-14 04:09:00.788205', '2026-06-14 04:09:00.788205'),
('127', '4', '16', '1', NULL, 'seed', NULL, '2026-06-14 04:09:00.788205', '2026-06-14 04:09:00.788205'),
('128', '4', '17', '1', NULL, 'seed', NULL, '2026-06-14 04:09:00.788205', '2026-06-14 04:09:00.788205'),
('129', '4', '18', '1', NULL, 'seed', NULL, '2026-06-14 04:09:00.788205', '2026-06-14 04:09:00.788205'),
('130', '4', '19', '1', NULL, 'seed', NULL, '2026-06-14 04:09:00.788205', '2026-06-14 04:09:00.788205'),
('131', '4', '20', '1', NULL, 'seed', NULL, '2026-06-14 04:09:00.788205', '2026-06-14 04:09:00.788205'),
('132', '4', '21', '1', NULL, 'seed', NULL, '2026-06-14 04:09:00.788205', '2026-06-14 04:09:00.788205'),
('133', '4', '22', '1', NULL, 'seed', NULL, '2026-06-14 04:09:00.788205', '2026-06-14 04:09:00.788205'),
('134', '4', '23', '1', NULL, 'seed', NULL, '2026-06-14 04:09:00.788205', '2026-06-14 04:09:00.788205'),
('135', '4', '24', '1', NULL, 'seed', NULL, '2026-06-14 04:09:00.788205', '2026-06-14 04:09:00.788205'),
('136', '4', '25', '1', NULL, 'seed', NULL, '2026-06-14 04:09:00.788205', '2026-06-14 04:09:00.788205'),
('137', '4', '26', '1', NULL, 'seed', NULL, '2026-06-14 04:09:00.788205', '2026-06-14 04:09:00.788205'),
('138', '4', '27', '1', NULL, 'seed', NULL, '2026-06-14 04:09:00.788205', '2026-06-14 04:09:00.788205'),
('139', '4', '28', '1', NULL, 'seed', NULL, '2026-06-14 04:09:00.788205', '2026-06-14 04:09:00.788205'),
('140', '4', '29', '1', NULL, 'seed', NULL, '2026-06-14 04:09:00.788205', '2026-06-14 04:09:00.788205'),
('141', '4', '30', '1', NULL, 'seed', NULL, '2026-06-14 04:09:00.788205', '2026-06-14 04:09:00.788205'),
('142', '4', '31', '1', NULL, 'seed', NULL, '2026-06-14 04:09:00.788205', '2026-06-14 04:09:00.788205'),
('143', '4', '32', '1', NULL, 'seed', NULL, '2026-06-14 04:09:00.788205', '2026-06-14 04:09:00.788205'),
('144', '4', '33', '1', NULL, 'seed', NULL, '2026-06-14 04:09:00.788205', '2026-06-14 04:09:00.788205'),
('145', '4', '34', '1', NULL, 'seed', NULL, '2026-06-14 04:09:00.788205', '2026-06-14 04:09:00.788205'),
('146', '4', '35', '1', NULL, 'seed', NULL, '2026-06-14 04:09:00.788205', '2026-06-14 04:09:00.788205'),
('147', '4', '36', '1', NULL, 'seed', NULL, '2026-06-14 04:09:00.788205', '2026-06-14 04:09:00.788205'),
('148', '4', '37', '1', NULL, 'seed', NULL, '2026-06-14 04:09:00.788205', '2026-06-14 04:09:00.788205'),
('149', '5', '1', '1', NULL, 'seed', NULL, '2026-06-14 04:09:00.788205', '2026-06-14 04:09:00.788205'),
('150', '5', '2', '1', NULL, 'seed', NULL, '2026-06-14 04:09:00.788205', '2026-06-14 04:09:00.788205'),
('151', '5', '3', '1', NULL, 'seed', NULL, '2026-06-14 04:09:00.788205', '2026-06-14 04:09:00.788205'),
('152', '5', '4', '1', NULL, 'seed', NULL, '2026-06-14 04:09:00.788205', '2026-06-14 04:09:00.788205'),
('153', '5', '5', '1', NULL, 'seed', NULL, '2026-06-14 04:09:00.788205', '2026-06-14 04:09:00.788205'),
('154', '5', '6', '1', NULL, 'seed', NULL, '2026-06-14 04:09:00.788205', '2026-06-14 04:09:00.788205'),
('155', '5', '7', '2', NULL, 'seed', NULL, '2026-06-14 04:09:00.788205', '2026-06-14 04:09:00.788205'),
('156', '5', '8', '2', NULL, 'seed', NULL, '2026-06-14 04:09:00.788205', '2026-06-14 04:09:00.788205'),
('157', '5', '9', '1', NULL, 'seed', NULL, '2026-06-14 04:09:00.788205', '2026-06-14 04:09:00.788205'),
('158', '5', '10', '1', NULL, 'seed', NULL, '2026-06-14 04:09:00.788205', '2026-06-14 04:09:00.788205'),
('159', '5', '11', '1', NULL, 'seed', NULL, '2026-06-14 04:09:00.788205', '2026-06-14 04:09:00.788205'),
('160', '5', '12', '1', NULL, 'seed', NULL, '2026-06-14 04:09:00.788205', '2026-06-14 04:09:00.788205'),
('161', '5', '13', '1', NULL, 'seed', NULL, '2026-06-14 04:09:00.788205', '2026-06-14 04:09:00.788205'),
('162', '5', '14', '1', NULL, 'seed', NULL, '2026-06-14 04:09:00.788205', '2026-06-14 04:09:00.788205'),
('163', '5', '15', '1', NULL, 'seed', NULL, '2026-06-14 04:09:00.788205', '2026-06-14 04:09:00.788205'),
('164', '5', '16', '1', NULL, 'seed', NULL, '2026-06-14 04:09:00.788205', '2026-06-14 04:09:00.788205'),
('165', '5', '17', '1', NULL, 'seed', NULL, '2026-06-14 04:09:00.788205', '2026-06-14 04:09:00.788205'),
('166', '5', '18', '1', NULL, 'seed', NULL, '2026-06-14 04:09:00.788205', '2026-06-14 04:09:00.788205'),
('167', '5', '19', '1', NULL, 'seed', NULL, '2026-06-14 04:09:00.788205', '2026-06-14 04:09:00.788205'),
('168', '5', '20', '1', NULL, 'seed', NULL, '2026-06-14 04:09:00.788205', '2026-06-14 04:09:00.788205'),
('169', '5', '21', '1', NULL, 'seed', NULL, '2026-06-14 04:09:00.788205', '2026-06-14 04:09:00.788205'),
('170', '5', '22', '1', NULL, 'seed', NULL, '2026-06-14 04:09:00.788205', '2026-06-14 04:09:00.788205'),
('171', '5', '23', '1', NULL, 'seed', NULL, '2026-06-14 04:09:00.788205', '2026-06-14 04:09:00.788205'),
('172', '5', '24', '1', NULL, 'seed', NULL, '2026-06-14 04:09:00.788205', '2026-06-14 04:09:00.788205'),
('173', '5', '25', '1', NULL, 'seed', NULL, '2026-06-14 04:09:00.788205', '2026-06-14 04:09:00.788205'),
('174', '5', '26', '1', NULL, 'seed', NULL, '2026-06-14 04:09:00.788205', '2026-06-14 04:09:00.788205'),
('175', '5', '27', '2', NULL, 'seed', NULL, '2026-06-14 04:09:00.788205', '2026-06-14 04:09:00.788205'),
('176', '5', '28', '2', NULL, 'seed', NULL, '2026-06-14 04:09:00.788205', '2026-06-14 04:09:00.788205'),
('177', '5', '29', '2', NULL, 'seed', NULL, '2026-06-14 04:09:00.788205', '2026-06-14 04:09:00.788205'),
('178', '5', '30', '2', NULL, 'seed', NULL, '2026-06-14 04:09:00.788205', '2026-06-14 04:09:00.788205'),
('179', '5', '31', '1', NULL, 'seed', NULL, '2026-06-14 04:09:00.788205', '2026-06-14 04:09:00.788205'),
('180', '5', '32', '1', NULL, 'seed', NULL, '2026-06-14 04:09:00.788205', '2026-06-14 04:09:00.788205'),
('181', '5', '33', '2', NULL, 'seed', NULL, '2026-06-14 04:09:00.788205', '2026-06-14 04:09:00.788205'),
('182', '5', '34', '1', NULL, 'seed', NULL, '2026-06-14 04:09:00.788205', '2026-06-14 04:09:00.788205'),
('183', '5', '35', '1', NULL, 'seed', NULL, '2026-06-14 04:09:00.788205', '2026-06-14 04:09:00.788205'),
('184', '5', '36', '1', NULL, 'seed', NULL, '2026-06-14 04:09:00.788205', '2026-06-14 04:09:00.788205'),
('185', '5', '37', '1', NULL, 'seed', NULL, '2026-06-14 04:09:00.788205', '2026-06-14 04:09:00.788205'),
('186', '6', '33', '1', NULL, 'seed', NULL, '2026-06-14 04:09:00.788205', '2026-06-14 04:09:00.788205'),
('187', '6', '34', '1', NULL, 'seed', NULL, '2026-06-14 04:09:00.788205', '2026-06-14 04:09:00.788205'),
('188', '6', '35', '1', NULL, 'seed', NULL, '2026-06-14 04:09:00.788205', '2026-06-14 04:09:00.788205'),
('189', '6', '36', '1', NULL, 'seed', NULL, '2026-06-14 04:09:00.788205', '2026-06-14 04:09:00.788205'),
('190', '6', '37', '1', NULL, 'seed', NULL, '2026-06-14 04:09:00.788205', '2026-06-14 04:09:00.788205'),
('191', '8', '8', '1', NULL, 'seed', NULL, '2026-06-14 04:09:00.788205', '2026-06-14 04:09:00.788205'),
('192', '8', '9', '1', NULL, 'seed', NULL, '2026-06-14 04:09:00.788205', '2026-06-14 04:09:00.788205'),
('193', '8', '10', '1', NULL, 'seed', NULL, '2026-06-14 04:09:00.788205', '2026-06-14 04:09:00.788205'),
('194', '8', '11', '1', NULL, 'seed', NULL, '2026-06-14 04:09:00.788205', '2026-06-14 04:09:00.788205'),
('195', '8', '12', '1', NULL, 'seed', NULL, '2026-06-14 04:09:00.788205', '2026-06-14 04:09:00.788205'),
('196', '8', '13', '1', NULL, 'seed', NULL, '2026-06-14 04:09:00.788205', '2026-06-14 04:09:00.788205'),
('197', '8', '14', '1', NULL, 'seed', NULL, '2026-06-14 04:09:00.788205', '2026-06-14 04:09:00.788205'),
('198', '8', '15', '1', NULL, 'seed', NULL, '2026-06-14 04:09:00.788205', '2026-06-14 04:09:00.788205'),
('199', '8', '16', '2', NULL, 'seed', NULL, '2026-06-14 04:09:00.788205', '2026-06-14 04:09:00.788205'),
('200', '8', '17', '2', NULL, 'seed', NULL, '2026-06-14 04:09:00.788205', '2026-06-14 04:09:00.788205'),
('201', '8', '18', '1', NULL, 'seed', NULL, '2026-06-14 04:09:00.788205', '2026-06-14 04:09:00.788205'),
('202', '8', '19', '1', NULL, 'seed', NULL, '2026-06-14 04:09:00.788205', '2026-06-14 04:09:00.788205'),
('203', '8', '20', '1', NULL, 'seed', NULL, '2026-06-14 04:09:00.788205', '2026-06-14 04:09:00.788205'),
('204', '8', '21', '1', NULL, 'seed', NULL, '2026-06-14 04:09:00.788205', '2026-06-14 04:09:00.788205'),
('205', '8', '22', '1', NULL, 'seed', NULL, '2026-06-14 04:09:00.788205', '2026-06-14 04:09:00.788205'),
('206', '8', '23', '1', NULL, 'seed', NULL, '2026-06-14 04:09:00.788205', '2026-06-14 04:09:00.788205'),
('207', '8', '24', '2', NULL, 'seed', NULL, '2026-06-14 04:09:00.788205', '2026-06-14 04:09:00.788205'),
('208', '8', '25', '2', NULL, 'seed', NULL, '2026-06-14 04:09:00.788205', '2026-06-14 04:09:00.788205'),
('209', '8', '26', '2', NULL, 'seed', NULL, '2026-06-14 04:09:00.788205', '2026-06-14 04:09:00.788205'),
('210', '8', '27', '1', NULL, 'seed', NULL, '2026-06-14 04:09:00.788205', '2026-06-14 04:09:00.788205'),
('211', '8', '28', '1', NULL, 'seed', NULL, '2026-06-14 04:09:00.788205', '2026-06-14 04:09:00.788205'),
('212', '8', '29', '2', NULL, 'seed', NULL, '2026-06-14 04:09:00.788205', '2026-06-14 04:09:00.788205'),
('213', '8', '30', '1', NULL, 'seed', NULL, '2026-06-14 04:09:00.788205', '2026-06-14 04:09:00.788205'),
('214', '8', '31', '1', NULL, 'seed', NULL, '2026-06-14 04:09:00.788205', '2026-06-14 04:09:00.788205'),
('215', '8', '32', '2', NULL, 'seed', NULL, '2026-06-14 04:09:00.788205', '2026-06-14 04:09:00.788205'),
('216', '8', '33', '1', NULL, 'seed', NULL, '2026-06-14 04:09:00.788205', '2026-06-14 04:09:00.788205'),
('217', '8', '34', '2', NULL, 'seed', NULL, '2026-06-14 04:09:00.788205', '2026-06-14 04:09:00.788205'),
('218', '8', '35', '1', NULL, 'seed', NULL, '2026-06-14 04:09:00.788205', '2026-06-14 04:09:00.788205'),
('219', '8', '36', '1', NULL, 'seed', NULL, '2026-06-14 04:09:00.788205', '2026-06-14 04:09:00.788205'),
('220', '8', '37', '1', NULL, 'seed', NULL, '2026-06-14 04:09:00.788205', '2026-06-14 04:09:00.788205'),
('221', '9', '15', '1', NULL, 'seed', NULL, '2026-06-14 04:09:00.788205', '2026-06-14 04:09:00.788205'),
('222', '9', '16', '1', NULL, 'seed', NULL, '2026-06-14 04:09:00.788205', '2026-06-14 04:09:00.788205'),
('223', '9', '17', '2', NULL, 'seed', NULL, '2026-06-14 04:09:00.788205', '2026-06-14 04:09:00.788205'),
('224', '9', '18', '1', NULL, 'seed', NULL, '2026-06-14 04:09:00.788205', '2026-06-14 04:09:00.788205'),
('225', '9', '19', '2', NULL, 'seed', NULL, '2026-06-14 04:09:00.788205', '2026-06-14 04:09:00.788205'),
('226', '9', '20', '1', NULL, 'seed', NULL, '2026-06-14 04:09:00.788205', '2026-06-14 04:09:00.788205'),
('227', '9', '21', '1', NULL, 'seed', NULL, '2026-06-14 04:09:00.788205', '2026-06-14 04:09:00.788205'),
('228', '9', '22', '1', NULL, 'seed', NULL, '2026-06-14 04:09:00.788205', '2026-06-14 04:09:00.788205'),
('229', '9', '23', '1', NULL, 'seed', NULL, '2026-06-14 04:09:00.788205', '2026-06-14 04:09:00.788205'),
('230', '9', '24', '2', NULL, 'seed', NULL, '2026-06-14 04:09:00.788205', '2026-06-14 04:09:00.788205'),
('231', '9', '25', '2', NULL, 'seed', NULL, '2026-06-14 04:09:00.788205', '2026-06-14 04:09:00.788205'),
('232', '9', '26', '2', NULL, 'seed', NULL, '2026-06-14 04:09:00.788205', '2026-06-14 04:09:00.788205'),
('233', '9', '27', '1', NULL, 'seed', NULL, '2026-06-14 04:09:00.788205', '2026-06-14 04:09:00.788205'),
('234', '9', '28', '2', NULL, 'seed', NULL, '2026-06-14 04:09:00.788205', '2026-06-14 04:09:00.788205'),
('235', '9', '29', '2', NULL, 'seed', NULL, '2026-06-14 04:09:00.788205', '2026-06-14 04:09:00.788205'),
('236', '9', '30', '1', NULL, 'seed', NULL, '2026-06-14 04:09:00.788205', '2026-06-14 04:09:00.788205'),
('237', '9', '31', '1', NULL, 'seed', NULL, '2026-06-14 04:09:00.788205', '2026-06-14 04:09:00.788205'),
('238', '9', '32', '1', NULL, 'seed', NULL, '2026-06-14 04:09:00.788205', '2026-06-14 04:09:00.788205'),
('239', '9', '33', '1', NULL, 'seed', NULL, '2026-06-14 04:09:00.788205', '2026-06-14 04:09:00.788205'),
('240', '9', '34', '1', NULL, 'seed', NULL, '2026-06-14 04:09:00.788205', '2026-06-14 04:09:00.788205'),
('241', '9', '35', '1', NULL, 'seed', NULL, '2026-06-14 04:09:00.788205', '2026-06-14 04:09:00.788205'),
('242', '9', '36', '1', NULL, 'seed', NULL, '2026-06-14 04:09:00.788205', '2026-06-14 04:09:00.788205'),
('243', '9', '37', '1', NULL, 'seed', NULL, '2026-06-14 04:09:00.788205', '2026-06-14 04:09:00.788205');

INSERT INTO "public"."team_coaches" ("id", "team_id", "coach_id", "coach_role_id", "priority", "active", "joined_at", "left_at", "notes", "created_by", "updated_by", "created_at", "updated_at") VALUES
('1', '1', '1', '1', '1', 't', NULL, NULL, NULL, NULL, NULL, '2026-06-13 03:03:22.779118', '2026-06-13 03:03:22.779118'),
('2', '1', '2', '4', '1', 't', NULL, NULL, NULL, NULL, NULL, '2026-06-13 03:03:22.779118', '2026-06-13 03:03:22.779118'),
('3', '1', '3', '3', '1', 't', NULL, NULL, NULL, NULL, NULL, '2026-06-13 03:03:22.779118', '2026-06-13 03:03:22.779118'),
('4', '1', '4', '5', '1', 't', NULL, NULL, NULL, NULL, NULL, '2026-06-13 03:03:22.779118', '2026-06-13 03:03:22.779118'),
('5', '1', '5', '4', '2', 't', NULL, NULL, NULL, NULL, NULL, '2026-06-13 03:03:22.779118', '2026-06-13 03:03:22.779118'),
('6', '1', '6', '3', '2', 't', NULL, NULL, NULL, NULL, NULL, '2026-06-13 03:03:22.779118', '2026-06-13 03:03:22.779118'),
('7', '1', '7', '3', '3', 't', NULL, NULL, NULL, NULL, NULL, '2026-06-13 03:03:22.779118', '2026-06-13 03:03:22.779118'),
('8', '1', '8', '6', '1', 't', NULL, NULL, NULL, NULL, NULL, '2026-06-13 03:03:22.779118', '2026-06-13 03:03:22.779118'),
('9', '1', '9', '6', '2', 't', NULL, NULL, NULL, NULL, NULL, '2026-06-13 03:03:22.779118', '2026-06-13 03:03:22.779118'),
('10', '1', '10', '7', '1', 't', NULL, NULL, NULL, NULL, NULL, '2026-06-13 03:03:22.779118', '2026-06-13 03:03:22.779118'),
('11', '1', '11', '7', '2', 't', NULL, NULL, NULL, NULL, NULL, '2026-06-13 03:03:22.779118', '2026-06-13 03:03:22.779118'),
('12', '1', '12', '7', '3', 't', NULL, NULL, NULL, NULL, NULL, '2026-06-13 03:03:22.779118', '2026-06-13 03:03:22.779118');

INSERT INTO "public"."teams" ("id", "club_id", "season_id", "name", "active", "created_at", "updated_at") VALUES
('1', '1', '3', 'M13', 't', '2026-06-13 03:03:22.656263', '2026-06-13 03:03:22.656263');

INSERT INTO "public"."training_session_types" ("id", "code", "description", "active", "created_at", "updated_at") VALUES
('1', 'training', 'Entrenamiento', 't', '2026-06-13 02:56:33.39592', '2026-06-13 02:56:33.39592'),
('2', 'physical', 'Preparación Física', 't', '2026-06-13 02:56:33.39592', '2026-06-13 02:56:33.39592'),
('3', 'skills', 'Destrezas', 't', '2026-06-13 02:56:33.39592', '2026-06-13 02:56:33.39592'),
('4', 'captains_run', 'Captain Run', 't', '2026-06-13 02:56:33.39592', '2026-06-13 02:56:33.39592'),
('5', 'video_review', 'Análisis de Video', 't', '2026-06-13 02:56:33.39592', '2026-06-13 02:56:33.39592'),
('6', 'match', 'Partido', 't', '2026-06-14 03:41:05.854272', '2026-06-14 03:41:05.854272');

INSERT INTO "public"."training_sessions" ("id", "team_id", "training_session_type_id", "session_date", "start_time", "end_time", "location", "description", "created_by", "updated_by", "created_at", "updated_at") VALUES
('1', '1', '1', '2026-02-18', NULL, NULL, NULL, 'Entrenamiento M13 2026', 'seed', NULL, '2026-06-14 00:08:28.140585', '2026-06-14 00:08:28.140585'),
('2', '1', '1', '2026-02-20', NULL, NULL, NULL, 'Entrenamiento M13 2026', 'seed', NULL, '2026-06-14 00:08:28.140585', '2026-06-14 00:08:28.140585'),
('3', '1', '1', '2026-02-23', NULL, NULL, NULL, 'Entrenamiento M13 2026', 'seed', NULL, '2026-06-14 00:08:28.140585', '2026-06-14 00:08:28.140585'),
('4', '1', '1', '2026-02-25', NULL, NULL, NULL, 'Entrenamiento M13 2026', 'seed', NULL, '2026-06-14 00:08:28.140585', '2026-06-14 00:08:28.140585'),
('5', '1', '1', '2026-02-28', NULL, NULL, NULL, 'Entrenamiento M13 2026', 'seed', NULL, '2026-06-14 00:08:28.140585', '2026-06-14 00:08:28.140585'),
('6', '1', '1', '2026-03-02', NULL, NULL, NULL, 'Entrenamiento M13 2026', 'seed', NULL, '2026-06-14 00:08:28.140585', '2026-06-14 00:08:28.140585'),
('7', '1', '1', '2026-03-04', NULL, NULL, NULL, 'Entrenamiento M13 2026', 'seed', NULL, '2026-06-14 00:08:28.140585', '2026-06-14 00:08:28.140585'),
('8', '1', '1', '2026-03-07', NULL, NULL, NULL, 'Entrenamiento M13 2026', 'seed', NULL, '2026-06-14 00:08:28.140585', '2026-06-14 00:08:28.140585'),
('9', '1', '1', '2026-03-09', NULL, NULL, NULL, 'Entrenamiento M13 2026', 'seed', NULL, '2026-06-14 00:08:28.140585', '2026-06-14 00:08:28.140585'),
('10', '1', '1', '2026-03-11', NULL, NULL, NULL, 'Entrenamiento M13 2026', 'seed', NULL, '2026-06-14 00:08:28.140585', '2026-06-14 00:08:28.140585'),
('11', '1', '1', '2026-03-14', NULL, NULL, NULL, 'Entrenamiento M13 2026', 'seed', NULL, '2026-06-14 00:08:28.140585', '2026-06-14 00:08:28.140585'),
('12', '1', '1', '2026-03-16', NULL, NULL, NULL, 'Entrenamiento M13 2026', 'seed', NULL, '2026-06-14 00:08:28.140585', '2026-06-14 00:08:28.140585'),
('13', '1', '1', '2026-03-18', NULL, NULL, NULL, 'Entrenamiento M13 2026', 'seed', NULL, '2026-06-14 00:08:28.140585', '2026-06-14 00:08:28.140585'),
('14', '1', '1', '2026-03-21', NULL, NULL, NULL, 'Entrenamiento M13 2026', 'seed', NULL, '2026-06-14 00:08:28.140585', '2026-06-14 00:08:28.140585'),
('15', '1', '1', '2026-04-13', NULL, NULL, NULL, 'Entrenamiento M13 2026', 'seed', NULL, '2026-06-14 00:08:28.140585', '2026-06-14 00:08:28.140585'),
('16', '1', '1', '2026-04-15', NULL, NULL, NULL, 'Entrenamiento M13 2026', 'seed', NULL, '2026-06-14 00:08:28.140585', '2026-06-14 00:08:28.140585'),
('17', '1', '1', '2026-04-18', NULL, NULL, NULL, 'Entrenamiento M13 2026', 'seed', NULL, '2026-06-14 00:08:28.140585', '2026-06-14 00:08:28.140585'),
('18', '1', '1', '2026-04-22', NULL, NULL, NULL, 'Entrenamiento M13 2026', 'seed', NULL, '2026-06-14 00:08:28.140585', '2026-06-14 00:08:28.140585'),
('19', '1', '1', '2026-04-24', NULL, NULL, NULL, 'Entrenamiento M13 2026', 'seed', NULL, '2026-06-14 00:08:28.140585', '2026-06-14 00:08:28.140585'),
('20', '1', '1', '2026-04-27', NULL, NULL, NULL, 'Entrenamiento M13 2026', 'seed', NULL, '2026-06-14 00:08:28.140585', '2026-06-14 00:08:28.140585'),
('21', '1', '1', '2026-04-29', NULL, NULL, NULL, 'Entrenamiento M13 2026', 'seed', NULL, '2026-06-14 00:08:28.140585', '2026-06-14 00:08:28.140585'),
('22', '1', '1', '2026-05-04', NULL, NULL, NULL, 'Entrenamiento M13 2026', 'seed', NULL, '2026-06-14 00:08:28.140585', '2026-06-14 00:08:28.140585'),
('23', '1', '1', '2026-05-06', NULL, NULL, NULL, 'Entrenamiento M13 2026', 'seed', NULL, '2026-06-14 00:08:28.140585', '2026-06-14 00:08:28.140585'),
('24', '1', '1', '2026-05-08', NULL, NULL, NULL, 'Entrenamiento M13 2026', 'seed', NULL, '2026-06-14 00:08:28.140585', '2026-06-14 00:08:28.140585'),
('25', '1', '1', '2026-05-09', NULL, NULL, NULL, 'Entrenamiento M13 2026', 'seed', NULL, '2026-06-14 00:08:28.140585', '2026-06-14 00:08:28.140585'),
('26', '1', '1', '2026-05-10', NULL, NULL, NULL, 'Entrenamiento M13 2026', 'seed', NULL, '2026-06-14 00:08:28.140585', '2026-06-14 00:08:28.140585'),
('27', '1', '1', '2026-05-13', NULL, NULL, NULL, 'Entrenamiento M13 2026', 'seed', NULL, '2026-06-14 00:08:28.140585', '2026-06-14 00:08:28.140585'),
('28', '1', '1', '2026-05-16', NULL, NULL, NULL, 'Entrenamiento M13 2026', 'seed', NULL, '2026-06-14 00:08:28.140585', '2026-06-14 00:08:28.140585'),
('29', '1', '1', '2026-05-17', NULL, NULL, NULL, 'Entrenamiento M13 2026', 'seed', NULL, '2026-06-14 00:08:28.140585', '2026-06-14 00:08:28.140585'),
('30', '1', '1', '2026-05-20', NULL, NULL, NULL, 'Entrenamiento M13 2026', 'seed', NULL, '2026-06-14 00:08:28.140585', '2026-06-14 00:08:28.140585'),
('31', '1', '1', '2026-05-27', NULL, NULL, NULL, 'Entrenamiento M13 2026', 'seed', NULL, '2026-06-14 00:08:28.140585', '2026-06-14 00:08:28.140585'),
('32', '1', '1', '2026-05-30', NULL, NULL, NULL, 'Entrenamiento M13 2026', 'seed', NULL, '2026-06-14 00:08:28.140585', '2026-06-14 00:08:28.140585'),
('33', '1', '1', '2026-06-01', NULL, NULL, NULL, 'Entrenamiento M13 2026', 'seed', NULL, '2026-06-14 00:08:28.140585', '2026-06-14 00:08:28.140585'),
('34', '1', '1', '2026-06-03', NULL, NULL, NULL, 'Entrenamiento M13 2026', 'seed', NULL, '2026-06-14 00:08:28.140585', '2026-06-14 00:08:28.140585'),
('35', '1', '1', '2026-06-06', NULL, NULL, NULL, 'Entrenamiento M13 2026', 'seed', NULL, '2026-06-14 00:08:28.140585', '2026-06-14 00:08:28.140585'),
('36', '1', '1', '2026-06-08', NULL, NULL, NULL, 'Entrenamiento M13 2026', 'seed', NULL, '2026-06-14 00:08:28.140585', '2026-06-14 00:08:28.140585'),
('37', '1', '1', '2026-06-10', NULL, NULL, NULL, 'Entrenamiento M13 2026', 'seed', NULL, '2026-06-14 00:08:28.140585', '2026-06-14 00:08:28.140585');

ALTER TABLE "public"."athletic_test_results" ADD FOREIGN KEY ("player_team_id") REFERENCES "public"."player_teams"("id");
ALTER TABLE "public"."athletic_test_results" ADD FOREIGN KEY ("athletic_test_type_id") REFERENCES "public"."athletic_test_types"("id");
ALTER TABLE "public"."attendance_records" ADD FOREIGN KEY ("attendance_status_id") REFERENCES "public"."attendance_statuses"("id");
ALTER TABLE "public"."attendance_records" ADD FOREIGN KEY ("player_team_id") REFERENCES "public"."player_teams"("id");
ALTER TABLE "public"."attendance_records" ADD FOREIGN KEY ("training_session_id") REFERENCES "public"."training_sessions"("id");
ALTER TABLE "public"."evaluation_criteria" ADD FOREIGN KEY ("evaluation_category_id") REFERENCES "public"."evaluation_categories"("id");
ALTER TABLE "public"."match_events" ADD FOREIGN KEY ("player_team_id") REFERENCES "public"."player_teams"("id");
ALTER TABLE "public"."match_events" ADD FOREIGN KEY ("match_event_type_id") REFERENCES "public"."match_event_types"("id");
ALTER TABLE "public"."match_events" ADD FOREIGN KEY ("match_id") REFERENCES "public"."matches"("id");
ALTER TABLE "public"."match_player_records" ADD FOREIGN KEY ("player_team_id") REFERENCES "public"."player_teams"("id");
ALTER TABLE "public"."match_player_records" ADD FOREIGN KEY ("match_id") REFERENCES "public"."matches"("id");
ALTER TABLE "public"."match_player_records" ADD FOREIGN KEY ("player_position_id") REFERENCES "public"."player_positions"("id");
ALTER TABLE "public"."matches" ADD FOREIGN KEY ("match_type_id") REFERENCES "public"."match_types"("id");
ALTER TABLE "public"."matches" ADD FOREIGN KEY ("squad_id") REFERENCES "public"."squads"("id");
ALTER TABLE "public"."matches" ADD FOREIGN KEY ("team_id") REFERENCES "public"."teams"("id");
ALTER TABLE "public"."player_evaluation_items" ADD FOREIGN KEY ("player_evaluation_id") REFERENCES "public"."player_evaluations"("id");
ALTER TABLE "public"."player_evaluation_items" ADD FOREIGN KEY ("evaluation_criteria_id") REFERENCES "public"."evaluation_criteria"("id");
ALTER TABLE "public"."player_evaluations" ADD FOREIGN KEY ("evaluator_coach_id") REFERENCES "public"."coaches"("id");
ALTER TABLE "public"."player_evaluations" ADD FOREIGN KEY ("player_team_id") REFERENCES "public"."player_teams"("id");
ALTER TABLE "public"."player_level_evaluations" ADD FOREIGN KEY ("player_team_id") REFERENCES "public"."player_teams"("id");
ALTER TABLE "public"."player_level_evaluations" ADD FOREIGN KEY ("evaluator_coach_id") REFERENCES "public"."coaches"("id");
ALTER TABLE "public"."player_measurements" ADD FOREIGN KEY ("player_team_id") REFERENCES "public"."player_teams"("id");
ALTER TABLE "public"."player_teams" ADD FOREIGN KEY ("alternative_position_id") REFERENCES "public"."player_positions"("id");
ALTER TABLE "public"."player_teams" ADD FOREIGN KEY ("primary_position_id") REFERENCES "public"."player_positions"("id");
ALTER TABLE "public"."player_teams" ADD FOREIGN KEY ("team_id") REFERENCES "public"."teams"("id");
ALTER TABLE "public"."player_teams" ADD FOREIGN KEY ("player_id") REFERENCES "public"."players"("id");
ALTER TABLE "public"."squads" ADD FOREIGN KEY ("team_id") REFERENCES "public"."teams"("id");
ALTER TABLE "public"."staff_attendance_records" ADD FOREIGN KEY ("attendance_status_id") REFERENCES "public"."attendance_statuses"("id");
ALTER TABLE "public"."staff_attendance_records" ADD FOREIGN KEY ("training_session_id") REFERENCES "public"."training_sessions"("id");
ALTER TABLE "public"."staff_attendance_records" ADD FOREIGN KEY ("team_coach_id") REFERENCES "public"."team_coaches"("id");
ALTER TABLE "public"."team_coaches" ADD FOREIGN KEY ("coach_id") REFERENCES "public"."coaches"("id");
ALTER TABLE "public"."team_coaches" ADD FOREIGN KEY ("team_id") REFERENCES "public"."teams"("id");
ALTER TABLE "public"."team_coaches" ADD FOREIGN KEY ("coach_role_id") REFERENCES "public"."coach_roles"("id");
ALTER TABLE "public"."teams" ADD FOREIGN KEY ("season_id") REFERENCES "public"."seasons"("id");
ALTER TABLE "public"."teams" ADD FOREIGN KEY ("club_id") REFERENCES "public"."clubs"("id");
ALTER TABLE "public"."training_sessions" ADD FOREIGN KEY ("team_id") REFERENCES "public"."teams"("id");
ALTER TABLE "public"."training_sessions" ADD FOREIGN KEY ("training_session_type_id") REFERENCES "public"."training_session_types"("id");
