INSERT INTO "public"."clubs" ("id", "name", "short_name", "active", "created_at", "updated_at") VALUES
('1', 'La Tablada', 'LT', 't', '2026-06-13 02:56:33.118453', '2026-06-13 02:56:33.118453');

INSERT INTO "public"."seasons" ("id", "year", "description", "active", "created_at", "updated_at") VALUES
('1', '2024', 'Temporada 2024', 't', '2026-06-13 02:56:33.189289', '2026-06-13 02:56:33.189289'),
('2', '2025', 'Temporada 2025', 't', '2026-06-13 02:56:33.189289', '2026-06-13 02:56:33.189289'),
('3', '2026', 'Temporada 2026', 't', '2026-06-13 02:56:33.189289', '2026-06-13 02:56:33.189289'),
('4', '2027', 'Temporada 2027', 't', '2026-06-13 02:56:33.189289', '2026-06-13 02:56:33.189289'),
('5', '2028', 'Temporada 2028', 't', '2026-06-13 02:56:33.189289', '2026-06-13 02:56:33.189289');

INSERT INTO "public"."teams" ("id", "club_id", "season_id", "name", "active", "created_at", "updated_at") VALUES
('1', '1', '3', 'M13', 't', '2026-06-13 03:03:22.656263', '2026-06-13 03:03:22.656263');

INSERT INTO "public"."squads" ("id", "team_id", "code", "description", "active", "created_at", "updated_at") VALUES
('1', '1', 'A', 'Tablada A', 't', '2026-06-14 02:46:38.075609', '2026-06-14 02:46:38.075609'),
('2', '1', 'B', 'Tablada B', 't', '2026-06-14 02:46:38.075609', '2026-06-14 02:46:38.075609'),
('3', '1', 'C', 'Tablada C', 't', '2026-06-14 02:46:38.075609', '2026-06-14 02:46:38.075609');

INSERT INTO "public"."players" ("id", "first_name", "last_name", "birth_date", "document_number", "email", "phone", "active", "created_at", "updated_at") VALUES
('1', 'Tomas', 'Badra', NULL, NULL, NULL, NULL, 't', '2026-06-13 03:20:05.563534', '2026-06-13 03:20:05.563534'),
('2', 'Luca', 'Ballatore', '2013-11-01', '53263788', NULL, NULL, 't', '2026-06-13 03:20:05.563534', '2026-06-13 03:20:05.563534'),
('3', 'Dante', 'Barros Fachin', '2013-07-23', '53504428', NULL, NULL, 't', '2026-06-13 03:20:05.563534', '2026-06-13 03:20:05.563534'),
('4', 'Pedro', 'Beltrán', '2013-10-02', '53481135', NULL, NULL, 't', '2026-06-13 03:20:05.563534', '2026-06-13 03:20:05.563534'),
('5', 'Pedro', 'Bernardi', '2013-05-27', '52868692', NULL, NULL, 't', '2026-06-13 03:20:05.563534', '2026-06-13 03:20:05.563534'),
('6', 'Camilo', 'Branda', NULL, NULL, NULL, NULL, 't', '2026-06-13 03:20:05.563534', '2026-06-13 03:20:05.563534'),
('7', 'Francisco', 'Brandan', NULL, NULL, NULL, NULL, 't', '2026-06-13 03:20:05.563534', '2026-06-13 03:20:05.563534'),
('8', 'Tomas', 'Carranza', '2013-08-06', '53263948', NULL, NULL, 't', '2026-06-13 03:20:05.563534', '2026-06-13 03:20:05.563534'),
('9', 'Francisco', 'Castellanos', '2013-06-25', '53223880', NULL, NULL, 't', '2026-06-13 03:20:05.563534', '2026-06-13 03:20:05.563534'),
('10', 'Salvador', 'Ceballos', '2013-05-03', '52868612', NULL, NULL, 't', '2026-06-13 03:20:05.563534', '2026-06-13 03:20:05.563534'),
('11', 'Dante', 'Cicarella', NULL, '53504463', NULL, NULL, 't', '2026-06-13 03:20:05.563534', '2026-06-13 03:20:05.563534'),
('12', 'Ramiro', 'Citati', '2013-10-21', '53481609', NULL, NULL, 't', '2026-06-13 03:20:05.563534', '2026-06-13 03:20:05.563534'),
('13', 'Matías', 'Colino', NULL, NULL, NULL, NULL, 't', '2026-06-13 03:20:05.563534', '2026-06-13 03:20:05.563534'),
('14', 'Santino', 'De Almeida', NULL, NULL, NULL, NULL, 't', '2026-06-13 03:20:05.563534', '2026-06-13 03:20:05.563534'),
('15', 'Baltazar', 'De la Cuesta', '2013-01-23', '52864210', NULL, NULL, 't', '2026-06-13 03:20:05.563534', '2026-06-13 03:20:05.563534'),
('16', 'Ignacio', 'De Miguel', '2013-03-07', '52962688', NULL, NULL, 't', '2026-06-13 03:20:05.563534', '2026-06-13 03:20:05.563534'),
('17', 'Gregorio', 'Del Valle', NULL, NULL, NULL, NULL, 't', '2026-06-13 03:20:05.563534', '2026-06-13 03:20:05.563534'),
('18', 'Agustín', 'Dellavedova', NULL, NULL, NULL, NULL, 't', '2026-06-13 03:20:05.563534', '2026-06-13 03:20:05.563534'),
('19', 'Cayetano', 'Ferla', '2014-04-10', '53733849', NULL, NULL, 't', '2026-06-13 03:20:05.563534', '2026-06-13 03:20:05.563534'),
('20', 'Greogorio', 'Fernandez', '2013-04-09', '52866602', NULL, NULL, 't', '2026-06-13 03:20:05.563534', '2026-06-13 03:20:05.563534'),
('21', 'Tomas', 'Ferrer', '2013-06-13', '53078262', NULL, NULL, 't', '2026-06-13 03:20:05.563534', '2026-06-13 03:20:05.563534'),
('22', 'Santiago', 'Ferro', '2013-08-29', '53407555', NULL, NULL, 't', '2026-06-13 03:20:05.563534', '2026-06-13 03:20:05.563534'),
('23', 'Gregorio', 'Gacitúa', NULL, NULL, NULL, NULL, 't', '2026-06-13 03:20:05.563534', '2026-06-13 03:20:05.563534'),
('24', 'Ignacio', 'Grenat', NULL, NULL, NULL, NULL, 't', '2026-06-13 03:20:05.563534', '2026-06-13 03:20:05.563534'),
('25', 'Joaquín', 'Hadad', NULL, NULL, NULL, NULL, 't', '2026-06-13 03:20:05.563534', '2026-06-13 03:20:05.563534'),
('26', 'Dylan', 'Haymal', NULL, '52867062', NULL, NULL, 't', '2026-06-13 03:20:05.563534', '2026-06-13 03:20:05.563534'),
('27', 'Rimón', 'Huespe', NULL, NULL, NULL, NULL, 't', '2026-06-13 03:20:05.563534', '2026-06-13 03:20:05.563534'),
('28', 'Tomer', 'Iacomo', '2013-08-14', '53264383', NULL, NULL, 't', '2026-06-13 03:20:05.563534', '2026-06-13 03:20:05.563534'),
('29', 'Segundo', 'Idoyaga', NULL, NULL, NULL, NULL, 't', '2026-06-13 03:20:05.563534', '2026-06-13 03:20:05.563534'),
('30', 'Facundo', 'Isaia', '2013-10-31', '53507209', NULL, NULL, 't', '2026-06-13 03:20:05.563534', '2026-06-13 03:20:05.563534'),
('31', 'Mateo', 'Juaneda', NULL, NULL, NULL, NULL, 't', '2026-06-13 03:20:05.563534', '2026-06-13 03:20:05.563534'),
('32', 'Augusto', 'Lascano', NULL, NULL, NULL, NULL, 't', '2026-06-13 03:20:05.563534', '2026-06-13 03:20:05.563534'),
('33', 'Genaro', 'Leonelli', '2013-08-12', '53264381', NULL, NULL, 't', '2026-06-13 03:20:05.563534', '2026-06-13 03:20:05.563534'),
('34', 'Benjamín', 'Lorenzi Zamboni', '2013-04-11', '52866926', NULL, NULL, 't', '2026-06-13 03:20:05.563534', '2026-06-13 03:20:05.563534'),
('35', 'Pedro', 'Lozada', '2013-05-05', '52868447', NULL, NULL, 't', '2026-06-13 03:20:05.563534', '2026-06-13 03:20:05.563534'),
('36', 'Francisco', 'Martinolli', NULL, NULL, NULL, NULL, 't', '2026-06-13 03:20:05.563534', '2026-06-13 03:20:05.563534'),
('37', 'Genaro', 'Mateo', '2013-09-02', '53078553', NULL, NULL, 't', '2026-06-13 03:20:05.563534', '2026-06-13 03:20:05.563534'),
('38', 'Felipe', 'Mayer', '2013-05-28', '53077915', NULL, NULL, 't', '2026-06-13 03:20:05.563534', '2026-06-13 03:20:05.563534'),
('39', 'Santiago', 'Mayer', '2013-05-28', '53077914', NULL, NULL, 't', '2026-06-13 03:20:05.563534', '2026-06-13 03:20:05.563534'),
('40', 'Benicio', 'Mellano', '2013-10-29', '53583417', NULL, NULL, 't', '2026-06-13 03:20:05.563534', '2026-06-13 03:20:05.563534'),
('41', 'Bautista', 'Meroi', '2013-12-02', '53506332', NULL, NULL, 't', '2026-06-13 03:20:05.563534', '2026-06-13 03:20:05.563534'),
('42', 'Ignacio', 'Molina', '2013-03-24', '53075483', NULL, NULL, 't', '2026-06-13 03:20:05.563534', '2026-06-13 03:20:05.563534'),
('43', 'Felipe', 'Nebbia', '2013-09-30', '53481130', NULL, NULL, 't', '2026-06-13 03:20:05.563534', '2026-06-13 03:20:05.563534'),
('44', 'Cristobal', 'Novillo', NULL, NULL, NULL, NULL, 't', '2026-06-13 03:20:05.563534', '2026-06-13 03:20:05.563534'),
('45', 'Vicente', 'Oliva', '2013-10-21', '53481621', NULL, NULL, 't', '2026-06-13 03:20:05.563534', '2026-06-13 03:20:05.563534'),
('46', 'Constantino', 'Olocco', '2013-02-05', '52865217', NULL, NULL, 't', '2026-06-13 03:20:05.563534', '2026-06-13 03:20:05.563534'),
('47', 'Federico', 'Pez', '2013-12-19', '53507783', NULL, NULL, 't', '2026-06-13 03:20:05.563534', '2026-06-13 03:20:05.563534'),
('48', 'Vicente', 'Quaglia', NULL, NULL, NULL, NULL, 't', '2026-06-13 03:20:05.563534', '2026-06-13 03:20:05.563534'),
('49', 'Toto', 'Ramirez', '2013-07-29', '53262419', NULL, NULL, 't', '2026-06-13 03:20:05.563534', '2026-06-13 03:20:05.563534'),
('50', 'Facundo', 'Robino', '2013-02-21', '52962656', NULL, NULL, 't', '2026-06-13 03:20:05.563534', '2026-06-13 03:20:05.563534'),
('51', 'Emiliano', 'Rocca', '2013-05-11', '53076127', NULL, NULL, 't', '2026-06-13 03:20:05.563534', '2026-06-13 03:20:05.563534'),
('52', 'Conrado', 'Roggio', NULL, NULL, NULL, NULL, 't', '2026-06-13 03:20:05.563534', '2026-06-13 03:20:05.563534'),
('53', 'Facundo', 'Romero Victorica', '2013-04-18', '53076442', NULL, NULL, 't', '2026-06-13 03:20:05.563534', '2026-06-13 03:20:05.563534'),
('54', 'Gregorio', 'Roque Allende', NULL, NULL, NULL, NULL, 't', '2026-06-13 03:20:05.563534', '2026-06-13 03:20:05.563534'),
('55', 'Pedro', 'Rotundo', '2013-09-20', '53426503', NULL, NULL, 't', '2026-06-13 03:20:05.563534', '2026-06-13 03:20:05.563534'),
('56', 'Facundo', 'Rubioli', '2013-01-18', '52863529', NULL, NULL, 't', '2026-06-13 03:20:05.563534', '2026-06-13 03:20:05.563534'),
('57', 'Santiago', 'Ruiz Orszo', NULL, NULL, NULL, NULL, 't', '2026-06-13 03:20:05.563534', '2026-06-13 03:20:05.563534'),
('58', 'Tomas', 'Salort', '2013-10-10', '53472897', NULL, NULL, 't', '2026-06-13 03:20:05.563534', '2026-06-13 03:20:05.563534'),
('59', 'Francisco', 'Sanchez', '2013-04-04', '53099258', NULL, NULL, 't', '2026-06-13 03:20:05.563534', '2026-06-13 03:20:05.563534'),
('60', 'Octavio', 'Segovia', '2013-05-29', '52868695', NULL, NULL, 't', '2026-06-13 03:20:05.563534', '2026-06-13 03:20:05.563534'),
('61', 'Santino', 'Sosa', '2013-04-13', '52866931', NULL, NULL, 't', '2026-06-13 03:20:05.563534', '2026-06-13 03:20:05.563534'),
('62', 'Federico', 'Taborda', '2013-04-13', '53119061', NULL, NULL, 't', '2026-06-13 03:20:05.563534', '2026-06-13 03:20:05.563534'),
('63', 'Cristobal Toto', 'Tosco', '2013-05-16', '52868630', NULL, NULL, 't', '2026-06-13 03:20:05.563534', '2026-06-13 03:20:05.563534'),
('64', 'Clemente', 'Vazquez', '2013-03-21', '52868630', NULL, NULL, 't', '2026-06-13 03:20:05.563534', '2026-06-13 03:20:05.563534'),
('65', 'Santiago', 'Vera', '2013-03-22', '53117019', NULL, NULL, 't', '2026-06-13 03:20:05.563534', '2026-06-13 03:20:05.563534'),
('66', 'Patricio', 'Viale', '2013-07-04', '53078338', NULL, NULL, 't', '2026-06-13 03:20:05.563534', '2026-06-13 03:20:05.563534'),
('67', 'Lautaro', 'Videla', '2013-03-01', '52864316', NULL, NULL, 't', '2026-06-13 03:20:05.563534', '2026-06-13 03:20:05.563534'),
('68', 'Camilo', 'Villegas', '2013-01-30', '52863928', NULL, NULL, 't', '2026-06-13 03:20:05.563534', '2026-06-13 03:20:05.563534'),
('69', 'Justo', 'Zamorato', '2013-01-16', '52859156', NULL, NULL, 't', '2026-06-13 03:20:05.563534', '2026-06-13 03:20:05.563534'),
('70', 'Felipe', 'Zeballos', '2013-11-06', '53504525', NULL, NULL, 't', '2026-06-13 03:20:05.563534', '2026-06-13 03:20:05.563534');

INSERT INTO "public"."player_positions" ("id", "player_position_number", "code", "description", "position_group", "position_sub_group", "active", "created_at", "updated_at") VALUES
('1', '1', 'prop_loosehead', 'Pilar Izquierdo', 'FORWARDS', 'FIRST_LINE', 't', '2026-06-13 02:56:33.244659', '2026-06-13 02:56:33.244659'),
('2', '2', 'hooker', 'Hooker', 'FORWARDS', 'FIRST_LINE', 't', '2026-06-13 02:56:33.244659', '2026-06-13 02:56:33.244659'),
('3', '3', 'prop_tighthead', 'Pilar Derecho', 'FORWARDS', 'FIRST_LINE', 't', '2026-06-13 02:56:33.244659', '2026-06-13 02:56:33.244659'),
('4', '4', 'lock_4', 'Segunda Línea', 'FORWARDS', 'SECOND_LINE', 't', '2026-06-13 02:56:33.244659', '2026-06-13 02:56:33.244659'),
('5', '5', 'lock_5', 'Segunda Línea', 'FORWARDS', 'SECOND_LINE', 't', '2026-06-13 02:56:33.244659', '2026-06-13 02:56:33.244659'),
('6', '6', 'flanker_blindside', 'Ala Cerrado', 'FORWARDS', 'THIRD_LINE', 't', '2026-06-13 02:56:33.244659', '2026-06-13 02:56:33.244659'),
('7', '7', 'flanker_openside', 'Ala Abierto', 'FORWARDS', 'THIRD_LINE', 't', '2026-06-13 02:56:33.244659', '2026-06-13 02:56:33.244659'),
('8', '8', 'number_8', 'Octavo', 'FORWARDS', 'THIRD_LINE', 't', '2026-06-13 02:56:33.244659', '2026-06-13 02:56:33.244659'),
('9', '9', 'scrum_half', 'Medio Scrum', 'BACKS', 'SCRUM_HALF', 't', '2026-06-13 02:56:33.244659', '2026-06-13 02:56:33.244659'),
('10', '10', 'fly_half', 'Apertura', 'BACKS', 'FLY_HALF', 't', '2026-06-13 02:56:33.244659', '2026-06-13 02:56:33.244659'),
('11', '11', 'left_wing', 'Wing Izquierdo', 'BACKS', 'WING', 't', '2026-06-13 02:56:33.244659', '2026-06-13 02:56:33.244659'),
('12', '12', 'inside_center', 'Centro Interno', 'BACKS', 'CENTER', 't', '2026-06-13 02:56:33.244659', '2026-06-13 02:56:33.244659'),
('13', '13', 'outside_center', 'Centro Externo', 'BACKS', 'CENTER', 't', '2026-06-13 02:56:33.244659', '2026-06-13 02:56:33.244659'),
('14', '14', 'right_wing', 'Wing Derecho', 'BACKS', 'WING', 't', '2026-06-13 02:56:33.244659', '2026-06-13 02:56:33.244659'),
('15', '15', 'fullback', 'Full Back', 'BACKS', 'FULLBACK', 't', '2026-06-13 02:56:33.244659', '2026-06-13 02:56:33.244659'),
('16', NULL, 'first_line', 'Primera Línea', 'FORWARDS', 'FIRST_LINE', 't', '2026-06-13 03:20:05.440491', '2026-06-13 03:20:05.440491'),
('17', NULL, 'second_line', 'Segunda Línea', 'FORWARDS', 'SECOND_LINE', 't', '2026-06-13 03:20:05.440491', '2026-06-13 03:20:05.440491'),
('18', NULL, 'third_line', 'Tercera Línea', 'FORWARDS', 'THIRD_LINE', 't', '2026-06-13 03:20:05.440491', '2026-06-13 03:20:05.440491'),
('19', NULL, 'scrum_half_generic', 'Medio Scrum', 'BACKS', 'SCRUM_HALF', 't', '2026-06-13 03:20:05.440491', '2026-06-13 03:20:05.440491'),
('20', NULL, 'fly_half_generic', 'Apertura', 'BACKS', 'FLY_HALF', 't', '2026-06-13 03:20:05.440491', '2026-06-13 03:20:05.440491'),
('21', NULL, 'center_generic', 'Centro', 'BACKS', 'CENTER', 't', '2026-06-13 03:20:05.440491', '2026-06-13 03:20:05.440491'),
('22', NULL, 'wing_generic', 'Wing', 'BACKS', 'WING', 't', '2026-06-13 03:20:05.440491', '2026-06-13 03:20:05.440491'),
('23', NULL, 'fullback_generic', 'Full Back', 'BACKS', 'FULLBACK', 't', '2026-06-13 03:20:05.440491', '2026-06-13 03:20:05.440491');

INSERT INTO "public"."player_teams" ("id", "player_id", "team_id", "primary_position_id", "alternative_position_id", "active", "joined_at", "left_at", "notes", "created_by", "updated_by", "created_at", "updated_at") VALUES
('1', '1', '1', NULL, NULL, 't', '2026-02-01', NULL, NULL, 'seed', NULL, '2026-06-13 03:20:05.606285', '2026-06-13 03:20:05.606285'),
('2', '2', '1', '17', '18', 't', '2026-02-01', NULL, NULL, 'seed', NULL, '2026-06-13 03:20:05.606285', '2026-06-13 03:20:05.606285'),
('3', '3', '1', '22', '19', 't', '2026-02-01', NULL, NULL, 'seed', NULL, '2026-06-13 03:20:05.606285', '2026-06-13 03:20:05.606285'),
('4', '4', '1', '17', '18', 't', '2026-02-01', NULL, NULL, 'seed', NULL, '2026-06-13 03:20:05.606285', '2026-06-13 03:20:05.606285'),
('5', '5', '1', '18', '17', 't', '2026-02-01', NULL, NULL, 'seed', NULL, '2026-06-13 03:20:05.606285', '2026-06-13 03:20:05.606285'),
('6', '6', '1', '16', '17', 't', '2026-02-01', NULL, NULL, 'seed', NULL, '2026-06-13 03:20:05.606285', '2026-06-13 03:20:05.606285'),
('7', '7', '1', '16', '17', 't', '2026-02-01', NULL, NULL, 'seed', NULL, '2026-06-13 03:20:05.606285', '2026-06-13 03:20:05.606285'),
('8', '8', '1', '20', '23', 't', '2026-02-01', NULL, NULL, 'seed', NULL, '2026-06-13 03:20:05.606285', '2026-06-13 03:20:05.606285'),
('9', '9', '1', '16', '18', 't', '2026-02-01', NULL, NULL, 'seed', NULL, '2026-06-13 03:20:05.606285', '2026-06-13 03:20:05.606285'),
('10', '10', '1', '22', '23', 't', '2026-02-01', NULL, NULL, 'seed', NULL, '2026-06-13 03:20:05.606285', '2026-06-13 03:20:05.606285'),
('11', '11', '1', '17', '18', 't', '2026-02-01', NULL, NULL, 'seed', NULL, '2026-06-13 03:20:05.606285', '2026-06-13 03:20:05.606285'),
('12', '12', '1', '22', '23', 't', '2026-02-01', NULL, NULL, 'seed', NULL, '2026-06-13 03:20:05.606285', '2026-06-13 03:20:05.606285'),
('13', '13', '1', '16', '18', 't', '2026-02-01', NULL, NULL, 'seed', NULL, '2026-06-13 03:20:05.606285', '2026-06-13 03:20:05.606285'),
('14', '14', '1', '16', '16', 't', '2026-02-01', NULL, NULL, 'seed', NULL, '2026-06-13 03:20:05.606285', '2026-06-13 03:20:05.606285'),
('15', '15', '1', '18', '21', 't', '2026-02-01', NULL, NULL, 'seed', NULL, '2026-06-13 03:20:05.606285', '2026-06-13 03:20:05.606285'),
('16', '16', '1', '21', '18', 't', '2026-02-01', NULL, NULL, 'seed', NULL, '2026-06-13 03:20:05.606285', '2026-06-13 03:20:05.606285'),
('17', '17', '1', '19', '22', 't', '2026-02-01', NULL, NULL, 'seed', NULL, '2026-06-13 03:20:05.606285', '2026-06-13 03:20:05.606285'),
('18', '18', '1', '17', '16', 't', '2026-02-01', NULL, NULL, 'seed', NULL, '2026-06-13 03:20:05.606285', '2026-06-13 03:20:05.606285'),
('19', '19', '1', '22', '19', 't', '2026-02-01', NULL, NULL, 'seed', NULL, '2026-06-13 03:20:05.606285', '2026-06-13 03:20:05.606285'),
('20', '20', '1', '21', '18', 't', '2026-02-01', NULL, NULL, 'seed', NULL, '2026-06-13 03:20:05.606285', '2026-06-13 03:20:05.606285'),
('21', '21', '1', '16', '18', 't', '2026-02-01', NULL, NULL, 'seed', NULL, '2026-06-13 03:20:05.606285', '2026-06-13 03:20:05.606285'),
('22', '22', '1', '22', '21', 't', '2026-02-01', NULL, NULL, 'seed', NULL, '2026-06-13 03:20:05.606285', '2026-06-13 03:20:05.606285'),
('23', '23', '1', '22', '19', 't', '2026-02-01', NULL, NULL, 'seed', NULL, '2026-06-13 03:20:05.606285', '2026-06-13 03:20:05.606285'),
('24', '24', '1', '16', '17', 't', '2026-02-01', NULL, NULL, 'seed', NULL, '2026-06-13 03:20:05.606285', '2026-06-13 03:20:05.606285'),
('25', '25', '1', '17', '16', 't', '2026-02-01', NULL, NULL, 'seed', NULL, '2026-06-13 03:20:05.606285', '2026-06-13 03:20:05.606285'),
('26', '26', '1', '16', '17', 't', '2026-02-01', NULL, NULL, 'seed', NULL, '2026-06-13 03:20:05.606285', '2026-06-13 03:20:05.606285'),
('27', '27', '1', '17', '18', 't', '2026-02-01', NULL, NULL, 'seed', NULL, '2026-06-13 03:20:05.606285', '2026-06-13 03:20:05.606285'),
('28', '28', '1', '17', '16', 't', '2026-02-01', NULL, NULL, 'seed', NULL, '2026-06-13 03:20:05.606285', '2026-06-13 03:20:05.606285'),
('29', '29', '1', '18', '22', 't', '2026-02-01', NULL, NULL, 'seed', NULL, '2026-06-13 03:20:05.606285', '2026-06-13 03:20:05.606285'),
('30', '30', '1', '16', '18', 't', '2026-02-01', NULL, NULL, 'seed', NULL, '2026-06-13 03:20:05.606285', '2026-06-13 03:20:05.606285'),
('31', '31', '1', '19', '20', 't', '2026-02-01', NULL, NULL, 'seed', NULL, '2026-06-13 03:20:05.606285', '2026-06-13 03:20:05.606285'),
('32', '32', '1', '17', '18', 't', '2026-02-01', NULL, NULL, 'seed', NULL, '2026-06-13 03:20:05.606285', '2026-06-13 03:20:05.606285'),
('33', '33', '1', '18', '17', 't', '2026-02-01', NULL, NULL, 'seed', NULL, '2026-06-13 03:20:05.606285', '2026-06-13 03:20:05.606285'),
('34', '34', '1', '19', '20', 't', '2026-02-01', NULL, NULL, 'seed', NULL, '2026-06-13 03:20:05.606285', '2026-06-13 03:20:05.606285'),
('35', '35', '1', '17', '18', 't', '2026-02-01', NULL, NULL, 'seed', NULL, '2026-06-13 03:20:05.606285', '2026-06-13 03:20:05.606285'),
('36', '36', '1', '16', '17', 't', '2026-02-01', NULL, NULL, 'seed', NULL, '2026-06-13 03:20:05.606285', '2026-06-13 03:20:05.606285'),
('37', '37', '1', '16', '17', 't', '2026-02-01', NULL, NULL, 'seed', NULL, '2026-06-13 03:20:05.606285', '2026-06-13 03:20:05.606285'),
('38', '38', '1', '22', '21', 't', '2026-02-01', NULL, NULL, 'seed', NULL, '2026-06-13 03:20:05.606285', '2026-06-13 03:20:05.606285'),
('39', '39', '1', '21', '18', 't', '2026-02-01', NULL, NULL, 'seed', NULL, '2026-06-13 03:20:05.606285', '2026-06-13 03:20:05.606285'),
('40', '40', '1', '22', '17', 't', '2026-02-01', NULL, NULL, 'seed', NULL, '2026-06-13 03:20:05.606285', '2026-06-13 03:20:05.606285'),
('41', '41', '1', '16', '20', 't', '2026-02-01', NULL, NULL, 'seed', NULL, '2026-06-13 03:20:05.606285', '2026-06-13 03:20:05.606285'),
('42', '42', '1', '17', '18', 't', '2026-02-01', NULL, NULL, 'seed', NULL, '2026-06-13 03:20:05.606285', '2026-06-13 03:20:05.606285'),
('43', '43', '1', '18', '22', 't', '2026-02-01', NULL, NULL, 'seed', NULL, '2026-06-13 03:20:05.606285', '2026-06-13 03:20:05.606285'),
('44', '44', '1', '16', '17', 't', '2026-02-01', NULL, NULL, 'seed', NULL, '2026-06-13 03:20:05.606285', '2026-06-13 03:20:05.606285'),
('45', '45', '1', '19', '20', 't', '2026-02-01', NULL, NULL, 'seed', NULL, '2026-06-13 03:20:05.606285', '2026-06-13 03:20:05.606285'),
('46', '46', '1', '16', '17', 't', '2026-02-01', NULL, NULL, 'seed', NULL, '2026-06-13 03:20:05.606285', '2026-06-13 03:20:05.606285'),
('47', '47', '1', '20', '21', 't', '2026-02-01', NULL, NULL, 'seed', NULL, '2026-06-13 03:20:05.606285', '2026-06-13 03:20:05.606285'),
('48', '48', '1', '17', '16', 't', '2026-02-01', NULL, NULL, 'seed', NULL, '2026-06-13 03:20:05.606285', '2026-06-13 03:20:05.606285'),
('49', '49', '1', '16', '17', 't', '2026-02-01', NULL, NULL, 'seed', NULL, '2026-06-13 03:20:05.606285', '2026-06-13 03:20:05.606285'),
('50', '50', '1', '17', '18', 't', '2026-02-01', NULL, NULL, 'seed', NULL, '2026-06-13 03:20:05.606285', '2026-06-13 03:20:05.606285'),
('51', '51', '1', '17', '18', 't', '2026-02-01', NULL, NULL, 'seed', NULL, '2026-06-13 03:20:05.606285', '2026-06-13 03:20:05.606285'),
('52', '52', '1', '17', '18', 't', '2026-02-01', NULL, NULL, 'seed', NULL, '2026-06-13 03:20:05.606285', '2026-06-13 03:20:05.606285'),
('53', '53', '1', '19', '20', 't', '2026-02-01', NULL, NULL, 'seed', NULL, '2026-06-13 03:20:05.606285', '2026-06-13 03:20:05.606285'),
('54', '54', '1', '16', '18', 't', '2026-02-01', NULL, NULL, 'seed', NULL, '2026-06-13 03:20:05.606285', '2026-06-13 03:20:05.606285'),
('55', '55', '1', '16', '16', 't', '2026-02-01', NULL, NULL, 'seed', NULL, '2026-06-13 03:20:05.606285', '2026-06-13 03:20:05.606285'),
('56', '56', '1', '21', '18', 't', '2026-02-01', NULL, NULL, 'seed', NULL, '2026-06-13 03:20:05.606285', '2026-06-13 03:20:05.606285'),
('57', '57', '1', '17', '16', 't', '2026-02-01', NULL, NULL, 'seed', NULL, '2026-06-13 03:20:05.606285', '2026-06-13 03:20:05.606285'),
('58', '58', '1', NULL, NULL, 't', '2026-02-01', NULL, NULL, 'seed', NULL, '2026-06-13 03:20:05.606285', '2026-06-13 03:20:05.606285'),
('59', '59', '1', '23', '18', 't', '2026-02-01', NULL, NULL, 'seed', NULL, '2026-06-13 03:20:05.606285', '2026-06-13 03:20:05.606285'),
('60', '60', '1', '18', '16', 't', '2026-02-01', NULL, NULL, 'seed', NULL, '2026-06-13 03:20:05.606285', '2026-06-13 03:20:05.606285'),
('61', '61', '1', '16', '17', 't', '2026-02-01', NULL, NULL, 'seed', NULL, '2026-06-13 03:20:05.606285', '2026-06-13 03:20:05.606285'),
('62', '62', '1', '20', '21', 't', '2026-02-01', NULL, NULL, 'seed', NULL, '2026-06-13 03:20:05.606285', '2026-06-13 03:20:05.606285'),
('63', '63', '1', '21', '18', 't', '2026-02-01', NULL, NULL, 'seed', NULL, '2026-06-13 03:20:05.606285', '2026-06-13 03:20:05.606285'),
('64', '64', '1', '16', '16', 't', '2026-02-01', NULL, NULL, 'seed', NULL, '2026-06-13 03:20:05.606285', '2026-06-13 03:20:05.606285'),
('65', '65', '1', '22', '21', 't', '2026-02-01', NULL, NULL, 'seed', NULL, '2026-06-13 03:20:05.606285', '2026-06-13 03:20:05.606285'),
('66', '66', '1', '22', '22', 't', '2026-02-01', NULL, NULL, 'seed', NULL, '2026-06-13 03:20:05.606285', '2026-06-13 03:20:05.606285'),
('67', '67', '1', '16', '16', 't', '2026-02-01', NULL, NULL, 'seed', NULL, '2026-06-13 03:20:05.606285', '2026-06-13 03:20:05.606285'),
('68', '68', '1', '18', '18', 't', '2026-02-01', NULL, NULL, 'seed', NULL, '2026-06-13 03:20:05.606285', '2026-06-13 03:20:05.606285'),
('69', '69', '1', '16', '16', 't', '2026-02-01', NULL, NULL, 'seed', NULL, '2026-06-13 03:20:05.606285', '2026-06-13 03:20:05.606285'),
('70', '70', '1', '16', '17', 't', '2026-02-01', NULL, NULL, 'seed', NULL, '2026-06-13 03:20:05.606285', '2026-06-13 03:20:05.606285');

INSERT INTO "public"."coach_roles" ("id", "code", "description", "active", "created_at", "updated_at") VALUES
('1', 'head_coach', 'Entrenador Principal', 't', '2026-06-13 02:56:33.292571', '2026-06-13 02:56:33.292571'),
('2', 'assistant_coach', 'Entrenador Asistente', 't', '2026-06-13 02:56:33.292571', '2026-06-13 02:56:33.292571'),
('3', 'forwards_coach', 'Entrenador de Forwards', 't', '2026-06-13 02:56:33.292571', '2026-06-13 02:56:33.292571'),
('4', 'backs_coach', 'Entrenador de Backs', 't', '2026-06-13 02:56:33.292571', '2026-06-13 02:56:33.292571'),
('5', 'scrum_coach', 'Entrenador de Scrum', 't', '2026-06-13 02:56:33.292571', '2026-06-13 02:56:33.292571'),
('6', 'physical_trainer', 'Preparador Físico', 't', '2026-06-13 02:56:33.292571', '2026-06-13 02:56:33.292571'),
('7', 'manager', 'Manager', 't', '2026-06-13 02:56:33.292571', '2026-06-13 02:56:33.292571');

INSERT INTO "public"."coaches" ("id", "first_name", "last_name", "birth_date", "document_number", "email", "phone", "active", "created_at", "updated_at") VALUES
('1', 'Sebastian', 'Ferro', NULL, NULL, NULL, NULL, 't', '2026-06-13 03:03:22.747026', '2026-06-13 03:03:22.747026'),
('2', 'Carlos', 'Romero Victorica', NULL, NULL, NULL, NULL, 't', '2026-06-13 03:03:22.747026', '2026-06-13 03:03:22.747026'),
('3', 'Raul', 'Campos', NULL, NULL, NULL, NULL, 't', '2026-06-13 03:03:22.747026', '2026-06-13 03:03:22.747026'),
('4', 'Nicolas', 'Issaia', NULL, NULL, NULL, NULL, 't', '2026-06-13 03:03:22.747026', '2026-06-13 03:03:22.747026'),
('5', 'Carlos', 'Alvarez', NULL, NULL, NULL, NULL, 't', '2026-06-13 03:03:22.747026', '2026-06-13 03:03:22.747026'),
('6', 'Pablo', 'Fernandez', NULL, NULL, NULL, NULL, 't', '2026-06-13 03:03:22.747026', '2026-06-13 03:03:22.747026'),
('7', 'Alejo', 'Del Corro', NULL, NULL, NULL, NULL, 't', '2026-06-13 03:03:22.747026', '2026-06-13 03:03:22.747026'),
('8', 'Eric', 'Farias', NULL, NULL, NULL, NULL, 't', '2026-06-13 03:03:22.747026', '2026-06-13 03:03:22.747026'),
('9', 'Lucia', 'Ludueña', NULL, NULL, NULL, NULL, 't', '2026-06-13 03:03:22.747026', '2026-06-13 03:03:22.747026'),
('10', 'Guillermo', 'Vazquez', NULL, NULL, NULL, NULL, 't', '2026-06-13 03:03:22.747026', '2026-06-13 03:03:22.747026'),
('11', 'Gilberto', 'Olvida', NULL, NULL, NULL, NULL, 't', '2026-06-13 03:03:22.747026', '2026-06-13 03:03:22.747026'),
('12', 'Salvador', 'Viale', NULL, NULL, NULL, NULL, 't', '2026-06-13 03:03:22.747026', '2026-06-13 03:03:22.747026');

INSERT INTO "public"."team_coaches" ("id", "team_id", "coach_id", "coach_role_id", "priority", "active", "joined_at", "left_at", "notes", "created_by", "updated_by", "created_at", "updated_at") VALUES
('1', '1', '1', '1', '1', 't', NULL, NULL, NULL, NULL, NULL, '2026-06-13 03:03:22.779118', '2026-06-13 03:03:22.779118'),
('2', '1', '2', '4', '1', 't', NULL, NULL, NULL, NULL, NULL, '2026-06-13 03:03:22.779118', '2026-06-13 03:03:22.779118'),
('3', '1', '3', '3', '1', 't', NULL, NULL, NULL, NULL, NULL, '2026-06-13 03:03:22.779118', '2026-06-13 03:03:22.779118'),
('4', '1', '4', '5', '1', 't', NULL, NULL, NULL, NULL, NULL, '2026-06-13 03:03:22.779118', '2026-06-13 03:03:22.779118'),
('5', '1', '5', '4', '2', 't', NULL, NULL, NULL, NULL, NULL, '2026-06-13 03:03:22.779118', '2026-06-13 03:03:22.779118'),
('6', '1', '6', '3', '2', 't', NULL, NULL, NULL, NULL, NULL, '2026-06-13 03:03:22.779118', '2026-06-13 03:03:22.779118'),
('7', '1', '7', '3', '3', 't', NULL, NULL, NULL, NULL, NULL, '2026-06-13 03:03:22.779118', '2026-06-13 03:03:22.779118'),
('8', '1', '8', '6', '1', 't', NULL, NULL, NULL, NULL, NULL, '2026-06-13 03:03:22.779118', '2026-06-13 03:03:22.779118'),
('9', '1', '9', '6', '2', 't', NULL, NULL, NULL, NULL, NULL, '2026-06-13 03:03:22.779118', '2026-06-13 03:03:22.779118'),
('10', '1', '10', '7', '1', 't', NULL, NULL, NULL, NULL, NULL, '2026-06-13 03:03:22.779118', '2026-06-13 03:03:22.779118'),
('11', '1', '11', '7', '2', 't', NULL, NULL, NULL, NULL, NULL, '2026-06-13 03:03:22.779118', '2026-06-13 03:03:22.779118'),
('12', '1', '12', '7', '3', 't', NULL, NULL, NULL, NULL, NULL, '2026-06-13 03:03:22.779118', '2026-06-13 03:03:22.779118');

INSERT INTO "public"."attendance_statuses" ("id", "code", "description", "active", "created_at", "updated_at") VALUES
('1', 'present', 'Presente', 't', '2026-06-13 02:56:33.344484', '2026-06-13 02:56:33.344484'),
('2', 'absent', 'Ausente', 't', '2026-06-13 02:56:33.344484', '2026-06-13 02:56:33.344484'),
('3', 'injured', 'Lesionado', 't', '2026-06-13 02:56:33.344484', '2026-06-13 02:56:33.344484'),
('4', 'late', 'Llegó Tarde', 't', '2026-06-13 02:56:33.344484', '2026-06-13 02:56:33.344484'),
('5', 'excused', 'Justificado', 't', '2026-06-13 02:56:33.344484', '2026-06-13 02:56:33.344484'),
('6', 'sick', 'Enfermo', 't', '2026-06-13 02:56:33.344484', '2026-06-13 02:56:33.344484');

INSERT INTO "public"."training_session_types" ("id", "code", "description", "active", "created_at", "updated_at") VALUES
('1', 'training', 'Entrenamiento', 't', '2026-06-13 02:56:33.39592', '2026-06-13 02:56:33.39592'),
('2', 'physical', 'Preparación Física', 't', '2026-06-13 02:56:33.39592', '2026-06-13 02:56:33.39592'),
('3', 'skills', 'Destrezas', 't', '2026-06-13 02:56:33.39592', '2026-06-13 02:56:33.39592'),
('4', 'captains_run', 'Captain Run', 't', '2026-06-13 02:56:33.39592', '2026-06-13 02:56:33.39592'),
('5', 'video_review', 'Análisis de Video', 't', '2026-06-13 02:56:33.39592', '2026-06-13 02:56:33.39592'),
('6', 'match', 'Partido', 't', '2026-06-14 03:41:05.854272', '2026-06-14 03:41:05.854272');

INSERT INTO "public"."training_sessions" ("id", "team_id", "training_session_type_id", "session_date", "start_time", "end_time", "location", "description", "created_by", "updated_by", "created_at", "updated_at") VALUES
('1', '1', '1', '2026-02-18', NULL, NULL, NULL, 'Entrenamiento M13 2026', 'seed', NULL, '2026-06-14 00:08:28.140585', '2026-06-14 00:08:28.140585'),
('2', '1', '1', '2026-02-20', NULL, NULL, NULL, 'Entrenamiento M13 2026', 'seed', NULL, '2026-06-14 00:08:28.140585', '2026-06-14 00:08:28.140585'),
('3', '1', '1', '2026-02-23', NULL, NULL, NULL, 'Entrenamiento M13 2026', 'seed', NULL, '2026-06-14 00:08:28.140585', '2026-06-14 00:08:28.140585'),
('4', '1', '1', '2026-02-25', NULL, NULL, NULL, 'Entrenamiento M13 2026', 'seed', NULL, '2026-06-14 00:08:28.140585', '2026-06-14 00:08:28.140585'),
('5', '1', '1', '2026-02-28', NULL, NULL, NULL, 'Entrenamiento M13 2026', 'seed', NULL, '2026-06-14 00:08:28.140585', '2026-06-14 00:08:28.140585'),
('6', '1', '1', '2026-03-02', NULL, NULL, NULL, 'Entrenamiento M13 2026', 'seed', NULL, '2026-06-14 00:08:28.140585', '2026-06-14 00:08:28.140585'),
('7', '1', '1', '2026-03-04', NULL, NULL, NULL, 'Entrenamiento M13 2026', 'seed', NULL, '2026-06-14 00:08:28.140585', '2026-06-14 00:08:28.140585'),
('8', '1', '1', '2026-03-07', NULL, NULL, NULL, 'Entrenamiento M13 2026', 'seed', NULL, '2026-06-14 00:08:28.140585', '2026-06-14 00:08:28.140585'),
('9', '1', '1', '2026-03-09', NULL, NULL, NULL, 'Entrenamiento M13 2026', 'seed', NULL, '2026-06-14 00:08:28.140585', '2026-06-14 00:08:28.140585'),
('10', '1', '1', '2026-03-11', NULL, NULL, NULL, 'Entrenamiento M13 2026', 'seed', NULL, '2026-06-14 00:08:28.140585', '2026-06-14 00:08:28.140585'),
('11', '1', '1', '2026-03-14', NULL, NULL, NULL, 'Entrenamiento M13 2026', 'seed', NULL, '2026-06-14 00:08:28.140585', '2026-06-14 00:08:28.140585'),
('12', '1', '1', '2026-03-16', NULL, NULL, NULL, 'Entrenamiento M13 2026', 'seed', NULL, '2026-06-14 00:08:28.140585', '2026-06-14 00:08:28.140585'),
('13', '1', '1', '2026-03-18', NULL, NULL, NULL, 'Entrenamiento M13 2026', 'seed', NULL, '2026-06-14 00:08:28.140585', '2026-06-14 00:08:28.140585'),
('14', '1', '1', '2026-03-21', NULL, NULL, NULL, 'Entrenamiento M13 2026', 'seed', NULL, '2026-06-14 00:08:28.140585', '2026-06-14 00:08:28.140585'),
('15', '1', '1', '2026-04-13', NULL, NULL, NULL, 'Entrenamiento M13 2026', 'seed', NULL, '2026-06-14 00:08:28.140585', '2026-06-14 00:08:28.140585'),
('16', '1', '1', '2026-04-15', NULL, NULL, NULL, 'Entrenamiento M13 2026', 'seed', NULL, '2026-06-14 00:08:28.140585', '2026-06-14 00:08:28.140585'),
('17', '1', '1', '2026-04-18', NULL, NULL, NULL, 'Entrenamiento M13 2026', 'seed', NULL, '2026-06-14 00:08:28.140585', '2026-06-14 00:08:28.140585'),
('18', '1', '1', '2026-04-22', NULL, NULL, NULL, 'Entrenamiento M13 2026', 'seed', NULL, '2026-06-14 00:08:28.140585', '2026-06-14 00:08:28.140585'),
('19', '1', '1', '2026-04-24', NULL, NULL, NULL, 'Entrenamiento M13 2026', 'seed', NULL, '2026-06-14 00:08:28.140585', '2026-06-14 00:08:28.140585'),
('20', '1', '1', '2026-04-27', NULL, NULL, NULL, 'Entrenamiento M13 2026', 'seed', NULL, '2026-06-14 00:08:28.140585', '2026-06-14 00:08:28.140585'),
('21', '1', '1', '2026-04-29', NULL, NULL, NULL, 'Entrenamiento M13 2026', 'seed', NULL, '2026-06-14 00:08:28.140585', '2026-06-14 00:08:28.140585'),
('22', '1', '1', '2026-05-04', NULL, NULL, NULL, 'Entrenamiento M13 2026', 'seed', NULL, '2026-06-14 00:08:28.140585', '2026-06-14 00:08:28.140585'),
('23', '1', '1', '2026-05-06', NULL, NULL, NULL, 'Entrenamiento M13 2026', 'seed', NULL, '2026-06-14 00:08:28.140585', '2026-06-14 00:08:28.140585'),
('24', '1', '1', '2026-05-08', NULL, NULL, NULL, 'Entrenamiento M13 2026', 'seed', NULL, '2026-06-14 00:08:28.140585', '2026-06-14 00:08:28.140585'),
('25', '1', '1', '2026-05-09', NULL, NULL, NULL, 'Entrenamiento M13 2026', 'seed', NULL, '2026-06-14 00:08:28.140585', '2026-06-14 00:08:28.140585'),
('26', '1', '1', '2026-05-10', NULL, NULL, NULL, 'Entrenamiento M13 2026', 'seed', NULL, '2026-06-14 00:08:28.140585', '2026-06-14 00:08:28.140585'),
('27', '1', '1', '2026-05-13', NULL, NULL, NULL, 'Entrenamiento M13 2026', 'seed', NULL, '2026-06-14 00:08:28.140585', '2026-06-14 00:08:28.140585'),
('28', '1', '1', '2026-05-16', NULL, NULL, NULL, 'Entrenamiento M13 2026', 'seed', NULL, '2026-06-14 00:08:28.140585', '2026-06-14 00:08:28.140585'),
('29', '1', '1', '2026-05-17', NULL, NULL, NULL, 'Entrenamiento M13 2026', 'seed', NULL, '2026-06-14 00:08:28.140585', '2026-06-14 00:08:28.140585'),
('30', '1', '1', '2026-05-20', NULL, NULL, NULL, 'Entrenamiento M13 2026', 'seed', NULL, '2026-06-14 00:08:28.140585', '2026-06-14 00:08:28.140585'),
('31', '1', '1', '2026-05-27', NULL, NULL, NULL, 'Entrenamiento M13 2026', 'seed', NULL, '2026-06-14 00:08:28.140585', '2026-06-14 00:08:28.140585'),
('32', '1', '1', '2026-05-30', NULL, NULL, NULL, 'Entrenamiento M13 2026', 'seed', NULL, '2026-06-14 00:08:28.140585', '2026-06-14 00:08:28.140585'),
('33', '1', '1', '2026-06-01', NULL, NULL, NULL, 'Entrenamiento M13 2026', 'seed', NULL, '2026-06-14 00:08:28.140585', '2026-06-14 00:08:28.140585'),
('34', '1', '1', '2026-06-03', NULL, NULL, NULL, 'Entrenamiento M13 2026', 'seed', NULL, '2026-06-14 00:08:28.140585', '2026-06-14 00:08:28.140585'),
('35', '1', '1', '2026-06-06', NULL, NULL, NULL, 'Entrenamiento M13 2026', 'seed', NULL, '2026-06-14 00:08:28.140585', '2026-06-14 00:08:28.140585'),
('36', '1', '1', '2026-06-08', NULL, NULL, NULL, 'Entrenamiento M13 2026', 'seed', NULL, '2026-06-14 00:08:28.140585', '2026-06-14 00:08:28.140585'),
('37', '1', '1', '2026-06-10', NULL, NULL, NULL, 'Entrenamiento M13 2026', 'seed', NULL, '2026-06-14 00:08:28.140585', '2026-06-14 00:08:28.140585');
